SHA-1,仓库对象路径,字节大小,类型,Java1.20.1逻辑路径,Java1.20.1 Sound Event,解析状态
000c82756fd54e40cb236199f2b479629d0aca2f,00/000c82756fd54e40cb236199f2b479629d0aca2f,8565,ogg,minecraft/sounds/mob/skeleton/step3.ogg,entity.skeleton.step,已由Minecraft Java 1.20.1 asset index解析
0013485e9449e914908ca89a8dc1369eff037a26,00/0013485e9449e914908ca89a8dc1369eff037a26,16202,ogg,minecraft/sounds/block/cherrywood_trapdoor/toggle1.ogg,block.cherry_wood_trapdoor.close;block.cherry_wood_trapdoor.open,已由Minecraft Java 1.20.1 asset index解析
0027d19bb0cd9c914d3ac148aeee6316d9786341,00/0027d19bb0cd9c914d3ac148aeee6316d9786341,17235,ogg,minecraft/sounds/block/powder_snow/break5.ogg,block.powder_snow.break;block.powder_snow.place,已由Minecraft Java 1.20.1 asset index解析
00340157e51d29fdeba7258fd880780f766d77dc,00/00340157e51d29fdeba7258fd880780f766d77dc,15539,ogg,minecraft/sounds/block/tuff/break3.ogg,block.tuff.break;block.tuff.place,已由Minecraft Java 1.20.1 asset index解析
003409183ca2b8a8a140bfeb6390d1a9edc8c88b,00/003409183ca2b8a8a140bfeb6390d1a9edc8c88b,5278,ogg,minecraft/sounds/block/iron_trapdoor/close2.ogg,block.iron_trapdoor.close,已由Minecraft Java 1.20.1 asset index解析
006dada2a21571fc27e6a3781a8c245ea2f0a7fc,00/006dada2a21571fc27e6a3781a8c245ea2f0a7fc,14068,ogg,minecraft/sounds/block/candle/ambient6.ogg,block.candle.ambient,已由Minecraft Java 1.20.1 asset index解析
0076a7bdf840e166559cd82e8f58e633c59382ea,00/0076a7bdf840e166559cd82e8f58e633c59382ea,21903,ogg,minecraft/sounds/item/plant/crop2.ogg,item.crop.plant,已由Minecraft Java 1.20.1 asset index解析
007a96cf5c6585babb020381a1075912df2279f4,00/007a96cf5c6585babb020381a1075912df2279f4,22727,ogg,minecraft/sounds/block/netherwart/step1.ogg,block.wart_block.fall;block.wart_block.hit;block.wart_block.step,已由Minecraft Java 1.20.1 asset index解析
007f04ca456cfc7c0e877352f01a7aa77dff636c,00/007f04ca456cfc7c0e877352f01a7aa77dff636c,7127,ogg,minecraft/sounds/mob/polarbear/step1.ogg,entity.polar_bear.step,已由Minecraft Java 1.20.1 asset index解析
0084f65e6832508990fb3dbf010daded53538c03,00/0084f65e6832508990fb3dbf010daded53538c03,29155,ogg,,,未在Java 1.20.1 asset index中解析（可能来自其他版本/历史缓存）
0087759fe01bdfad15071766d42a264aa0aafedd,00/0087759fe01bdfad15071766d42a264aa0aafedd,20170,ogg,minecraft/sounds/mob/turtle/hurt1.ogg,entity.turtle.hurt,已由Minecraft Java 1.20.1 asset index解析
00b38fae5d28d99514a3e73a913af16359b12b7a,00/00b38fae5d28d99514a3e73a913af16359b12b7a,7356,ogg,minecraft/sounds/mob/blaze/hit2.ogg,entity.blaze.hurt,已由Minecraft Java 1.20.1 asset index解析
00b9b316015118f4b9be09e02bca0859519cd0aa,00/00b9b316015118f4b9be09e02bca0859519cd0aa,14535,ogg,minecraft/sounds/block/sculk/charge2.ogg,block.sculk.charge,已由Minecraft Java 1.20.1 asset index解析
00c4daa73f67f90bb994c0009dd35d02a3c413b4,00/00c4daa73f67f90bb994c0009dd35d02a3c413b4,15824,ogg,minecraft/sounds/block/netherite/break2.ogg,block.netherite_block.break;block.netherite_block.place,已由Minecraft Java 1.20.1 asset index解析
00e06362a31ad7094e452c5bcea837b061825cb0,00/00e06362a31ad7094e452c5bcea837b061825cb0,7931,ogg,minecraft/sounds/mob/slime/big2.ogg,block.slime_block.break;block.slime_block.place;entity.magma_cube.death;entity.magma_cube.hurt;entity.parrot.imitate.slime;entity.slime.death;entity.slime.hurt;entity.slime.jump;entity.slime.squish,已由Minecraft Java 1.20.1 asset index解析
0113fbf3e047f4fa4ef680ae7781326427e30f02,01/0113fbf3e047f4fa4ef680ae7781326427e30f02,19182,ogg,minecraft/sounds/entity/pufferfish/hurt2.ogg,entity.puffer_fish.hurt,已由Minecraft Java 1.20.1 asset index解析
0126c686db6b87431d9a9b31dbafc31af8f6a716,01/0126c686db6b87431d9a9b31dbafc31af8f6a716,46003,ogg,minecraft/sounds/block/conduit/short4.ogg,block.conduit.ambient.short,已由Minecraft Java 1.20.1 asset index解析
0130bd76ebc1d41f720c6c05762eedd08d6a57ad,01/0130bd76ebc1d41f720c6c05762eedd08d6a57ad,12936,ogg,minecraft/sounds/block/cave_vines/break2.ogg,block.cave_vines.break;block.cave_vines.place,已由Minecraft Java 1.20.1 asset index解析
013b1518d41176f1884ef17944104a8473d408ce,01/013b1518d41176f1884ef17944104a8473d408ce,28425,ogg,minecraft/sounds/block/honeyblock/slide2.ogg,block.honey_block.slide,已由Minecraft Java 1.20.1 asset index解析
01564e4a93458fdc78544743528f31bd0ee1335e,01/01564e4a93458fdc78544743528f31bd0ee1335e,664321,png,realms/textures/gui/images/3.png,,已由Minecraft Java 1.20.1 asset index解析
0156e36974e29237c045e77040088235f47e1841,01/0156e36974e29237c045e77040088235f47e1841,39060,ogg,minecraft/sounds/entity/glow_squid/hurt2.ogg,entity.glow_squid.hurt,已由Minecraft Java 1.20.1 asset index解析
015b9554db0e167ba36154c5a1f7d4f9e8f95e29,01/015b9554db0e167ba36154c5a1f7d4f9e8f95e29,8746,ogg,minecraft/sounds/mob/parrot/fly3.ogg,entity.parrot.fly,已由Minecraft Java 1.20.1 asset index解析
015f37d3f2adec2f62dfea46fa1cb9dc1262900d,01/015f37d3f2adec2f62dfea46fa1cb9dc1262900d,23058,ogg,minecraft/sounds/block/powder_snow/step7.ogg,block.powder_snow.fall;block.powder_snow.hit;block.powder_snow.step,已由Minecraft Java 1.20.1 asset index解析
0161e1249adc4244fe3a83675d2b9533209948f7,01/0161e1249adc4244fe3a83675d2b9533209948f7,5763,ogg,minecraft/sounds/item/shield/block5.ogg,item.shield.block,已由Minecraft Java 1.20.1 asset index解析
01644fe4c50b2ac1c68897171d483bd9ef8bb482,01/01644fe4c50b2ac1c68897171d483bd9ef8bb482,18474,ogg,,,未在Java 1.20.1 asset index中解析（可能来自其他版本/历史缓存）
01699b3becf01306b755f36b5f2a457738c334e5,01/01699b3becf01306b755f36b5f2a457738c334e5,573720,json/text,,,未在Java 1.20.1 asset index中解析；本对象不是已识别OGG音频
01b151d31f674044b1c5cd455d00eb4e481ac686,01/01b151d31f674044b1c5cd455d00eb4e481ac686,14758,ogg,minecraft/sounds/block/cherry_wood_hanging_sign/break3.ogg,block.cherry_wood_hanging_sign.break;block.cherry_wood_hanging_sign.place,已由Minecraft Java 1.20.1 asset index解析
01b562613c6fb2500fd94ac821912ce82c4e7d83,01/01b562613c6fb2500fd94ac821912ce82c4e7d83,42077,ogg,,,未在Java 1.20.1 asset index中解析（可能来自其他版本/历史缓存）
01c5ba2d1645698cc2f6e462982bd4513a3e0d93,01/01c5ba2d1645698cc2f6e462982bd4513a3e0d93,13570,ogg,minecraft/sounds/block/bamboo/sapling_place1.ogg,block.bamboo_sapling.break;block.bamboo_sapling.place;block.cherry_sapling.break;block.cherry_sapling.place;block.crop.break,已由Minecraft Java 1.20.1 asset index解析
01d108e23f5c3a0b6905de56c0389d84602cd6f9,01/01d108e23f5c3a0b6905de56c0389d84602cd6f9,17188,ogg,minecraft/sounds/block/moss/step3.ogg,block.moss.fall;block.moss.hit;block.moss.step;block.moss_carpet.fall;block.moss_carpet.hit;block.moss_carpet.step,已由Minecraft Java 1.20.1 asset index解析
01db5c538d2de459f02047208bebf00e6a085ef9,01/01db5c538d2de459f02047208bebf00e6a085ef9,18333,ogg,minecraft/sounds/mob/turtle/hurt5.ogg,entity.turtle.hurt,已由Minecraft Java 1.20.1 asset index解析
01e7eb96475342f7418a19c2a274632bdea17d98,01/01e7eb96475342f7418a19c2a274632bdea17d98,9181,ogg,,,未在Java 1.20.1 asset index中解析（可能来自其他版本/历史缓存）
01fc32d87db50d42e67519529c9e5b911652fcc7,01/01fc32d87db50d42e67519529c9e5b911652fcc7,14305,ogg,minecraft/sounds/block/candle/ambient1.ogg,block.candle.ambient,已由Minecraft Java 1.20.1 asset index解析
01fedceeef03d06f3f419b371c0dfa6e1dca0939,01/01fedceeef03d06f3f419b371c0dfa6e1dca0939,41799,ogg,minecraft/sounds/mob/fox/sleep4.ogg,entity.fox.sleep,已由Minecraft Java 1.20.1 asset index解析
02073c284f025653e55f9cde25a4a62723d395fa,02/02073c284f025653e55f9cde25a4a62723d395fa,8909,ogg,minecraft/sounds/mob/ghast/moan2.ogg,entity.ghast.ambient;entity.parrot.imitate.ghast,已由Minecraft Java 1.20.1 asset index解析
0208597870daf05e8bde08d4aac04989c9ebedf2,02/0208597870daf05e8bde08d4aac04989c9ebedf2,7612,ogg,minecraft/sounds/block/iron_door/open2.ogg,block.iron_door.open,已由Minecraft Java 1.20.1 asset index解析
02219a4525e2276a2cf78e5ec6b7e141db1e0d4e,02/02219a4525e2276a2cf78e5ec6b7e141db1e0d4e,92888,ogg,minecraft/sounds/mob/cat/purr3.ogg,entity.cat.purr,已由Minecraft Java 1.20.1 asset index解析
0221ca291fe1fa9c255c26226636cf0ad50b453f,02/0221ca291fe1fa9c255c26226636cf0ad50b453f,23914,ogg,minecraft/sounds/mob/panda/death3.ogg,entity.panda.death,已由Minecraft Java 1.20.1 asset index解析
0252ca6b7a26ceeda651242010cf3a98a59b6e5f,02/0252ca6b7a26ceeda651242010cf3a98a59b6e5f,15439,ogg,minecraft/sounds/block/spore_blossom/break5.ogg,block.spore_blossom.break;block.spore_blossom.place,已由Minecraft Java 1.20.1 asset index解析
029d146dc4bf75c80ff0cec2dfb361c7d124dcd8,02/029d146dc4bf75c80ff0cec2dfb361c7d124dcd8,577101,json/text,,,未在Java 1.20.1 asset index中解析；本对象不是已识别OGG音频
02bd11acbb9717286afd8cd5e2042da90ed21998,02/02bd11acbb9717286afd8cd5e2042da90ed21998,20746,ogg,minecraft/sounds/mob/axolotl/death1.ogg,entity.axolotl.death,已由Minecraft Java 1.20.1 asset index解析
02e04a1bba845ed4b3c0d006ebffc894c3588604,02/02e04a1bba845ed4b3c0d006ebffc894c3588604,183867,ogg,minecraft/sounds/ambient/nether/basalt_deltas/active2.ogg,,已由Minecraft Java 1.20.1 asset index解析
02e77c97360b82170ee58723ac2519fcd79b821e,02/02e77c97360b82170ee58723ac2519fcd79b821e,5239,ogg,minecraft/sounds/entity/shulker/open5.ogg,entity.shulker.open,已由Minecraft Java 1.20.1 asset index解析
03063be15a77cc3f6815ec98090e351178190b33,03/03063be15a77cc3f6815ec98090e351178190b33,7394,ogg,minecraft/sounds/mob/cow/step4.ogg,entity.cow.step,已由Minecraft Java 1.20.1 asset index解析
030a3d36cccac21197db2ec078f96cbc2caa1311,03/030a3d36cccac21197db2ec078f96cbc2caa1311,12877,ogg,minecraft/sounds/block/brewing_stand/brew2.ogg,block.brewing_stand.brew;entity.villager.work_cleric,已由Minecraft Java 1.20.1 asset index解析
030a7bf5b32c5b3f821adb35b7601705a45d8420,03/030a7bf5b32c5b3f821adb35b7601705a45d8420,12618,ogg,minecraft/sounds/note/bit.ogg,block.note_block.bit,已由Minecraft Java 1.20.1 asset index解析
03252f780f1e85ac6202567fca515f7afebc9cf0,03/03252f780f1e85ac6202567fca515f7afebc9cf0,18672,ogg,minecraft/sounds/mob/zoglin/hurt2.ogg,entity.zoglin.hurt,已由Minecraft Java 1.20.1 asset index解析
032893949d88ab82fc1f69f9c4ea14d83d05387e,03/032893949d88ab82fc1f69f9c4ea14d83d05387e,14006,ogg,minecraft/sounds/entity/boat/paddle_water5.ogg,entity.boat.paddle_water,已由Minecraft Java 1.20.1 asset index解析
0331eec018c422631e6cb00960eea3e2c5c6e559,03/0331eec018c422631e6cb00960eea3e2c5c6e559,5110,ogg,minecraft/sounds/entity/shulker/open2.ogg,entity.shulker.open,已由Minecraft Java 1.20.1 asset index解析
0349ce87fe856ddf8fdd94a559bb29061b002b6c,03/0349ce87fe856ddf8fdd94a559bb29061b002b6c,5789,ogg,minecraft/sounds/mob/zombified_piglin/zpigangry2.ogg,entity.zombified_piglin.angry,已由Minecraft Java 1.20.1 asset index解析
0350aeae0132a9a0b08532250861fbe2208d9f78,03/0350aeae0132a9a0b08532250861fbe2208d9f78,14777,ogg,minecraft/sounds/block/sculk_sensor/sculk_clicking4.ogg;minecraft/sounds/mob/warden/tendril_clicks_4.ogg,block.sculk_sensor.clicking;entity.parrot.imitate.warden;entity.warden.tendril_clicks,已由Minecraft Java 1.20.1 asset index解析
0350e909da2d06ff930e61307f019e029d7dff0f,03/0350e909da2d06ff930e61307f019e029d7dff0f,23215,ogg,minecraft/sounds/mob/dolphin/eat2.ogg,entity.dolphin.eat,已由Minecraft Java 1.20.1 asset index解析
035df7547acd8451e76b4f26fc01db3baeb6d006,03/035df7547acd8451e76b4f26fc01db3baeb6d006,19389,ogg,minecraft/sounds/block/grindstone/grindstone1.ogg,block.grindstone.use;entity.villager.work_weaponsmith,已由Minecraft Java 1.20.1 asset index解析
035f6962f2204b3b7d7cb9c3f17f8df1141cb9c1,03/035f6962f2204b3b7d7cb9c3f17f8df1141cb9c1,21122,ogg,minecraft/sounds/mob/panda/eat1.ogg,entity.panda.eat,已由Minecraft Java 1.20.1 asset index解析
0369a1236a4b9ca219fd3ad7d19d0b5237510b1e,03/0369a1236a4b9ca219fd3ad7d19d0b5237510b1e,13252,ogg,minecraft/sounds/random/bowhit3.ogg,block.tripwire.detach;entity.arrow.hit;item.crossbow.hit,已由Minecraft Java 1.20.1 asset index解析
036b84d1cb5abfe2bfea879522a7612e1e383027,03/036b84d1cb5abfe2bfea879522a7612e1e383027,8156,ogg,minecraft/sounds/mob/parrot/fly1.ogg,entity.parrot.fly,已由Minecraft Java 1.20.1 asset index解析
037b9fb7f74381f354739d015193dc4a6897f620,03/037b9fb7f74381f354739d015193dc4a6897f620,5574,ogg,minecraft/sounds/note/bassattack.ogg,block.note_block.bass,已由Minecraft Java 1.20.1 asset index解析
038aed8ef08d5f6eb01712b843cb5e128463efe1,03/038aed8ef08d5f6eb01712b843cb5e128463efe1,19481,ogg,minecraft/sounds/block/nether_bricks/break4.ogg,block.nether_bricks.break;block.nether_bricks.place,已由Minecraft Java 1.20.1 asset index解析
0390dc9708e60e1cb542d702fc5451ef214eb5ac,03/0390dc9708e60e1cb542d702fc5451ef214eb5ac,49453,ogg,minecraft/sounds/mob/camel/sit2.ogg,entity.camel.sit,已由Minecraft Java 1.20.1 asset index解析
03a24c75b99277a4856e39b0cf99006c66b0119f,03/03a24c75b99277a4856e39b0cf99006c66b0119f,35041,ogg,minecraft/sounds/mob/wandering_trader/reappeared1.ogg,entity.wandering_trader.reappeared,已由Minecraft Java 1.20.1 asset index解析
03a9d41d398c7f8f0314a856982c94901279474d,03/03a9d41d398c7f8f0314a856982c94901279474d,24966,ogg,minecraft/sounds/block/bamboo_wood_door/toggle1.ogg,block.bamboo_wood_door.close;block.bamboo_wood_door.open,已由Minecraft Java 1.20.1 asset index解析
03aba7c7a204507cbf56132cb04d36fcc3736e30,03/03aba7c7a204507cbf56132cb04d36fcc3736e30,24196,ogg,minecraft/sounds/mob/horse/skeleton/water/gallop4.ogg,entity.skeleton_horse.gallop_water,已由Minecraft Java 1.20.1 asset index解析
03c93b66376d940531b9dab0a938987766a971d9,03/03c93b66376d940531b9dab0a938987766a971d9,42964,ogg,minecraft/sounds/ambient/nether/nether_wastes/mood5.ogg,ambient.basalt_deltas.mood;ambient.nether_wastes.mood,已由Minecraft Java 1.20.1 asset index解析
03f59217fa2f8ca8820b1ee13187cedfd42d86ce,03/03f59217fa2f8ca8820b1ee13187cedfd42d86ce,29370,ogg,minecraft/sounds/mob/axolotl/idle2.ogg,entity.axolotl.idle_water,已由Minecraft Java 1.20.1 asset index解析
041f0695d89cb8ae810e6fa8c968828c7b6f14f2,04/041f0695d89cb8ae810e6fa8c968828c7b6f14f2,16504,ogg,minecraft/sounds/block/bamboo_wood_trapdoor/toggle3.ogg,block.bamboo_wood_trapdoor.close;block.bamboo_wood_trapdoor.open,已由Minecraft Java 1.20.1 asset index解析
04347dfff4ea5df00011f69bf793af2ae39dcdcd,04/04347dfff4ea5df00011f69bf793af2ae39dcdcd,27161,ogg,minecraft/sounds/block/suspicious_gravel/break4.ogg,block.suspicious_gravel.break,已由Minecraft Java 1.20.1 asset index解析
045fb18cd4b3481dea67e008a34e688fff8afc98,04/045fb18cd4b3481dea67e008a34e688fff8afc98,37295,ogg,minecraft/sounds/mob/warden/step_4.ogg,entity.warden.step,已由Minecraft Java 1.20.1 asset index解析
046116cb8bae23fb9ccd08664bea0ea1e6fa5b8c,04/046116cb8bae23fb9ccd08664bea0ea1e6fa5b8c,10553,ogg,,,未在Java 1.20.1 asset index中解析（可能来自其他版本/历史缓存）
04933f2f39e339e7ba0db0c21812cb9ff9bdce8c,04/04933f2f39e339e7ba0db0c21812cb9ff9bdce8c,8461,ogg,minecraft/sounds/mob/guardian/elder_hit1.ogg,entity.elder_guardian.hurt,已由Minecraft Java 1.20.1 asset index解析
049a3049a5ac8631a6c5f367b7d824fc0d8de39b,04/049a3049a5ac8631a6c5f367b7d824fc0d8de39b,26384,ogg,minecraft/sounds/mob/enderdragon/growl1.ogg,block.note_block.imitate.ender_dragon;entity.ender_dragon.ambient;entity.ender_dragon.growl;entity.parrot.imitate.ender_dragon,已由Minecraft Java 1.20.1 asset index解析
049c50db518e53da75d26ee8554adf0d62c2995a,04/049c50db518e53da75d26ee8554adf0d62c2995a,18235,ogg,minecraft/sounds/block/suspicious_gravel/place4.ogg,block.suspicious_gravel.place,已由Minecraft Java 1.20.1 asset index解析
049e77e98d26b42cb05252cceb5270c466ab2c81,04/049e77e98d26b42cb05252cceb5270c466ab2c81,40781,ogg,minecraft/sounds/mob/allay/item_taken2.ogg,entity.allay.item_taken,已由Minecraft Java 1.20.1 asset index解析
04bd48c4bdef83ca5d1cf04f121ebfea0d8ccc64,04/04bd48c4bdef83ca5d1cf04f121ebfea0d8ccc64,575108,json/text,,,未在Java 1.20.1 asset index中解析；本对象不是已识别OGG音频
04c43a7a9b7883538080f84bf5b4bcba0c8b9f8a,04/04c43a7a9b7883538080f84bf5b4bcba0c8b9f8a,143147,ogg,minecraft/sounds/ambient/nether/warped_forest/creak3.ogg,ambient.warped_forest.mood,已由Minecraft Java 1.20.1 asset index解析
04d00bc852751498fad759fe473fef917b51c55d,04/04d00bc852751498fad759fe473fef917b51c55d,29106,ogg,minecraft/sounds/mob/drowned/step3.ogg,entity.drowned.step,已由Minecraft Java 1.20.1 asset index解析
04d181f5f4d61d2215175a1e63e7caaf9b624ab2,04/04d181f5f4d61d2215175a1e63e7caaf9b624ab2,6573,ogg,minecraft/sounds/mob/vindication_illager/hurt2.ogg,entity.vindicator.hurt,已由Minecraft Java 1.20.1 asset index解析
04e72237ecdc6189492ba0f7ac51b8d2bb04feea,04/04e72237ecdc6189492ba0f7ac51b8d2bb04feea,22104,ogg,minecraft/sounds/block/nether_wood_door/toggle3.ogg,block.nether_wood_door.close;block.nether_wood_door.open,已由Minecraft Java 1.20.1 asset index解析
04fc1df879b3e9e0edf03bce26f8a285d412d0fc,04/04fc1df879b3e9e0edf03bce26f8a285d412d0fc,17001,ogg,minecraft/sounds/block/big_dripleaf/step1.ogg,block.big_dripleaf.fall;block.big_dripleaf.hit;block.big_dripleaf.step;block.small_dripleaf.fall;block.small_dripleaf.hit;block.small_dripleaf.step,已由Minecraft Java 1.20.1 asset index解析
050ee8116a49e7788e4191a22417b59b4eba8456,05/050ee8116a49e7788e4191a22417b59b4eba8456,15123,ogg,minecraft/sounds/block/pointed_dripstone/drip_lava4.ogg,block.pointed_dripstone.drip_lava,已由Minecraft Java 1.20.1 asset index解析
051771e490ab3e8bad5fd8efd92ff9ec712d0330,05/051771e490ab3e8bad5fd8efd92ff9ec712d0330,20653,ogg,minecraft/sounds/item/brush/brushing_gravel2.ogg,item.brush.brushing.gravel,已由Minecraft Java 1.20.1 asset index解析
0548e05cd3847e6d002e50a3ec4bf7735d9aa116,05/0548e05cd3847e6d002e50a3ec4bf7735d9aa116,584227,json/text,,,未在Java 1.20.1 asset index中解析；本对象不是已识别OGG音频
05568b990472f6921f03f9142b0042fbc343d406,05/05568b990472f6921f03f9142b0042fbc343d406,6695,ogg,minecraft/sounds/block/packed_mud/step6.ogg,block.packed_mud.fall;block.packed_mud.hit;block.packed_mud.step,已由Minecraft Java 1.20.1 asset index解析
0556f8b2dc424e7368b4ab9f8a315aa26982e3fc,05/0556f8b2dc424e7368b4ab9f8a315aa26982e3fc,7428,ogg,minecraft/sounds/entity/player/attack/knockback2.ogg,entity.player.attack.knockback,已由Minecraft Java 1.20.1 asset index解析
055a6b9cd0c8c8df2b7c5b2888101955563b7571,05/055a6b9cd0c8c8df2b7c5b2888101955563b7571,589146,json/text,,,未在Java 1.20.1 asset index中解析；本对象不是已识别OGG音频
05637f0776bdc29d678b0da8f2d735eba4906111,05/05637f0776bdc29d678b0da8f2d735eba4906111,19218,ogg,minecraft/sounds/block/muddy_mangrove_roots/step2.ogg,block.muddy_mangrove_roots.fall;block.muddy_mangrove_roots.hit;block.muddy_mangrove_roots.step,已由Minecraft Java 1.20.1 asset index解析
056393a33a9633685c3dc3be2887f5cbd7dbc63f,05/056393a33a9633685c3dc3be2887f5cbd7dbc63f,7779,ogg,minecraft/sounds/random/chestclosed.ogg,,已由Minecraft Java 1.20.1 asset index解析
057ab504f5f407ecca355b4b79a0e1c1f75060cf,05/057ab504f5f407ecca355b4b79a0e1c1f75060cf,19864,ogg,minecraft/sounds/block/chain/step1.ogg,block.chain.fall;block.chain.hit;block.chain.step,已由Minecraft Java 1.20.1 asset index解析
058c46ac658ac3657b31d5395ecec39bf1146b39,05/058c46ac658ac3657b31d5395ecec39bf1146b39,23374,ogg,minecraft/sounds/mob/phantom/bite1.ogg,entity.phantom.bite,已由Minecraft Java 1.20.1 asset index解析
058d2ec4e9346fb833357c84b45b41428dcc608a,05/058d2ec4e9346fb833357c84b45b41428dcc608a,47848,ogg,minecraft/sounds/mob/camel/dash4.ogg,entity.camel.dash,已由Minecraft Java 1.20.1 asset index解析
05baaf5ed0cbdab08292b3962e1b1385e13b9dba,05/05baaf5ed0cbdab08292b3962e1b1385e13b9dba,5285,ogg,minecraft/sounds/mob/pig/step1.ogg,entity.pig.step,已由Minecraft Java 1.20.1 asset index解析
05bb8272e6d747d0f94025d4078c2649a889c877,05/05bb8272e6d747d0f94025d4078c2649a889c877,60076,ogg,minecraft/sounds/ambient/underwater/additions/driplets2.ogg,ambient.underwater.loop.additions.rare,已由Minecraft Java 1.20.1 asset index解析
05f429069e65d78f7e6609d070a3f294cc3128ab,05/05f429069e65d78f7e6609d070a3f294cc3128ab,13330,ogg,minecraft/sounds/mob/cow/say3.ogg,entity.cow.ambient,已由Minecraft Java 1.20.1 asset index解析
0609325e1813f45bf6ba112172faa174f277c2ad,06/0609325e1813f45bf6ba112172faa174f277c2ad,28955,ogg,minecraft/sounds/block/shroomlight/step6.ogg,block.shroomlight.fall;block.shroomlight.hit;block.shroomlight.step,已由Minecraft Java 1.20.1 asset index解析
062fe49c03cb07421dd90819cd200dd4d490a11e,06/062fe49c03cb07421dd90819cd200dd4d490a11e,33366,ogg,minecraft/sounds/block/sculk_vein/break5.ogg,block.sculk_vein.break;block.sculk_vein.place,已由Minecraft Java 1.20.1 asset index解析
065a6eea7962b091faccbaffad8d34f9394779d3,06/065a6eea7962b091faccbaffad8d34f9394779d3,21062,ogg,minecraft/sounds/block/bamboo_wood/step3.ogg,block.bamboo_wood.fall;block.bamboo_wood.hit;block.bamboo_wood.step,已由Minecraft Java 1.20.1 asset index解析
0671f582b7c77b8cd33e82f8fdd6d1e95a7f6fb8,06/0671f582b7c77b8cd33e82f8fdd6d1e95a7f6fb8,18705,ogg,minecraft/sounds/mob/turtle/egg/jump_egg4.ogg,entity.zombie.destroy_egg,已由Minecraft Java 1.20.1 asset index解析
067fbe48fa274cd3c3e4066bfdee2841f095defb,06/067fbe48fa274cd3c3e4066bfdee2841f095defb,55826,ogg,minecraft/sounds/mob/warden/listening_angry_1.ogg,entity.warden.listening_angry,已由Minecraft Java 1.20.1 asset index解析
068150649374a1d09acd5367c9d766e3e3348359,06/068150649374a1d09acd5367c9d766e3e3348359,44368,ogg,minecraft/sounds/mob/allay/idle_with_item3.ogg,entity.allay.ambient_with_item,已由Minecraft Java 1.20.1 asset index解析
068cfc91284bf1472ee5c784b54211249e703c88,06/068cfc91284bf1472ee5c784b54211249e703c88,13752,ogg,minecraft/sounds/block/mud_bricks/break4.ogg,block.mud_bricks.break;block.mud_bricks.place,已由Minecraft Java 1.20.1 asset index解析
06ce29eac0d1426bd490afca4cb29d6ce91b8b42,06/06ce29eac0d1426bd490afca4cb29d6ce91b8b42,15303,ogg,minecraft/sounds/block/tuff/break2.ogg,block.tuff.break;block.tuff.place,已由Minecraft Java 1.20.1 asset index解析
06d087c7afeb3c26fe37cd38b247a7c91d2c58eb,06/06d087c7afeb3c26fe37cd38b247a7c91d2c58eb,34535,ogg,minecraft/sounds/mob/cat/hiss1.ogg,entity.cat.hiss,已由Minecraft Java 1.20.1 asset index解析
06dafda29984d98c81df8cd5edeca2e96599f1f4,06/06dafda29984d98c81df8cd5edeca2e96599f1f4,5218,ogg,minecraft/sounds/entity/itemframe/place3.ogg,entity.glow_item_frame.place;entity.item_frame.place,已由Minecraft Java 1.20.1 asset index解析
070f6bd78bcbf7a504a340870c713bfddbe030d6,07/070f6bd78bcbf7a504a340870c713bfddbe030d6,29990,ogg,minecraft/sounds/item/crossbow/loading_start.ogg,item.crossbow.loading_start,已由Minecraft Java 1.20.1 asset index解析
0714e023bd5b42e409b1aa12aee17376810282fe,07/0714e023bd5b42e409b1aa12aee17376810282fe,6371,ogg,minecraft/sounds/entity/shulker/hurt2.ogg,entity.shulker.hurt,已由Minecraft Java 1.20.1 asset index解析
072089b5c336cf62fc003f4b4a63c4740f4931df,07/072089b5c336cf62fc003f4b4a63c4740f4931df,22157,ogg,minecraft/sounds/ambient/weather/rain5.ogg,weather.rain,已由Minecraft Java 1.20.1 asset index解析
072397f08683ce80e7ab2511b19bbc8f4816f125,07/072397f08683ce80e7ab2511b19bbc8f4816f125,15128,ogg,minecraft/sounds/item/bottle/drink_honey1.ogg,item.honey_bottle.drink,已由Minecraft Java 1.20.1 asset index解析
07373cce0250d335443998231c8a9e3ef7531e9f,07/07373cce0250d335443998231c8a9e3ef7531e9f,13938,ogg,minecraft/sounds/block/chorus_flower/grow1.ogg,block.chorus_flower.grow,已由Minecraft Java 1.20.1 asset index解析
075d6480757c1595c5824fe3c88c3381b92d539d,07/075d6480757c1595c5824fe3c88c3381b92d539d,35245,ogg,minecraft/sounds/mob/phantom/death3.ogg,entity.phantom.death,已由Minecraft Java 1.20.1 asset index解析
075e1ea92d5564d7bdf267ae975044315a41a686,07/075e1ea92d5564d7bdf267ae975044315a41a686,7806,ogg,minecraft/sounds/mob/slime/attack1.ogg,entity.slime.attack,已由Minecraft Java 1.20.1 asset index解析
0760f75c8aca96e03e046c892e6b15276ee7991d,07/0760f75c8aca96e03e046c892e6b15276ee7991d,21844,ogg,minecraft/sounds/mob/fox/aggro2.ogg,entity.fox.aggro,已由Minecraft Java 1.20.1 asset index解析
078e5b192d732ebd9a5c2171782173e3ded20ace,07/078e5b192d732ebd9a5c2171782173e3ded20ace,78220,ogg,minecraft/sounds/ambient/nether/basalt_deltas/plode2.ogg,ambient.basalt_deltas.additions,已由Minecraft Java 1.20.1 asset index解析
0799c5f2fa436ea112c0e049d5aaa182d54caeb2,07/0799c5f2fa436ea112c0e049d5aaa182d54caeb2,43555,ogg,minecraft/sounds/block/conduit/short7.ogg,block.conduit.ambient.short,已由Minecraft Java 1.20.1 asset index解析
07d69fd16161ba727b9db53dd73a673f7c36cf49,07/07d69fd16161ba727b9db53dd73a673f7c36cf49,9532,ogg,minecraft/sounds/block/frogspawn/step2.ogg,block.frogspawn.fall;block.frogspawn.hit;block.frogspawn.step,已由Minecraft Java 1.20.1 asset index解析
07d8464e662f96bb3b899dd50274774fd5943e5a,07/07d8464e662f96bb3b899dd50274774fd5943e5a,16241,ogg,minecraft/sounds/block/cherry_wood/step3.ogg,block.cherry_wood.fall;block.cherry_wood.hit;block.cherry_wood.step,已由Minecraft Java 1.20.1 asset index解析
07f8691ee57050c62d6d1230c13f74f9fcad5dab,07/07f8691ee57050c62d6d1230c13f74f9fcad5dab,31178,ogg,,,未在Java 1.20.1 asset index中解析（可能来自其他版本/历史缓存）
08097e274026f60645970053264d62fc91018a97,08/08097e274026f60645970053264d62fc91018a97,54948,ogg,minecraft/sounds/ambient/nether/basalt_deltas/click7.ogg,ambient.basalt_deltas.additions,已由Minecraft Java 1.20.1 asset index解析
0811423a3fb1a8e53010b1d9a4994aa8a9fe714f,08/0811423a3fb1a8e53010b1d9a4994aa8a9fe714f,6948,ogg,minecraft/sounds/item/armor/equip_leather2.ogg,item.armor.equip_elytra;item.armor.equip_leather,已由Minecraft Java 1.20.1 asset index解析
081ace8eafec0b668fd5d164f2a91e9ce84b5d41,08/081ace8eafec0b668fd5d164f2a91e9ce84b5d41,340159,ogg,minecraft/sounds/ambient/nether/basalt_deltas/twist3.ogg,ambient.basalt_deltas.additions,已由Minecraft Java 1.20.1 asset index解析
08215b7317fc8545fd486dab84a77f62888e7fbe,08/08215b7317fc8545fd486dab84a77f62888e7fbe,69336,ogg,minecraft/sounds/mob/warden/sniff_4.ogg,entity.warden.sniff,已由Minecraft Java 1.20.1 asset index解析
083256ad8eede9ca7191b7667971070429d824cc,08/083256ad8eede9ca7191b7667971070429d824cc,12129,ogg,minecraft/sounds/mob/horse/skeleton/idle3.ogg,entity.skeleton_horse.ambient,已由Minecraft Java 1.20.1 asset index解析
085a6cd2e023877254d1118c403f39e556c003cb,08/085a6cd2e023877254d1118c403f39e556c003cb,8234,ogg,minecraft/sounds/entity/player/attack/knockback3.ogg,entity.player.attack.knockback,已由Minecraft Java 1.20.1 asset index解析
085fd0c4233a9a4a1db3a17bef69fc8a3146edbd,08/085fd0c4233a9a4a1db3a17bef69fc8a3146edbd,42940,ogg,minecraft/sounds/mob/ravager/idle6.ogg,entity.parrot.imitate.ravager;entity.ravager.ambient,已由Minecraft Java 1.20.1 asset index解析
08626fc2a337c28b5dfdafb6daa9ea31f9a70571,08/08626fc2a337c28b5dfdafb6daa9ea31f9a70571,8148,ogg,minecraft/sounds/entity/player/attack/knockback1.ogg,entity.player.attack.knockback,已由Minecraft Java 1.20.1 asset index解析
087d6af9866942cb656d183aedbfca17e102eb48,08/087d6af9866942cb656d183aedbfca17e102eb48,6198,ogg,minecraft/sounds/mob/parrot/eat2.ogg,entity.parrot.eat,已由Minecraft Java 1.20.1 asset index解析
08a63afa82b424db5ad217b0a861bcba419ab597,08/08a63afa82b424db5ad217b0a861bcba419ab597,18807,ogg,minecraft/sounds/mob/zombie_villager/say3.ogg,entity.parrot.imitate.zombie_villager;entity.zombie_villager.ambient,已由Minecraft Java 1.20.1 asset index解析
08b30f3df400bcaa7051872804891d924755270e,08/08b30f3df400bcaa7051872804891d924755270e,22401,ogg,minecraft/sounds/mob/cat/stray/idle2.ogg,entity.cat.stray_ambient,已由Minecraft Java 1.20.1 asset index解析
08b857951ccd88ebf0d67794786210bc0810f790,08/08b857951ccd88ebf0d67794786210bc0810f790,24686,ogg,minecraft/sounds/mob/goat/screaming_milk3.ogg,entity.goat.screaming.milk,已由Minecraft Java 1.20.1 asset index解析
08c69088600aee936eba5fbbf663fb03b7634a79,08/08c69088600aee936eba5fbbf663fb03b7634a79,37202,ogg,minecraft/sounds/mob/sniffer/happy1.ogg,entity.sniffer.happy,已由Minecraft Java 1.20.1 asset index解析
08ca7e2dd2c9c9fcdcb57429c26915d273415757,08/08ca7e2dd2c9c9fcdcb57429c26915d273415757,95363,ogg,minecraft/sounds/mob/warden/roar_4.ogg,entity.warden.roar,已由Minecraft Java 1.20.1 asset index解析
08d3912d571693d82692458132d4de59928f16d6,08/08d3912d571693d82692458132d4de59928f16d6,4920,ogg,minecraft/sounds/entity/painting/place4.ogg,entity.painting.place,已由Minecraft Java 1.20.1 asset index解析
08f4163bcc82acd2bec812652bb769e572c611d7,08/08f4163bcc82acd2bec812652bb769e572c611d7,61776,ogg,minecraft/sounds/mob/warden/ambient_1.ogg,entity.warden.ambient,已由Minecraft Java 1.20.1 asset index解析
09032eac266ed23615fdd565c05422b9dfd1a355,09/09032eac266ed23615fdd565c05422b9dfd1a355,22245,ogg,minecraft/sounds/item/trident/pierce3.ogg,item.trident.hit,已由Minecraft Java 1.20.1 asset index解析
090697aa306d9bcba3793d3c61b66d417df7792a,09/090697aa306d9bcba3793d3c61b66d417df7792a,16841,ogg,minecraft/sounds/block/cherrywood_fence_gate/toggle1.ogg,block.cherry_wood_fence_gate.close;block.cherry_wood_fence_gate.open,已由Minecraft Java 1.20.1 asset index解析
09236e1a725cec0229b8c564f5b3e4fe05cd7a5f,09/09236e1a725cec0229b8c564f5b3e4fe05cd7a5f,5232,ogg,minecraft/sounds/damage/fallsmall.ogg,entity.generic.small_fall;entity.hostile.small_fall;entity.player.small_fall,已由Minecraft Java 1.20.1 asset index解析
0949b9c2dd4ad99a667d48873309c1b88d0608c0,09/0949b9c2dd4ad99a667d48873309c1b88d0608c0,581043,json/text,,,未在Java 1.20.1 asset index中解析；本对象不是已识别OGG音频
094e6fb30a685391c1425631591b47c63d60819d,09/094e6fb30a685391c1425631591b47c63d60819d,43749,ogg,minecraft/sounds/ambient/underwater/additions/crackles1.ogg,ambient.underwater.loop.additions.rare,已由Minecraft Java 1.20.1 asset index解析
0979bf115d081d70a985f1cfcab1b9274d6be74e,09/0979bf115d081d70a985f1cfcab1b9274d6be74e,6787,ogg,minecraft/sounds/mob/creeper/say3.ogg,entity.creeper.hurt,已由Minecraft Java 1.20.1 asset index解析
098074f845b0d05831e23e29f397273885871c57,09/098074f845b0d05831e23e29f397273885871c57,742574,json/text,,,未在Java 1.20.1 asset index中解析；本对象不是已识别OGG音频
09808ded4c75b5155bd7d0e4546fa3d20233518d,09/09808ded4c75b5155bd7d0e4546fa3d20233518d,15628,ogg,minecraft/sounds/block/vine/break3.ogg,block.vine.break;block.vine.place,已由Minecraft Java 1.20.1 asset index解析
099962527f625857b566bc0eb4e385ea252b23cd,09/099962527f625857b566bc0eb4e385ea252b23cd,20725,ogg,minecraft/sounds/block/soul_soil/step3.ogg,block.soul_soil.fall;block.soul_soil.hit;block.soul_soil.step,已由Minecraft Java 1.20.1 asset index解析
09b6bbe5a03eed221630ea36b21d14e2de043b78,09/09b6bbe5a03eed221630ea36b21d14e2de043b78,7422,ogg,minecraft/sounds/mob/guardian/flop1.ogg,entity.elder_guardian.flop;entity.guardian.flop,已由Minecraft Java 1.20.1 asset index解析
09bb6e40c4df7096906b3fe7c6ff1e2b1c264cce,09/09bb6e40c4df7096906b3fe7c6ff1e2b1c264cce,18987,ogg,minecraft/sounds/mob/piglin_brute/step2.ogg,entity.piglin_brute.step,已由Minecraft Java 1.20.1 asset index解析
09d6455c9e1d581e52fffd390076cb3bcb3bc0d6,09/09d6455c9e1d581e52fffd390076cb3bcb3bc0d6,48085,ogg,minecraft/sounds/entity/squid/squirt3.ogg,entity.squid.squirt,已由Minecraft Java 1.20.1 asset index解析
09d87f230a611dbea1f270176c7b263f6c3fe674,09/09d87f230a611dbea1f270176c7b263f6c3fe674,16876,ogg,minecraft/sounds/mob/piglin_brute/step3.ogg,entity.piglin_brute.step,已由Minecraft Java 1.20.1 asset index解析
09d91f722797cc5b7098f329eb219db508edcd0b,09/09d91f722797cc5b7098f329eb219db508edcd0b,32688,ogg,minecraft/sounds/mob/goat/eat2.ogg,entity.goat.eat;entity.goat.screaming.eat,已由Minecraft Java 1.20.1 asset index解析
09da9ef8864bb14ea888807a356710723b6bd7c7,09/09da9ef8864bb14ea888807a356710723b6bd7c7,22176,ogg,minecraft/sounds/block/pointed_dripstone/drip_water_cauldron6.ogg,block.pointed_dripstone.drip_water_into_cauldron,已由Minecraft Java 1.20.1 asset index解析
09e74edab3e1e351136e4c57b5a081a19005c47e,09/09e74edab3e1e351136e4c57b5a081a19005c47e,48014,ogg,minecraft/sounds/mob/piglin_brute/death1.ogg,entity.piglin_brute.death,已由Minecraft Java 1.20.1 asset index解析
09e8b2079bc363d287fe85d5687af142d5fa0f82,09/09e8b2079bc363d287fe85d5687af142d5fa0f82,10977,ogg,minecraft/sounds/item/bottle/empty2.ogg,item.bottle.empty,已由Minecraft Java 1.20.1 asset index解析
09eab141cce7550f9a74c65db0e9abbb342cf50f,09/09eab141cce7550f9a74c65db0e9abbb342cf50f,514016,json/text,,,未在Java 1.20.1 asset index中解析；本对象不是已识别OGG音频
09fc4bb8b59416d1bd941aa1f3cda0e58d8b1e38,09/09fc4bb8b59416d1bd941aa1f3cda0e58d8b1e38,507741,png,realms/textures/gui/images/7.png,,已由Minecraft Java 1.20.1 asset index解析
0a0bc1ffa05ac5ff00eb2b1bb9093818a35b85b9,0a/0a0bc1ffa05ac5ff00eb2b1bb9093818a35b85b9,28101,ogg,minecraft/sounds/ambient/underwater/additions/bubbles3.ogg,ambient.underwater.loop.additions,已由Minecraft Java 1.20.1 asset index解析
0a417ba6a01b0552e7d15f5ef175ee9037405e58,0a/0a417ba6a01b0552e7d15f5ef175ee9037405e58,17045,ogg,minecraft/sounds/step/wood1.ogg,block.wood.fall;block.wood.hit;block.wood.step,已由Minecraft Java 1.20.1 asset index解析
0a4a39b4106614dafbae88adf3da90e48ded1ad3,0a/0a4a39b4106614dafbae88adf3da90e48ded1ad3,31561,ogg,minecraft/sounds/mob/turtle/swim/swim2.ogg,entity.turtle.swim,已由Minecraft Java 1.20.1 asset index解析
0a4f809f76e084a1119d306aefa4c6b7f8ab3bfa,0a/0a4f809f76e084a1119d306aefa4c6b7f8ab3bfa,41727,ogg,minecraft/sounds/mob/goat/idle5.ogg,entity.goat.ambient;entity.goat.screaming.ambient,已由Minecraft Java 1.20.1 asset index解析
0a659d9c281cd3de75a03670f65a6763b5eb059b,0a/0a659d9c281cd3de75a03670f65a6763b5eb059b,62058,ogg,minecraft/sounds/mob/warden/ambient_12.ogg,entity.warden.ambient,已由Minecraft Java 1.20.1 asset index解析
0a682ccf59ee55c4c318540cb1c1796b89544725,0a/0a682ccf59ee55c4c318540cb1c1796b89544725,15630,ogg,minecraft/sounds/block/candle/ambient4.ogg,block.candle.ambient,已由Minecraft Java 1.20.1 asset index解析
0a99153b99f389ff138711ea0c4c166a8e96db88,0a/0a99153b99f389ff138711ea0c4c166a8e96db88,30286,ogg,minecraft/sounds/mob/goat/idle3.ogg,entity.goat.ambient;entity.goat.screaming.ambient,已由Minecraft Java 1.20.1 asset index解析
0abfb8f19f7bdc0dd211f4a46e392ca1dac2d531,0a/0abfb8f19f7bdc0dd211f4a46e392ca1dac2d531,17531,ogg,minecraft/sounds/block/copper/step3.ogg,block.copper.fall;block.copper.hit;block.copper.step,已由Minecraft Java 1.20.1 asset index解析
0ac1cdec8185ba8aa4b6f9233106c65412332673,0a/0ac1cdec8185ba8aa4b6f9233106c65412332673,38450,ogg,minecraft/sounds/mob/allay/item_taken3.ogg,entity.allay.item_taken,已由Minecraft Java 1.20.1 asset index解析
0acdc21b0f56dbe214ae2574d1f02a0ea2e99877,0a/0acdc21b0f56dbe214ae2574d1f02a0ea2e99877,73875,ogg,minecraft/sounds/mob/cat/purr1.ogg,entity.cat.purr,已由Minecraft Java 1.20.1 asset index解析
0acf467b3abe89eec11864cf2c3211224a018601,0a/0acf467b3abe89eec11864cf2c3211224a018601,18222,ogg,minecraft/sounds/mob/panda/worried/worried4.ogg,entity.panda.worried_ambient,已由Minecraft Java 1.20.1 asset index解析
0ae1a47773d41d7ae39539d2b8363dbed3e77580,0a/0ae1a47773d41d7ae39539d2b8363dbed3e77580,102271,ogg,minecraft/sounds/item/trident/thunder2.ogg,item.trident.thunder,已由Minecraft Java 1.20.1 asset index解析
0ae403bea99c54d26b09f7d588ea11ddb4b6dc98,0a/0ae403bea99c54d26b09f7d588ea11ddb4b6dc98,14895,ogg,minecraft/sounds/block/bone_block/break5.ogg,block.bone_block.break;block.bone_block.place,已由Minecraft Java 1.20.1 asset index解析
0af366a1afbede2e47146caa5e4a48b647fa770f,0a/0af366a1afbede2e47146caa5e4a48b647fa770f,21764,ogg,minecraft/sounds/block/deepslate_bricks/step1.ogg,block.deepslate_bricks.fall;block.deepslate_bricks.hit;block.deepslate_bricks.step;block.deepslate_tiles.fall;block.deepslate_tiles.hit;block.deepslate_tiles.step,已由Minecraft Java 1.20.1 asset index解析
0afb673eaf45a5168692effcd9166a6e6611a350,0a/0afb673eaf45a5168692effcd9166a6e6611a350,18951,ogg,minecraft/sounds/block/spore_blossom/step2.ogg,block.spore_blossom.fall;block.spore_blossom.hit;block.spore_blossom.step,已由Minecraft Java 1.20.1 asset index解析
0b0d9e03b93a8c5823eb4f925114aef0cb9ac6b2,0b/0b0d9e03b93a8c5823eb4f925114aef0cb9ac6b2,23963,ogg,minecraft/sounds/ambient/weather/rain4.ogg,weather.rain;weather.rain.above,已由Minecraft Java 1.20.1 asset index解析
0b193a63393d447054165c3f9c19dbc288b0d5f1,0b/0b193a63393d447054165c3f9c19dbc288b0d5f1,100382,ogg,minecraft/sounds/block/smoker/smoker3.ogg,block.smoker.smoke;entity.villager.work_butcher,已由Minecraft Java 1.20.1 asset index解析
0b1b76e9d84bc193ec7d9aa11027a3b1e40f4d24,0b/0b1b76e9d84bc193ec7d9aa11027a3b1e40f4d24,9897,ogg,,,未在Java 1.20.1 asset index中解析（可能来自其他版本/历史缓存）
0b29f5ce8c4c10fa4184e5d29244f3bc121468a0,0b/0b29f5ce8c4c10fa4184e5d29244f3bc121468a0,12761,ogg,minecraft/sounds/mob/wolf/growl1.ogg,entity.wolf.growl,已由Minecraft Java 1.20.1 asset index解析
0b3494602d760cc94c06c501c7651102f6e8eb7c,0b/0b3494602d760cc94c06c501c7651102f6e8eb7c,17121,ogg,minecraft/sounds/mob/panda/eat8.ogg,entity.panda.eat,已由Minecraft Java 1.20.1 asset index解析
0b521d8200bfda7bb11c8fb6d6a03d52f6b740e7,0b/0b521d8200bfda7bb11c8fb6d6a03d52f6b740e7,9073,ogg,minecraft/sounds/mob/husk/step1.ogg,entity.husk.step,已由Minecraft Java 1.20.1 asset index解析
0b790ee239b6c7153a94f124a0abcbb7a0597706,0b/0b790ee239b6c7153a94f124a0abcbb7a0597706,9388,ogg,,,未在Java 1.20.1 asset index中解析（可能来自其他版本/历史缓存）
0b97573206cd326fb704f0bd2ba1ae8038ac2091,0b/0b97573206cd326fb704f0bd2ba1ae8038ac2091,37116,ogg,minecraft/sounds/item/brush/brushing_gravel_complete4.ogg,item.brush.brushing.gravel.complete,已由Minecraft Java 1.20.1 asset index解析
0ba37fea9597cd0ea0e42de4b35f52792f4bc630,0b/0ba37fea9597cd0ea0e42de4b35f52792f4bc630,15603,ogg,minecraft/sounds/mob/panda/nosebreath3.ogg,entity.panda.aggressive_ambient;entity.panda.ambient,已由Minecraft Java 1.20.1 asset index解析
0ba4a7830ea8852bf7844872d7e2d2a408fb77e4,0b/0ba4a7830ea8852bf7844872d7e2d2a408fb77e4,5410,ogg,minecraft/sounds/mob/bat/hurt4.ogg,entity.bat.hurt,已由Minecraft Java 1.20.1 asset index解析
0bad55ad72a681b474cfb2040a35e7420eecfa81,0b/0bad55ad72a681b474cfb2040a35e7420eecfa81,14357,ogg,minecraft/sounds/block/azalea_leaves/break5.ogg,block.azalea_leaves.break;block.azalea_leaves.place,已由Minecraft Java 1.20.1 asset index解析
0be8e30be934324679d7a71566c7ff7f1952d772,0b/0be8e30be934324679d7a71566c7ff7f1952d772,77287,ogg,minecraft/sounds/ambient/nether/nether_wastes/ground4.ogg,ambient.nether_wastes.additions,已由Minecraft Java 1.20.1 asset index解析
0bf0724e4623e853a1aea6edb2eb8c42131231ee,0b/0bf0724e4623e853a1aea6edb2eb8c42131231ee,7639,ogg,,,未在Java 1.20.1 asset index中解析（可能来自其他版本/历史缓存）
0c020c5e6a49609c4585654e92b3cfed07558507,0c/0c020c5e6a49609c4585654e92b3cfed07558507,14871,ogg,minecraft/sounds/mob/mooshroom/eat1.ogg,entity.mooshroom.eat,已由Minecraft Java 1.20.1 asset index解析
0c1d9fe6dbbed36a6b2a1fb90964babbe161bc22,0c/0c1d9fe6dbbed36a6b2a1fb90964babbe161bc22,26791,ogg,,,未在Java 1.20.1 asset index中解析（可能来自其他版本/历史缓存）
0c3604495566fee8449f3ccc316bbf9c675f54a3,0c/0c3604495566fee8449f3ccc316bbf9c675f54a3,24778,ogg,minecraft/sounds/block/nether_wood/step1.ogg,block.nether_wood.fall;block.nether_wood.hit;block.nether_wood.step,已由Minecraft Java 1.20.1 asset index解析
0c42b94014a3b58e1ae24defb6beaeb84011f9b8,0c/0c42b94014a3b58e1ae24defb6beaeb84011f9b8,19379,ogg,minecraft/sounds/mob/axolotl/hurt1.ogg,entity.axolotl.hurt,已由Minecraft Java 1.20.1 asset index解析
0c548af9a197ecb01293fea959b3aeba5facf56c,0c/0c548af9a197ecb01293fea959b3aeba5facf56c,24117,ogg,minecraft/sounds/block/rooted_dirt/step1.ogg,block.rooted_dirt.fall;block.rooted_dirt.hit;block.rooted_dirt.step,已由Minecraft Java 1.20.1 asset index解析
0c6bb010b1b50f592881a1f858d5db5f0a181f22,0c/0c6bb010b1b50f592881a1f858d5db5f0a181f22,13309,ogg,minecraft/sounds/block/composter/fill3.ogg,block.composter.fill,已由Minecraft Java 1.20.1 asset index解析
0c6cb9f73193e345654d12d929d040e72552dd74,0c/0c6cb9f73193e345654d12d929d040e72552dd74,13617,ogg,minecraft/sounds/mob/dolphin/idle5.ogg,entity.dolphin.ambient,已由Minecraft Java 1.20.1 asset index解析
0c7bc9616e7cb18b994e01642be868b5e05fd8a3,0c/0c7bc9616e7cb18b994e01642be868b5e05fd8a3,24776,ogg,minecraft/sounds/item/honeycomb/wax_on2.ogg,item.honeycomb.wax_on,已由Minecraft Java 1.20.1 asset index解析
0c918eebe2806c47fb406527dffdb54939490324,0c/0c918eebe2806c47fb406527dffdb54939490324,18414,ogg,minecraft/sounds/mob/wandering_trader/no4.ogg,entity.wandering_trader.no,已由Minecraft Java 1.20.1 asset index解析
0c95192c14510a54a169bdf4a6d5189f2ddfae7d,0c/0c95192c14510a54a169bdf4a6d5189f2ddfae7d,18607,ogg,minecraft/sounds/block/mangrove_roots/step1.ogg,block.mangrove_roots.fall;block.mangrove_roots.hit;block.mangrove_roots.step,已由Minecraft Java 1.20.1 asset index解析
0ca6d01e68ebf7e8b6d54a2d44515dd007315d27,0c/0ca6d01e68ebf7e8b6d54a2d44515dd007315d27,18645,ogg,,,未在Java 1.20.1 asset index中解析（可能来自其他版本/历史缓存）
0cb4d27eb86fa2cb33047c3117c82f57ecaa7809,0c/0cb4d27eb86fa2cb33047c3117c82f57ecaa7809,42660,ogg,minecraft/sounds/mob/hoglin/death1.ogg,entity.hoglin.death,已由Minecraft Java 1.20.1 asset index解析
0cb553eb257614ee1a58e57f8d1c292e9cd393c2,0c/0cb553eb257614ee1a58e57f8d1c292e9cd393c2,24073,ogg,minecraft/sounds/item/bucket/empty_powder_snow1.ogg,item.bucket.empty_powder_snow,已由Minecraft Java 1.20.1 asset index解析
0cb919f6642e425731cd95054b04590e289e306b,0c/0cb919f6642e425731cd95054b04590e289e306b,556905,json/text,,,未在Java 1.20.1 asset index中解析；本对象不是已识别OGG音频
0cc576cae7a4c2e2bb969f545ba09a1d4f746e4f,0c/0cc576cae7a4c2e2bb969f545ba09a1d4f746e4f,106757,ogg,minecraft/sounds/block/blastfurnace/blastfurnace3.ogg,block.blastfurnace.fire_crackle;entity.villager.work_armorer,已由Minecraft Java 1.20.1 asset index解析
0cc9405f93aa5b409e27cf2428c828e7d55edf74,0c/0cc9405f93aa5b409e27cf2428c828e7d55edf74,19828,ogg,minecraft/sounds/mob/sniffer/idle7.ogg,entity.sniffer.idle,已由Minecraft Java 1.20.1 asset index解析
0cd209ea16b052a2f445a275380046615d20775e,0c/0cd209ea16b052a2f445a275380046615d20775e,4962,ogg,minecraft/sounds/mob/parrot/idle2.ogg,entity.parrot.ambient,已由Minecraft Java 1.20.1 asset index解析
0cf427b702d3fff68d667b9709059d56098eb76d,0c/0cf427b702d3fff68d667b9709059d56098eb76d,17521,ogg,,,未在Java 1.20.1 asset index中解析（可能来自其他版本/历史缓存）
0d0d07e93934554dc351aa587e3f74fdf71b5f7b,0d/0d0d07e93934554dc351aa587e3f74fdf71b5f7b,33060,ogg,minecraft/sounds/mob/frog/idle3.ogg,entity.frog.ambient;entity.tadpole.grow_up,已由Minecraft Java 1.20.1 asset index解析
0d1862217e8aa9f56768053fa2dabb7956ba9b3a,0d/0d1862217e8aa9f56768053fa2dabb7956ba9b3a,46174,ogg,minecraft/sounds/block/sculk_sensor/break3.ogg,block.sculk_sensor.break,已由Minecraft Java 1.20.1 asset index解析
0d1f43515acec95900f8f63e24181357b1a3913f,0d/0d1f43515acec95900f8f63e24181357b1a3913f,55334,ogg,minecraft/sounds/mob/piglin/converted2.ogg,entity.piglin.converted_to_zombified;entity.piglin_brute.converted_to_zombified,已由Minecraft Java 1.20.1 asset index解析
0d32a999e36b54b3d1ff2e6c8f9e7d7cb0db4cc4,0d/0d32a999e36b54b3d1ff2e6c8f9e7d7cb0db4cc4,5489,ogg,,,未在Java 1.20.1 asset index中解析（可能来自其他版本/历史缓存）
0d49fd8c436e66eb5af3a1c0244d20606e4f7716,0d/0d49fd8c436e66eb5af3a1c0244d20606e4f7716,19945,ogg,minecraft/sounds/entity/fish/hurt2.ogg,entity.cod.death;entity.cod.hurt;entity.salmon.death;entity.salmon.hurt;entity.tropical_fish.death;entity.tropical_fish.hurt,已由Minecraft Java 1.20.1 asset index解析
0d79b43129dc37508ccc97069839667817b406cf,0d/0d79b43129dc37508ccc97069839667817b406cf,31350,ogg,minecraft/sounds/item/trident/return3.ogg,item.trident.return,已由Minecraft Java 1.20.1 asset index解析
0d889b4e0e441244f74ae65a66b340d19055cf24,0d/0d889b4e0e441244f74ae65a66b340d19055cf24,51790,ogg,,,未在Java 1.20.1 asset index中解析（可能来自其他版本/历史缓存）
0da702d91293ee416183955612de041674d94371,0d/0da702d91293ee416183955612de041674d94371,44409,ogg,minecraft/sounds/block/sculk_shrieker/place2.ogg,block.sculk_shrieker.place,已由Minecraft Java 1.20.1 asset index解析
0dc9c8a2206a953c2d3a17ee61c2c676bf92f9eb,0d/0dc9c8a2206a953c2d3a17ee61c2c676bf92f9eb,22377,ogg,minecraft/sounds/mob/wandering_trader/yes3.ogg,entity.wandering_trader.yes,已由Minecraft Java 1.20.1 asset index解析
0dd9e291f62759f032b893ef5e7b0c22d3345c14,0d/0dd9e291f62759f032b893ef5e7b0c22d3345c14,22430,ogg,minecraft/sounds/event/raid/raidhorn_02.ogg,event.raid.horn,已由Minecraft Java 1.20.1 asset index解析
0ddd6d05032fb79fcaab212baffc2df7d862a81f,0d/0ddd6d05032fb79fcaab212baffc2df7d862a81f,18160,ogg,minecraft/sounds/block/bamboo_wood_hanging_sign/break4.ogg,block.bamboo_wood_hanging_sign.break;block.bamboo_wood_hanging_sign.place,已由Minecraft Java 1.20.1 asset index解析
0de5b1df0209c14ec127d4661de3c2838c4792ec,0d/0de5b1df0209c14ec127d4661de3c2838c4792ec,754444,json/text,,,未在Java 1.20.1 asset index中解析；本对象不是已识别OGG音频
0de85e187929b4ed2fb9b14eb4a23a42e9fec018,0d/0de85e187929b4ed2fb9b14eb4a23a42e9fec018,584611,json/text,,,未在Java 1.20.1 asset index中解析；本对象不是已识别OGG音频
0df757ca882a89072e68a2c71863d97e112b8381,0d/0df757ca882a89072e68a2c71863d97e112b8381,34146,ogg,minecraft/sounds/mob/piglin_brute/idle6.ogg,entity.parrot.imitate.piglin_brute;entity.piglin_brute.ambient,已由Minecraft Java 1.20.1 asset index解析
0e137e530e9228da1af0d0e6377a7c46a115e246,0e/0e137e530e9228da1af0d0e6377a7c46a115e246,31456,ogg,minecraft/sounds/mob/ravager/step4.ogg,entity.ravager.step,已由Minecraft Java 1.20.1 asset index解析
0e4238f6aa6cf1fe8ad3479d3b94aa53ceaa0991,0e/0e4238f6aa6cf1fe8ad3479d3b94aa53ceaa0991,20613,ogg,minecraft/sounds/mob/frog/eat3.ogg,entity.frog.eat,已由Minecraft Java 1.20.1 asset index解析
0e497ca437eeac5cee56a91c43da2631092e7477,0e/0e497ca437eeac5cee56a91c43da2631092e7477,17030,ogg,minecraft/sounds/block/dripstone/break5.ogg,block.dripstone_block.break;block.dripstone_block.place;block.pointed_dripstone.break;block.pointed_dripstone.place,已由Minecraft Java 1.20.1 asset index解析
0e5029467ce047b3146be7ac3c25325301e223dd,0e/0e5029467ce047b3146be7ac3c25325301e223dd,16187,ogg,minecraft/sounds/block/calcite/step4.ogg,block.calcite.fall;block.calcite.hit;block.calcite.step,已由Minecraft Java 1.20.1 asset index解析
0e58e087ad105373cf75ca8043c567e88aeb048e,0e/0e58e087ad105373cf75ca8043c567e88aeb048e,15470,ogg,minecraft/sounds/block/dripstone/break4.ogg,block.dripstone_block.break;block.dripstone_block.place;block.pointed_dripstone.break;block.pointed_dripstone.place,已由Minecraft Java 1.20.1 asset index解析
0e5daac9648762732635967ad459f0ddfc1861b3,0e/0e5daac9648762732635967ad459f0ddfc1861b3,671308,json/text,,,未在Java 1.20.1 asset index中解析；本对象不是已识别OGG音频
0e6696ec35c5f4982cad6a6731edcffb11728aa9,0e/0e6696ec35c5f4982cad6a6731edcffb11728aa9,5875,ogg,minecraft/sounds/item/hoe/till1.ogg,item.hoe.till,已由Minecraft Java 1.20.1 asset index解析
0e6bac33a1dd885e0d98298e12c96c054e8e96c8,0e/0e6bac33a1dd885e0d98298e12c96c054e8e96c8,14157,ogg,minecraft/sounds/block/big_dripleaf/step4.ogg,block.big_dripleaf.fall;block.big_dripleaf.hit;block.big_dripleaf.step;block.small_dripleaf.fall;block.small_dripleaf.hit;block.small_dripleaf.step,已由Minecraft Java 1.20.1 asset index解析
0e6d00d4c3f24a4e86eace20e63283a7d409854f,0e/0e6d00d4c3f24a4e86eace20e63283a7d409854f,28586,ogg,minecraft/sounds/mob/wither_skeleton/idle1.ogg,block.note_block.imitate.wither_skeleton;entity.parrot.imitate.wither_skeleton;entity.wither_skeleton.ambient,已由Minecraft Java 1.20.1 asset index解析
0e946886814e0f9e0d03ce2d6f6cb4dcd41432d6,0e/0e946886814e0f9e0d03ce2d6f6cb4dcd41432d6,40296,ogg,minecraft/sounds/mob/hoglin/angry2.ogg,entity.hoglin.angry,已由Minecraft Java 1.20.1 asset index解析
0e985cabe00eef63c117bfba48a7ae6552fe4fe0,0e/0e985cabe00eef63c117bfba48a7ae6552fe4fe0,18540,ogg,,,未在Java 1.20.1 asset index中解析（可能来自其他版本/历史缓存）
0eaf63e114fdc307e318b31a43e228c1f4387c81,0e/0eaf63e114fdc307e318b31a43e228c1f4387c81,11524,ogg,minecraft/sounds/mob/camel/step1.ogg,entity.camel.step,已由Minecraft Java 1.20.1 asset index解析
0eb97ddb69796a7f0cfa8c582da49b0ea3f078a1,0e/0eb97ddb69796a7f0cfa8c582da49b0ea3f078a1,11844,ogg,minecraft/sounds/mob/llama/hurt2.ogg,entity.llama.hurt,已由Minecraft Java 1.20.1 asset index解析
0ed61b138bfeb8ac7765ba23bdad43717f21a39d,0e/0ed61b138bfeb8ac7765ba23bdad43717f21a39d,705348,json/text,,,未在Java 1.20.1 asset index中解析；本对象不是已识别OGG音频
0ed6b38ec4330481ce313aa56e26802ee16189d1,0e/0ed6b38ec4330481ce313aa56e26802ee16189d1,10205,ogg,,,未在Java 1.20.1 asset index中解析（可能来自其他版本/历史缓存）
0ede27d93c2bc6f14e1b44e1be0c6ff492aa3bca,0e/0ede27d93c2bc6f14e1b44e1be0c6ff492aa3bca,591704,json/text,,,未在Java 1.20.1 asset index中解析；本对象不是已识别OGG音频
0f1b391091236dadf8ab0108185d450639e54879,0f/0f1b391091236dadf8ab0108185d450639e54879,12448,ogg,minecraft/sounds/mob/wither_skeleton/hurt4.ogg,entity.wither_skeleton.hurt,已由Minecraft Java 1.20.1 asset index解析
0f1ff3699ff0b1b33d0ea5c85c17741c1c45f3fc,0f/0f1ff3699ff0b1b33d0ea5c85c17741c1c45f3fc,20085,ogg,,,未在Java 1.20.1 asset index中解析（可能来自其他版本/历史缓存）
0f28236aa3e920a9aee2fd271972c5eb29e5231d,0f/0f28236aa3e920a9aee2fd271972c5eb29e5231d,76527,ogg,minecraft/sounds/mob/camel/stand1.ogg,entity.camel.stand,已由Minecraft Java 1.20.1 asset index解析
0f374764aafba398f4ba90dba05a53a9e6166138,0f/0f374764aafba398f4ba90dba05a53a9e6166138,542805,ogg,minecraft/sounds/music/game/piano1.ogg,music.creative;music.game;music.overworld.badlands;music.overworld.bamboo_jungle;music.overworld.forest;music.overworld.frozen_peaks;music.overworld.jagged_peaks;music.overworld.jungle;music.overworld.old_growth_taiga;music.overworld.sparse_jungle;music.overworld.stony_peaks,已由Minecraft Java 1.20.1 asset index解析
0f3dfe9f131f95d775f44c04f3721d5882369b16,0f/0f3dfe9f131f95d775f44c04f3721d5882369b16,581257,json/text,,,未在Java 1.20.1 asset index中解析；本对象不是已识别OGG音频
0f3e208b8149b71fdccf1792f4533bd45f0f207d,0f/0f3e208b8149b71fdccf1792f4533bd45f0f207d,58529,ogg,minecraft/sounds/mob/warden/ambient_7.ogg,entity.warden.ambient,已由Minecraft Java 1.20.1 asset index解析
0f58866321e3000bf611fa2820f21e390a004696,0f/0f58866321e3000bf611fa2820f21e390a004696,18439,ogg,minecraft/sounds/step/coral6.ogg,block.coral_block.fall;block.coral_block.hit;block.coral_block.step,已由Minecraft Java 1.20.1 asset index解析
0f5aa8843b013f0cbaf076731c6854cd0372e28c,0f/0f5aa8843b013f0cbaf076731c6854cd0372e28c,53644,ogg,minecraft/sounds/mob/drowned/convert1.ogg,entity.zombie.converted_to_drowned,已由Minecraft Java 1.20.1 asset index解析
0f7fd126dd60ebd66a2d4466502c223e4c0f4975,0f/0f7fd126dd60ebd66a2d4466502c223e4c0f4975,47992,ogg,minecraft/sounds/mob/sniffer/idle6.ogg,entity.sniffer.idle,已由Minecraft Java 1.20.1 asset index解析
0f8b4f62fd558fe7778431d1872ef2d88789ede2,0f/0f8b4f62fd558fe7778431d1872ef2d88789ede2,16558,ogg,minecraft/sounds/block/spore_blossom/break3.ogg,block.spore_blossom.break;block.spore_blossom.place,已由Minecraft Java 1.20.1 asset index解析
0fa4234797f336ada4e3735e013e44d1099afe57,0f/0fa4234797f336ada4e3735e013e44d1099afe57,5553,ogg,minecraft/sounds/dig/sand2.ogg,block.sand.break;block.sand.place,已由Minecraft Java 1.20.1 asset index解析
0fa871fe4d9701a27e2de2921d58ff5afa86592c,0f/0fa871fe4d9701a27e2de2921d58ff5afa86592c,19656,ogg,minecraft/sounds/mob/mooshroom/eat4.ogg,entity.mooshroom.eat,已由Minecraft Java 1.20.1 asset index解析
0fadce9827b247d2da715d8e5a8213db83fbe44f,0f/0fadce9827b247d2da715d8e5a8213db83fbe44f,9352,ogg,minecraft/sounds/block/shulker_box/open.ogg,block.shulker_box.open,已由Minecraft Java 1.20.1 asset index解析
0fb04015dc421d1222b18b65f5b7c1d0e1b9e18b,0f/0fb04015dc421d1222b18b65f5b7c1d0e1b9e18b,44504,ogg,minecraft/sounds/block/sculk/break6.ogg,block.sculk.break,已由Minecraft Java 1.20.1 asset index解析
0fb24c3ff0ae33ec77018b68490f7e84de47bd37,0f/0fb24c3ff0ae33ec77018b68490f7e84de47bd37,5950,ogg,minecraft/sounds/mob/parrot/idle6.ogg,entity.parrot.ambient,已由Minecraft Java 1.20.1 asset index解析
0fc7b623bb05d0476f951e33f895d709f043a306,0f/0fc7b623bb05d0476f951e33f895d709f043a306,19351,ogg,minecraft/sounds/mob/panda/sneeze3.ogg,entity.panda.sneeze,已由Minecraft Java 1.20.1 asset index解析
0fc8fb5f700ba9e23f89d32277b8e16ea61413cb,0f/0fc8fb5f700ba9e23f89d32277b8e16ea61413cb,681731,json/text,,,未在Java 1.20.1 asset index中解析；本对象不是已识别OGG音频
0fcb21c89b90384789ea4a54ef1eb8256c3df4ab,0f/0fcb21c89b90384789ea4a54ef1eb8256c3df4ab,9215,ogg,,,未在Java 1.20.1 asset index中解析（可能来自其他版本/历史缓存）
0fec721082e69afd88f9be89e4831e1d266fd2a7,0f/0fec721082e69afd88f9be89e4831e1d266fd2a7,11117,ogg,,,未在Java 1.20.1 asset index中解析（可能来自其他版本/历史缓存）
0fed68b1071ec4f3c5ce24639c746b7e975c1c91,0f/0fed68b1071ec4f3c5ce24639c746b7e975c1c91,6713,ogg,minecraft/sounds/entity/armorstand/break3.ogg,entity.armor_stand.break,已由Minecraft Java 1.20.1 asset index解析
0ff31eb8381878ed4394515fa2df5714fde1742b,0f/0ff31eb8381878ed4394515fa2df5714fde1742b,34385,ogg,minecraft/sounds/item/bonemeal/bonemeal4.ogg,item.bone_meal.use,已由Minecraft Java 1.20.1 asset index解析
101164ea1b442a8e1e8ca181d9cef833c57d7be3,10/101164ea1b442a8e1e8ca181d9cef833c57d7be3,4843,ogg,minecraft/sounds/mob/sheep/step3.ogg,entity.sheep.step,已由Minecraft Java 1.20.1 asset index解析
10156a868a1691d0c856425118c008abdecb5cde,10/10156a868a1691d0c856425118c008abdecb5cde,33639,ogg,minecraft/sounds/mob/piglin/retreat3.ogg,entity.piglin.retreat,已由Minecraft Java 1.20.1 asset index解析
101e3535d3f482acb6d1d0259d53d12b25979788,10/101e3535d3f482acb6d1d0259d53d12b25979788,5843,ogg,minecraft/sounds/mob/villager/hit1.ogg,entity.villager.hurt,已由Minecraft Java 1.20.1 asset index解析
102613b04262cd0f94702afd14063fa0187bc158,10/102613b04262cd0f94702afd14063fa0187bc158,23133,ogg,minecraft/sounds/block/honeyblock/slide4.ogg,block.honey_block.slide,已由Minecraft Java 1.20.1 asset index解析
1028d0a373790e14c34786a925c4656bdaeb4c4d,10/1028d0a373790e14c34786a925c4656bdaeb4c4d,7608,ogg,minecraft/sounds/mob/zombie/wood4.ogg,entity.zombie.attack_wooden_door,已由Minecraft Java 1.20.1 asset index解析
103ec8fed23a71bbbd997907fa639a753584d206,10/103ec8fed23a71bbbd997907fa639a753584d206,19534,ogg,minecraft/sounds/mob/piglin/jealous1.ogg,entity.piglin.jealous,已由Minecraft Java 1.20.1 asset index解析
10417d85fa38d22906d61194594c966f98a653a1,10/10417d85fa38d22906d61194594c966f98a653a1,13361,ogg,minecraft/sounds/item/brush/brushing_generic2.ogg,item.brush.brushing.generic,已由Minecraft Java 1.20.1 asset index解析
106d17d4b57d6f1543b71d673ffbb3132e7a3a07,10/106d17d4b57d6f1543b71d673ffbb3132e7a3a07,38916,ogg,,,未在Java 1.20.1 asset index中解析（可能来自其他版本/历史缓存）
108529f98cbc67491b119ac6bec3f4af1ca3f1b0,10/108529f98cbc67491b119ac6bec3f4af1ca3f1b0,12035,ogg,minecraft/sounds/entity/witch/ambient4.ogg,entity.parrot.imitate.witch;entity.witch.ambient;entity.witch.celebrate,已由Minecraft Java 1.20.1 asset index解析
108c61bfecd4f969778173578984503e08dd7898,10/108c61bfecd4f969778173578984503e08dd7898,6550,ogg,minecraft/sounds/block/iron_door/close1.ogg,block.iron_door.close,已由Minecraft Java 1.20.1 asset index解析
109071e508bc91b9ded5d0075036bffd2d979134,10/109071e508bc91b9ded5d0075036bffd2d979134,46273,ogg,minecraft/sounds/block/sculk_catalyst/break4.ogg,block.sculk_catalyst.break,已由Minecraft Java 1.20.1 asset index解析
10952c90ce14843ec5c707ca2b13e554134a325b,10/10952c90ce14843ec5c707ca2b13e554134a325b,20923,ogg,minecraft/sounds/mob/parrot/fly5.ogg,entity.parrot.fly,已由Minecraft Java 1.20.1 asset index解析
10b457a8461d29edb0406869b413d191e4daaa61,10/10b457a8461d29edb0406869b413d191e4daaa61,24416,ogg,minecraft/sounds/mob/strider/step5.ogg,entity.strider.step,已由Minecraft Java 1.20.1 asset index解析
10b4aeb4a3000d312a50d1a03b6ef685dddc8ec7,10/10b4aeb4a3000d312a50d1a03b6ef685dddc8ec7,11527,ogg,minecraft/sounds/block/bamboo/place4.ogg,block.bamboo.break;block.bamboo.place,已由Minecraft Java 1.20.1 asset index解析
10b5db42307a37046c5da5ea87869ec748b7adae,10/10b5db42307a37046c5da5ea87869ec748b7adae,11581,ogg,minecraft/sounds/block/bamboo/place1.ogg,block.bamboo.break;block.bamboo.place,已由Minecraft Java 1.20.1 asset index解析
10b623aa5b21f3eebd19b0ad6cc6703c5ac4e9d1,10/10b623aa5b21f3eebd19b0ad6cc6703c5ac4e9d1,10497,ogg,,,未在Java 1.20.1 asset index中解析（可能来自其他版本/历史缓存）
10c8d501eab26890772d6b8b89f1d925d03f3cd6,10/10c8d501eab26890772d6b8b89f1d925d03f3cd6,16009,ogg,minecraft/sounds/block/cherry_wood_hanging_sign/step3.ogg,block.cherry_wood_hanging_sign.fall;block.cherry_wood_hanging_sign.hit;block.cherry_wood_hanging_sign.step,已由Minecraft Java 1.20.1 asset index解析
10cb938779ff8c411d8db8399c26a1bd5fdbf826,10/10cb938779ff8c411d8db8399c26a1bd5fdbf826,6802,ogg,minecraft/sounds/mob/guardian/land_idle3.ogg,entity.elder_guardian.ambient_land;entity.guardian.ambient_land;entity.parrot.imitate.elder_guardian,已由Minecraft Java 1.20.1 asset index解析
10cd356e9bffb033e0b92aa9a30da5e6226e4f33,10/10cd356e9bffb033e0b92aa9a30da5e6226e4f33,8398,ogg,minecraft/sounds/mob/illusion_illager/idle3.ogg,entity.illusioner.ambient;entity.parrot.imitate.illusioner,已由Minecraft Java 1.20.1 asset index解析
10d20bc6c141437a898f73ec631e26efaf36f0b8,10/10d20bc6c141437a898f73ec631e26efaf36f0b8,9559,ogg,minecraft/sounds/note/iron_xylophone.ogg,block.note_block.iron_xylophone,已由Minecraft Java 1.20.1 asset index解析
10e0264a3fadb87a745538c2513b4dc2500d2416,10/10e0264a3fadb87a745538c2513b4dc2500d2416,582230,json/text,,,未在Java 1.20.1 asset index中解析；本对象不是已识别OGG音频
10e3ea2313752eab2cd14fc9125001756da121dc,10/10e3ea2313752eab2cd14fc9125001756da121dc,6892,ogg,minecraft/sounds/item/armor/equip_leather3.ogg,item.armor.equip_elytra;item.armor.equip_leather,已由Minecraft Java 1.20.1 asset index解析
11056d08ef9c49edef3d8fd6c60fc46455dff1e0,11/11056d08ef9c49edef3d8fd6c60fc46455dff1e0,33144,ogg,minecraft/sounds/block/sculk_catalyst/step1.ogg,block.sculk_catalyst.fall;block.sculk_catalyst.hit;block.sculk_catalyst.step,已由Minecraft Java 1.20.1 asset index解析
1125cbb42bed5ce7d91ff530d543c844ac80f735,11/1125cbb42bed5ce7d91ff530d543c844ac80f735,44679,ogg,minecraft/sounds/mob/dolphin/splash1.ogg,entity.axolotl.splash;entity.dolphin.splash,已由Minecraft Java 1.20.1 asset index解析
1129d5a7e5217528ee729b69731883961e0e2cdc,11/1129d5a7e5217528ee729b69731883961e0e2cdc,10281,ogg,minecraft/sounds/mob/illusion_illager/idle1.ogg,entity.illusioner.ambient;entity.parrot.imitate.illusioner,已由Minecraft Java 1.20.1 asset index解析
11441b2f310118f69108d1f9b0a1737ce6e1a061,11/11441b2f310118f69108d1f9b0a1737ce6e1a061,26112,ogg,minecraft/sounds/block/amethyst/resonate2.ogg,block.amethyst_block.resonate,已由Minecraft Java 1.20.1 asset index解析
11532f8464972c2e461e10b62837acb9fcdf7a84,11/11532f8464972c2e461e10b62837acb9fcdf7a84,6987,ogg,minecraft/sounds/mob/parrot/death3.ogg,entity.parrot.death,已由Minecraft Java 1.20.1 asset index解析
1191b013d40cd3119c67934fa7aca81262709247,11/1191b013d40cd3119c67934fa7aca81262709247,18415,ogg,minecraft/sounds/block/moss/step5.ogg,block.moss.fall;block.moss.hit;block.moss.step;block.moss_carpet.fall;block.moss_carpet.hit;block.moss_carpet.step,已由Minecraft Java 1.20.1 asset index解析
11a0ce995bcc34a60df6eeeedae613b20a30213f,11/11a0ce995bcc34a60df6eeeedae613b20a30213f,23639,ogg,minecraft/sounds/block/stem/step5.ogg,block.stem.fall;block.stem.hit;block.stem.step,已由Minecraft Java 1.20.1 asset index解析
11a933549a540d72e85ca03126e622c0901777c0,11/11a933549a540d72e85ca03126e622c0901777c0,15627,ogg,minecraft/sounds/block/moss/break1.ogg,block.moss.break;block.moss.place;block.moss_carpet.break;block.moss_carpet.place,已由Minecraft Java 1.20.1 asset index解析
11b24be2acd87d0d3cadd3b4a5e7f5cf29d75b9c,11/11b24be2acd87d0d3cadd3b4a5e7f5cf29d75b9c,17449,ogg,minecraft/sounds/block/bone_block/step4.ogg,block.bone_block.fall;block.bone_block.hit;block.bone_block.step,已由Minecraft Java 1.20.1 asset index解析
11b2b7b9cac527ce8cfb1cee41285c163ad75869,11/11b2b7b9cac527ce8cfb1cee41285c163ad75869,8320,ogg,minecraft/sounds/mob/horse/gallop4.ogg,entity.horse.gallop,已由Minecraft Java 1.20.1 asset index解析
11dbb07c81409e930ea3d6a6b6a917481e4dee63,11/11dbb07c81409e930ea3d6a6b6a917481e4dee63,18325,ogg,minecraft/sounds/item/plant/netherwart3.ogg,block.fungus.step;block.nether_wart.break;item.nether_wart.plant,已由Minecraft Java 1.20.1 asset index解析
11f7d6ffbd84861bf397adad3d3f3b7624a1cf8c,11/11f7d6ffbd84861bf397adad3d3f3b7624a1cf8c,31344,ogg,minecraft/sounds/block/fletching_table/fletching_table1.ogg,entity.villager.work_fletcher,已由Minecraft Java 1.20.1 asset index解析
120def25aa3d41ceeae166c7572561b4fb345900,12/120def25aa3d41ceeae166c7572561b4fb345900,15184,ogg,minecraft/sounds/mob/horse/death.ogg,entity.horse.death,已由Minecraft Java 1.20.1 asset index解析
12365c224970df985cce386bbcaeb357b4b85496,12/12365c224970df985cce386bbcaeb357b4b85496,28882,ogg,minecraft/sounds/mob/pillager/death1.ogg,entity.pillager.death,已由Minecraft Java 1.20.1 asset index解析
12365ec4a267be84dbfcdcfce69942d0ce56223f,12/12365ec4a267be84dbfcdcfce69942d0ce56223f,28747,ogg,minecraft/sounds/item/bucket/fill_fish2.ogg,item.bucket.fill_fish;item.bucket.fill_tadpole,已由Minecraft Java 1.20.1 asset index解析
123f32e70e39dce19e4adf0a452b87d11ce0daf3,12/123f32e70e39dce19e4adf0a452b87d11ce0daf3,20414,ogg,minecraft/sounds/block/lodestone/place2.ogg,block.lodestone.place,已由Minecraft Java 1.20.1 asset index解析
1286d05154a5d88618d2292e87a01a6b71168b95,12/1286d05154a5d88618d2292e87a01a6b71168b95,16814,ogg,minecraft/sounds/block/froglight/step2.ogg,block.froglight.fall;block.froglight.hit;block.froglight.step,已由Minecraft Java 1.20.1 asset index解析
12965f48483c25d58bad1950e55cfcc77eb14364,12/12965f48483c25d58bad1950e55cfcc77eb14364,16624,ogg,minecraft/sounds/block/chain/break4.ogg,block.chain.break;block.chain.place,已由Minecraft Java 1.20.1 asset index解析
129780e9ac9587edca1ed59b1cefbb7369a7202f,12/129780e9ac9587edca1ed59b1cefbb7369a7202f,20979,ogg,minecraft/sounds/block/soul_soil/step4.ogg,block.soul_soil.fall;block.soul_soil.hit;block.soul_soil.step,已由Minecraft Java 1.20.1 asset index解析
12ad9b74b454e7156d42154eabb8228820f485e7,12/12ad9b74b454e7156d42154eabb8228820f485e7,25853,ogg,minecraft/sounds/mob/wither_skeleton/idle3.ogg,block.note_block.imitate.wither_skeleton;entity.parrot.imitate.wither_skeleton;entity.wither_skeleton.ambient,已由Minecraft Java 1.20.1 asset index解析
12bd95f693faa4c5992bb3fc622d447d5e15cd8b,12/12bd95f693faa4c5992bb3fc622d447d5e15cd8b,11489,ogg,,,未在Java 1.20.1 asset index中解析（可能来自其他版本/历史缓存）
12c012b5c97d4369ebb039ee6467ebb797558f59,12/12c012b5c97d4369ebb039ee6467ebb797558f59,21014,ogg,minecraft/sounds/block/rooted_dirt/break1.ogg,block.rooted_dirt.break;block.rooted_dirt.place,已由Minecraft Java 1.20.1 asset index解析
12e09921944cc975b813eee133b0a1537a10eadb,12/12e09921944cc975b813eee133b0a1537a10eadb,25753,ogg,minecraft/sounds/block/soul_sand/break9.ogg,block.soul_sand.break;block.soul_sand.place,已由Minecraft Java 1.20.1 asset index解析
12ec6a3aef3a5b7741a9f83fe22127cb4c285c74,12/12ec6a3aef3a5b7741a9f83fe22127cb4c285c74,55074,ogg,minecraft/sounds/mob/husk/convert2.ogg,entity.husk.converted_to_zombie,已由Minecraft Java 1.20.1 asset index解析
12ee841f09570ffd7ca155f8acde6588d3945168,12/12ee841f09570ffd7ca155f8acde6588d3945168,7069,ogg,minecraft/sounds/item/armor/equip_iron5.ogg,item.armor.equip_iron,已由Minecraft Java 1.20.1 asset index解析
13067cc3d724d3e2d454de39d2b9a038ca87f985,13/13067cc3d724d3e2d454de39d2b9a038ca87f985,17240,ogg,minecraft/sounds/item/bundle/insert1.ogg,item.bundle.insert,已由Minecraft Java 1.20.1 asset index解析
13133a9d079f049f6600e910527f4758fa46bd2e,13/13133a9d079f049f6600e910527f4758fa46bd2e,29542,ogg,,,未在Java 1.20.1 asset index中解析（可能来自其他版本/历史缓存）
131b5f40eacc3e25fb4fe7f1c335d482bb52cf02,13/131b5f40eacc3e25fb4fe7f1c335d482bb52cf02,70420,ogg,minecraft/sounds/ambient/nether/basalt_deltas/plode3.ogg,ambient.basalt_deltas.additions,已由Minecraft Java 1.20.1 asset index解析
131d16e4b09df35c6e6f82e55d61e11f42bccd6f,13/131d16e4b09df35c6e6f82e55d61e11f42bccd6f,25085,ogg,minecraft/sounds/mob/piglin/jealous4.ogg,entity.piglin.jealous,已由Minecraft Java 1.20.1 asset index解析
135320552365d45103d97443ad9aa2a13c63a030,13/135320552365d45103d97443ad9aa2a13c63a030,36693,ogg,minecraft/sounds/block/cauldron/dye3.ogg,entity.villager.work_leatherworker,已由Minecraft Java 1.20.1 asset index解析
135d05bbc2d29449d64f7c01ab5899bc909057e6,13/135d05bbc2d29449d64f7c01ab5899bc909057e6,23577,ogg,minecraft/sounds/block/azalea/break6.ogg,block.azalea.break;block.azalea.place;block.flowering_azalea.break;block.flowering_azalea.place,已由Minecraft Java 1.20.1 asset index解析
136cc386976d1901f9b3b374a71d987efb50dce6,13/136cc386976d1901f9b3b374a71d987efb50dce6,6075,ogg,minecraft/sounds/entity/armorstand/hit3.ogg,entity.armor_stand.hit,已由Minecraft Java 1.20.1 asset index解析
1387c1334885ce091f0397ac2f13f8bf3867ac46,13/1387c1334885ce091f0397ac2f13f8bf3867ac46,21126,ogg,minecraft/sounds/block/chiseled_bookshelf/pickup_enchanted2.ogg,block.chiseled_bookshelf.pickup.enchanted,已由Minecraft Java 1.20.1 asset index解析
1389244058c7257571f36d6aaa4f861821cf6066,13/1389244058c7257571f36d6aaa4f861821cf6066,24582,ogg,minecraft/sounds/item/bottle/drink_honey3.ogg,item.honey_bottle.drink,已由Minecraft Java 1.20.1 asset index解析
13adb9d521e13c5f274d1f556ac3cc655c70ac93,13/13adb9d521e13c5f274d1f556ac3cc655c70ac93,16157,ogg,minecraft/sounds/mob/strider/idle1.ogg,entity.strider.ambient,已由Minecraft Java 1.20.1 asset index解析
13beba907bd219f3b2d3f50e716805fa63124cbf,13/13beba907bd219f3b2d3f50e716805fa63124cbf,29740,ogg,minecraft/sounds/mob/dolphin/swim4.ogg,entity.axolotl.swim;entity.dolphin.swim,已由Minecraft Java 1.20.1 asset index解析
13dd3f6cd67c6789ded0108006317cbda08a2aff,13/13dd3f6cd67c6789ded0108006317cbda08a2aff,16108,ogg,,,未在Java 1.20.1 asset index中解析（可能来自其他版本/历史缓存）
13e61e57dbc54597168886e283e97a596d153a86,13/13e61e57dbc54597168886e283e97a596d153a86,50901,ogg,minecraft/sounds/block/sculk_shrieker/place5.ogg,block.sculk_shrieker.place,已由Minecraft Java 1.20.1 asset index解析
13e7577f8ac6b878711c9c548df403f3af3ed3d2,13/13e7577f8ac6b878711c9c548df403f3af3ed3d2,16634,ogg,minecraft/sounds/mob/panda/bite3.ogg,entity.panda.bite,已由Minecraft Java 1.20.1 asset index解析
13f2ea2f0466950814efe5f4d16be2962bc21eaa,13/13f2ea2f0466950814efe5f4d16be2962bc21eaa,44722,ogg,minecraft/sounds/block/bubble_column/upwards_ambient3.ogg,block.bubble_column.upwards_ambient,已由Minecraft Java 1.20.1 asset index解析
14029d584503ceae06997bd88221c59856914d05,14/14029d584503ceae06997bd88221c59856914d05,87887,ogg,minecraft/sounds/ambient/nether/nether_wastes/addition4.ogg,ambient.nether_wastes.additions,已由Minecraft Java 1.20.1 asset index解析
1415d2276f86dbaaa1b10b9ae69afb6d3a7f87e4,14/1415d2276f86dbaaa1b10b9ae69afb6d3a7f87e4,615842,json/text,,,未在Java 1.20.1 asset index中解析；本对象不是已识别OGG音频
142096d7f75b3437f6f230f75a1cf24b7e8bc05d,14/142096d7f75b3437f6f230f75a1cf24b7e8bc05d,45286,ogg,minecraft/sounds/mob/camel/dash6.ogg,entity.camel.dash,已由Minecraft Java 1.20.1 asset index解析
1424a1b86f3c1711676025e795809b24e9d789f9,14/1424a1b86f3c1711676025e795809b24e9d789f9,19709,ogg,minecraft/sounds/mob/husk/idle2.ogg,entity.husk.ambient;entity.parrot.imitate.husk,已由Minecraft Java 1.20.1 asset index解析
144867e8792415e2873293f06ecce85cd32bb4e8,14/144867e8792415e2873293f06ecce85cd32bb4e8,6227,ogg,minecraft/sounds/damage/hit2.ogg,entity.generic.death;entity.generic.hurt;entity.hostile.death;entity.hostile.hurt;entity.player.death;entity.player.hurt,已由Minecraft Java 1.20.1 asset index解析
14647c8f94b4bc8c7e891a9dca105bdd75a6b87e,14/14647c8f94b4bc8c7e891a9dca105bdd75a6b87e,20203,ogg,minecraft/sounds/block/soul_sand/step1.ogg,block.soul_sand.fall;block.soul_sand.hit;block.soul_sand.step,已由Minecraft Java 1.20.1 asset index解析
14802b4346986369a7bbf616ebc4023e34e4f517,14/14802b4346986369a7bbf616ebc4023e34e4f517,8476,ogg,minecraft/sounds/mob/llama/swag.ogg,entity.llama.swag,已由Minecraft Java 1.20.1 asset index解析
149305e67306ba3a64a1f1a2a114b031c86c9eae,14/149305e67306ba3a64a1f1a2a114b031c86c9eae,26067,ogg,,,未在Java 1.20.1 asset index中解析（可能来自其他版本/历史缓存）
149fe2032b2da16b1afe7f20f2dd417f00b19661,14/149fe2032b2da16b1afe7f20f2dd417f00b19661,18642,ogg,,,未在Java 1.20.1 asset index中解析（可能来自其他版本/历史缓存）
14a4ab81446a67f96cc5a9530e12bada9b98841a,14/14a4ab81446a67f96cc5a9530e12bada9b98841a,13972,ogg,minecraft/sounds/mob/panda/hurt5.ogg,entity.panda.hurt,已由Minecraft Java 1.20.1 asset index解析
14a69acea92b011aefde17452179a290815de170,14/14a69acea92b011aefde17452179a290815de170,19209,ogg,,,未在Java 1.20.1 asset index中解析（可能来自其他版本/历史缓存）
14ae57a6bce3d4254daa8be2b098c2d99743cc3f,14/14ae57a6bce3d4254daa8be2b098c2d99743cc3f,2232651,ogg,minecraft/sounds/music/game/calm3.ogg,music.creative;music.game;music.overworld.cherry_grove;music.overworld.forest;music.overworld.grove;music.overworld.lush_caves;music.overworld.old_growth_taiga,已由Minecraft Java 1.20.1 asset index解析
14b3534e2622470a71dbe69474c15e6a233cc1c6,14/14b3534e2622470a71dbe69474c15e6a233cc1c6,22462,ogg,minecraft/sounds/block/frogspawn/hatch5.ogg;minecraft/sounds/mob/turtle/egg/egg_crack5.ogg,block.sniffer_egg.crack;entity.turtle.egg_crack,已由Minecraft Java 1.20.1 asset index解析
14c43698c10079ec8230d6deccb3d14d9fe4d07f,14/14c43698c10079ec8230d6deccb3d14d9fe4d07f,83869,ogg,minecraft/sounds/block/bubble_column/whirlpool_ambient1.ogg,block.bubble_column.whirlpool_ambient,已由Minecraft Java 1.20.1 asset index解析
14ce421343b73f7850bccc0805db2d076e5ae1b9,14/14ce421343b73f7850bccc0805db2d076e5ae1b9,33134,ogg,minecraft/sounds/mob/bee/death2.ogg,entity.bee.death,已由Minecraft Java 1.20.1 asset index解析
1500e817ce7e100b5bfd06553d50bf740f8ee86d,15/1500e817ce7e100b5bfd06553d50bf740f8ee86d,19298,ogg,,,未在Java 1.20.1 asset index中解析（可能来自其他版本/历史缓存）
150bbeab1230bd5da5b2b44d16e1d51fea09ef7c,15/150bbeab1230bd5da5b2b44d16e1d51fea09ef7c,15513,ogg,minecraft/sounds/block/mud_bricks/break1.ogg,block.mud_bricks.break;block.mud_bricks.place,已由Minecraft Java 1.20.1 asset index解析
1536358af061e60a4a3d65ec5fa35bb4b29e30cf,15/1536358af061e60a4a3d65ec5fa35bb4b29e30cf,15533,ogg,minecraft/sounds/mob/cat/ocelot/idle2.ogg,entity.ocelot.ambient,已由Minecraft Java 1.20.1 asset index解析
15398fe056ba43db2b1afc2a5874627fd7c1daf9,15/15398fe056ba43db2b1afc2a5874627fd7c1daf9,21990,ogg,minecraft/sounds/mob/warden/listening_5.ogg,entity.warden.listening,已由Minecraft Java 1.20.1 asset index解析
153ba5b4a11fce37475b859dacae266d1366c8f4,15/153ba5b4a11fce37475b859dacae266d1366c8f4,19813,ogg,minecraft/sounds/block/bamboo_wood_hanging_sign/step1.ogg,block.bamboo_wood_hanging_sign.fall;block.bamboo_wood_hanging_sign.hit;block.bamboo_wood_hanging_sign.step,已由Minecraft Java 1.20.1 asset index解析
155de9993fbc036f371d9fee50c8b2012dc5adce,15/155de9993fbc036f371d9fee50c8b2012dc5adce,7423,ogg,minecraft/sounds/entity/armorstand/hit1.ogg,entity.armor_stand.hit,已由Minecraft Java 1.20.1 asset index解析
1574c9e6ffd5748852b29951ecfab97e6135f98e,15/1574c9e6ffd5748852b29951ecfab97e6135f98e,20184,ogg,minecraft/sounds/mob/axolotl/hurt4.ogg,entity.axolotl.hurt,已由Minecraft Java 1.20.1 asset index解析
157693bffdf434eca79edc0688e8bfbc3e2c85f1,15/157693bffdf434eca79edc0688e8bfbc3e2c85f1,14821,ogg,minecraft/sounds/block/cherry_leaves/break4.ogg,block.cherry_leaves.break;block.cherry_leaves.place;block.pink_petals.break;block.pink_petals.place,已由Minecraft Java 1.20.1 asset index解析
1584417fc341cc7a34f2de0a5f6e8249684cf1f1,15/1584417fc341cc7a34f2de0a5f6e8249684cf1f1,6825,ogg,minecraft/sounds/mob/llama/idle3.ogg,entity.llama.ambient,已由Minecraft Java 1.20.1 asset index解析
15925d0a3a0de4b483f4d90ac2fc9a2043e499ee,15/15925d0a3a0de4b483f4d90ac2fc9a2043e499ee,24855,ogg,minecraft/sounds/ambient/weather/rain8.ogg,weather.rain,已由Minecraft Java 1.20.1 asset index解析
15949a3df44bf1628d85cec31991355e1e73ec57,15/15949a3df44bf1628d85cec31991355e1e73ec57,15504,ogg,minecraft/sounds/mob/fox/aggro7.ogg,entity.fox.aggro,已由Minecraft Java 1.20.1 asset index解析
159697af99ef2640f870bee2aaeda9170a918523,15/159697af99ef2640f870bee2aaeda9170a918523,5519,ogg,minecraft/sounds/block/wooden_trapdoor/close1.ogg,block.wooden_trapdoor.close,已由Minecraft Java 1.20.1 asset index解析
1599551814c141acd0c4a3c4a0ff83f4c4e3026d,15/1599551814c141acd0c4a3c4a0ff83f4c4e3026d,5249,ogg,minecraft/sounds/mob/bat/hurt3.ogg,entity.bat.hurt,已由Minecraft Java 1.20.1 asset index解析
159ff39d89331996c7221f42c72db25e78523fd8,15/159ff39d89331996c7221f42c72db25e78523fd8,21392,ogg,minecraft/sounds/mob/husk/idle3.ogg,entity.husk.ambient;entity.parrot.imitate.husk,已由Minecraft Java 1.20.1 asset index解析
15bbaf7901d7abff12bb872ff88a6ad541f5227a,15/15bbaf7901d7abff12bb872ff88a6ad541f5227a,8273,ogg,minecraft/sounds/entity/player/attack/crit3.ogg,entity.player.attack.crit,已由Minecraft Java 1.20.1 asset index解析
15beaa4b980e4cdd87ecd2c573f04b3f196e3b8c,15/15beaa4b980e4cdd87ecd2c573f04b3f196e3b8c,23208,ogg,minecraft/sounds/mob/panda/worried/worried1.ogg,,已由Minecraft Java 1.20.1 asset index解析
15bf6085c54dba88f19119618f639119f0bc1098,15/15bf6085c54dba88f19119618f639119f0bc1098,34252,ogg,minecraft/sounds/mob/turtle/baby/death1.ogg,entity.turtle.death_baby,已由Minecraft Java 1.20.1 asset index解析
15c8e87c9ace8c279dffaf86d05dda43dd51d933,15/15c8e87c9ace8c279dffaf86d05dda43dd51d933,714339,png,realms/textures/gui/images/2.png,,已由Minecraft Java 1.20.1 asset index解析
15cd753e49a8bf1b43facb03fcf73234960e176a,15/15cd753e49a8bf1b43facb03fcf73234960e176a,27729,ogg,minecraft/sounds/mob/strider/step_lava1.ogg,entity.strider.step_lava,已由Minecraft Java 1.20.1 asset index解析
15cdf2534718e12a55668a6ededb358a86fa26c5,15/15cdf2534718e12a55668a6ededb358a86fa26c5,23411,ogg,minecraft/sounds/mob/axolotl/idle3.ogg,entity.axolotl.idle_water,已由Minecraft Java 1.20.1 asset index解析
15f38314274e759c44f50ac641d11bde12474a25,15/15f38314274e759c44f50ac641d11bde12474a25,2017245,ogg,minecraft/sounds/music/menu/menu4.ogg,music.menu,已由Minecraft Java 1.20.1 asset index解析
1605a916de6b04562a9443e444735e9d7fed713d,16/1605a916de6b04562a9443e444735e9d7fed713d,46755,ogg,minecraft/sounds/mob/strider/retreat5.ogg,entity.strider.retreat,已由Minecraft Java 1.20.1 asset index解析
162e1406a22bda7483ad1b643a4277bec636c26f,16/162e1406a22bda7483ad1b643a4277bec636c26f,17708,ogg,minecraft/sounds/block/decorated_pot/shatter5.ogg,block.decorated_pot.shatter,已由Minecraft Java 1.20.1 asset index解析
164497bde8cc5beb7896a319452276a84bda90da,16/164497bde8cc5beb7896a319452276a84bda90da,13598,ogg,minecraft/sounds/block/mud_bricks/step3.ogg,block.mud_bricks.fall;block.mud_bricks.hit;block.mud_bricks.step,已由Minecraft Java 1.20.1 asset index解析
1652eefa61aa315e59b608188343417c3e303ebb,16/1652eefa61aa315e59b608188343417c3e303ebb,12890,ogg,,,未在Java 1.20.1 asset index中解析（可能来自其他版本/历史缓存）
1664efefbd7bc74eaaf000800f5427bfcf2fb6f4,16/1664efefbd7bc74eaaf000800f5427bfcf2fb6f4,13458,ogg,minecraft/sounds/mob/zombie_villager/say2.ogg,entity.parrot.imitate.zombie_villager;entity.zombie_villager.ambient,已由Minecraft Java 1.20.1 asset index解析
166af5d48f1f67a4608be9d23fd27f8c16269893,16/166af5d48f1f67a4608be9d23fd27f8c16269893,11349,ogg,minecraft/sounds/entity/witch/ambient1.ogg,entity.parrot.imitate.witch;entity.witch.ambient;entity.witch.celebrate,已由Minecraft Java 1.20.1 asset index解析
167a4f93c12d2d03d9ce266b8cb67065281bd218,16/167a4f93c12d2d03d9ce266b8cb67065281bd218,19939,ogg,minecraft/sounds/ui/toast/out.ogg,ui.toast.out,已由Minecraft Java 1.20.1 asset index解析
167e7bc7da370415d4a3f40aa6614fca472b71a0,16/167e7bc7da370415d4a3f40aa6614fca472b71a0,9617,ogg,,,未在Java 1.20.1 asset index中解析（可能来自其他版本/历史缓存）
16c37d334f31ee347ad69f73ab3d8b2c941b4c37,16/16c37d334f31ee347ad69f73ab3d8b2c941b4c37,36392,ogg,minecraft/sounds/block/sculk_catalyst/break7.ogg,block.sculk_catalyst.break,已由Minecraft Java 1.20.1 asset index解析
16c726084cc8fa4d33e4959f78f364dd1a535551,16/16c726084cc8fa4d33e4959f78f364dd1a535551,102992,ogg,minecraft/sounds/ambient/nether/basalt_deltas/click6.ogg,ambient.basalt_deltas.additions,已由Minecraft Java 1.20.1 asset index解析
16ea969a1db6ae466df28025bee90d704d81e969,16/16ea969a1db6ae466df28025bee90d704d81e969,27414,ogg,minecraft/sounds/mob/axolotl/attack1.ogg,entity.axolotl.attack,已由Minecraft Java 1.20.1 asset index解析
16f4e71923c1ebfbe33fd27c858bc068c9ea370e,16/16f4e71923c1ebfbe33fd27c858bc068c9ea370e,14553435,ogg,,,未在Java 1.20.1 asset index中解析（可能来自其他版本/历史缓存）
16f63773f4258b983891136c54c32735c59b2c05,16/16f63773f4258b983891136c54c32735c59b2c05,31248,ogg,minecraft/sounds/block/deepslate/break3.ogg,block.deepslate.break;block.polished_deepslate.break,已由Minecraft Java 1.20.1 asset index解析
1722e1ed0e9813ff750f7579476221f3ad06e8d4,17/1722e1ed0e9813ff750f7579476221f3ad06e8d4,20516,ogg,minecraft/sounds/block/suspicious_gravel/step3.ogg,block.suspicious_gravel.fall;block.suspicious_gravel.hit;block.suspicious_gravel.step,已由Minecraft Java 1.20.1 asset index解析
172ea574d280fd698eb484b281ff442503ea0dcf,17/172ea574d280fd698eb484b281ff442503ea0dcf,6479,ogg,minecraft/sounds/block/packed_mud/step2.ogg,block.packed_mud.fall;block.packed_mud.hit;block.packed_mud.step,已由Minecraft Java 1.20.1 asset index解析
173b1da54317eaa261d375225632c6d59288e34f,17/173b1da54317eaa261d375225632c6d59288e34f,41499,ogg,minecraft/sounds/mob/sniffer/happy2.ogg,entity.sniffer.happy,已由Minecraft Java 1.20.1 asset index解析
17491c8dd9511e9d848c92b4b7ae047aed164072,17/17491c8dd9511e9d848c92b4b7ae047aed164072,30155,ogg,minecraft/sounds/mob/blaze/death.ogg,entity.blaze.death,已由Minecraft Java 1.20.1 asset index解析
175adf6bebd52a99cbb7cf48db6e651f6c1cb07c,17/175adf6bebd52a99cbb7cf48db6e651f6c1cb07c,19784,ogg,minecraft/sounds/mob/strider/step4.ogg,entity.strider.step,已由Minecraft Java 1.20.1 asset index解析
175b7b2f5fe549279ee388b94da8219a2d7e58f1,17/175b7b2f5fe549279ee388b94da8219a2d7e58f1,15423,ogg,minecraft/sounds/mob/horse/skeleton/water/soft6.ogg,entity.skeleton_horse.step_water,已由Minecraft Java 1.20.1 asset index解析
17667b12735570759b39f11f23b3c26473b4e297,17/17667b12735570759b39f11f23b3c26473b4e297,124607,ogg,minecraft/sounds/mob/warden/angry_4.ogg,entity.warden.angry,已由Minecraft Java 1.20.1 asset index解析
178c8aaaaef5b7a15ce31bd6379321dcc8cf9042,17/178c8aaaaef5b7a15ce31bd6379321dcc8cf9042,36082,ogg,minecraft/sounds/entity/glow_squid/hurt3.ogg,entity.glow_squid.hurt,已由Minecraft Java 1.20.1 asset index解析
179538f0a9e872a27cb0411632ddbdfec342762e,17/179538f0a9e872a27cb0411632ddbdfec342762e,15326,ogg,minecraft/sounds/block/frogspawn/break4.ogg,block.frogspawn.break;block.frogspawn.place,已由Minecraft Java 1.20.1 asset index解析
17971c954653dab1e8a3adfb9fe0b6e76501cd82,17/17971c954653dab1e8a3adfb9fe0b6e76501cd82,56718,ogg,minecraft/sounds/enchant/soulspeed/soulspeed13.ogg,block.sculk_catalyst.bloom;particle.soul_escape,已由Minecraft Java 1.20.1 asset index解析
179bdc9c9436143f297d1338744bbe7d751c898a,17/179bdc9c9436143f297d1338744bbe7d751c898a,59024,ogg,minecraft/sounds/mob/sniffer/step6.ogg,entity.sniffer.step,已由Minecraft Java 1.20.1 asset index解析
17eb9af9222182888ecb67f07d89bd20de9c0aae,17/17eb9af9222182888ecb67f07d89bd20de9c0aae,67321,ogg,minecraft/sounds/mob/camel/ambient4.ogg,entity.camel.ambient,已由Minecraft Java 1.20.1 asset index解析
18237686efcaa1bf9084173c99d11ce0d37d4fc5,18/18237686efcaa1bf9084173c99d11ce0d37d4fc5,5518,ogg,minecraft/sounds/mob/magmacube/small2.ogg,entity.magma_cube.squish_small,已由Minecraft Java 1.20.1 asset index解析
1826c6986572fe2f7ab9111dc6da9b67df1f7f20,18/1826c6986572fe2f7ab9111dc6da9b67df1f7f20,6249,ogg,minecraft/sounds/entity/horse/eat5.ogg,entity.donkey.eat;entity.horse.eat;entity.mule.eat,已由Minecraft Java 1.20.1 asset index解析
1839f16d9f22dc6f3844cf45ab4a01ac57a325da,18/1839f16d9f22dc6f3844cf45ab4a01ac57a325da,22195,ogg,minecraft/sounds/ui/loom/select_pattern3.ogg,ui.loom.select_pattern,已由Minecraft Java 1.20.1 asset index解析
1845bd4c5ab4480491f9fe24494db55d417c76ba,18/1845bd4c5ab4480491f9fe24494db55d417c76ba,17717,ogg,minecraft/sounds/block/froglight/break3.ogg,block.froglight.break;block.froglight.place,已由Minecraft Java 1.20.1 asset index解析
185a3f078f752d5f5eca27913b7fc6c27f0a21cc,18/185a3f078f752d5f5eca27913b7fc6c27f0a21cc,17589,ogg,minecraft/sounds/mob/panda/pant1.ogg,entity.panda.aggressive_ambient;entity.panda.ambient,已由Minecraft Java 1.20.1 asset index解析
185fdb055113e3c1aafc7cc7c9141f2960b17ed3,18/185fdb055113e3c1aafc7cc7c9141f2960b17ed3,6578,ogg,minecraft/sounds/item/armor/equip_gold2.ogg,item.armor.equip_gold,已由Minecraft Java 1.20.1 asset index解析
186362097c9552903943d8d37a1e3b974e4aa618,18/186362097c9552903943d8d37a1e3b974e4aa618,8680,ogg,minecraft/sounds/mob/guardian/elder_hit4.ogg,entity.elder_guardian.hurt,已由Minecraft Java 1.20.1 asset index解析
186d5d9481d59cc99bc4be1b5fbb98d0ef877b8e,18/186d5d9481d59cc99bc4be1b5fbb98d0ef877b8e,8703,ogg,minecraft/sounds/random/chestopen.ogg,,已由Minecraft Java 1.20.1 asset index解析
18752157f5d8718e2752805a657c74a73d2b88db,18/18752157f5d8718e2752805a657c74a73d2b88db,6177,ogg,minecraft/sounds/mob/chicken/hurt2.ogg,entity.chicken.death;entity.chicken.hurt,已由Minecraft Java 1.20.1 asset index解析
1882f71dee4f377dde08a517adc5f3c585d2d526,18/1882f71dee4f377dde08a517adc5f3c585d2d526,5160,ogg,minecraft/sounds/mob/villager/hit4.ogg,entity.villager.hurt,已由Minecraft Java 1.20.1 asset index解析
1882fe1f3b4788404e1cd152764345ee3a4495f2,18/1882fe1f3b4788404e1cd152764345ee3a4495f2,12313,ogg,minecraft/sounds/block/bamboo/place5.ogg,block.bamboo.break;block.bamboo.place,已由Minecraft Java 1.20.1 asset index解析
188e05f8f12787ea22dd1836fe2c9c7e4efd03af,18/188e05f8f12787ea22dd1836fe2c9c7e4efd03af,6101,ogg,minecraft/sounds/item/shovel/flatten3.ogg,item.shovel.flatten,已由Minecraft Java 1.20.1 asset index解析
18a0bafb39a86b9c32e8efe3658a8d111e5492ea,18/18a0bafb39a86b9c32e8efe3658a8d111e5492ea,16905,ogg,minecraft/sounds/step/coral5.ogg,block.coral_block.fall;block.coral_block.hit;block.coral_block.step,已由Minecraft Java 1.20.1 asset index解析
18a992d93128bb2e2861930cff3140c6940c0127,18/18a992d93128bb2e2861930cff3140c6940c0127,67196,ogg,minecraft/sounds/ambient/cave/cave5.ogg,ambient.cave,已由Minecraft Java 1.20.1 asset index解析
18dc3ef276a8769bd88202520943bb174c0aad8c,18/18dc3ef276a8769bd88202520943bb174c0aad8c,5938,ogg,minecraft/sounds/mob/rabbit/hop1.ogg,entity.rabbit.jump,已由Minecraft Java 1.20.1 asset index解析
18e070182052d63ec9b28ccec571a64db9137341,18/18e070182052d63ec9b28ccec571a64db9137341,16097,ogg,minecraft/sounds/mob/turtle/armor.ogg,item.armor.equip_turtle,已由Minecraft Java 1.20.1 asset index解析
190d084cb35df46f189bb194ce026860522a4c02,19/190d084cb35df46f189bb194ce026860522a4c02,581331,json/text,,,未在Java 1.20.1 asset index中解析；本对象不是已识别OGG音频
1913d4963d024157b5f853ff734ef22d1549e0e4,19/1913d4963d024157b5f853ff734ef22d1549e0e4,22691,ogg,,,未在Java 1.20.1 asset index中解析（可能来自其他版本/历史缓存）
191510085f615e2d44136f45c41dd19aecf601e5,19/191510085f615e2d44136f45c41dd19aecf601e5,39927,ogg,minecraft/sounds/block/beacon/activate.ogg,block.beacon.activate,已由Minecraft Java 1.20.1 asset index解析
192e2f57b6d878465f7baa500493fb11a5ccb220,19/192e2f57b6d878465f7baa500493fb11a5ccb220,32233,ogg,minecraft/sounds/block/powder_snow/step10.ogg,block.powder_snow.fall;block.powder_snow.hit;block.powder_snow.step,已由Minecraft Java 1.20.1 asset index解析
1938466779870e47c016bec9b78f277ceba6c079,19/1938466779870e47c016bec9b78f277ceba6c079,16022,ogg,minecraft/sounds/item/crossbow/shoot2.ogg,item.crossbow.shoot,已由Minecraft Java 1.20.1 asset index解析
193a41b1759531080c89a68a658572ea1d6333b4,19/193a41b1759531080c89a68a658572ea1d6333b4,25356,ogg,minecraft/sounds/mob/cat/eat2.ogg,entity.cat.eat,已由Minecraft Java 1.20.1 asset index解析
194dde617e841c3555fdc86420650916bbc81251,19/194dde617e841c3555fdc86420650916bbc81251,4120,ogg,minecraft/sounds/mob/parrot/step5.ogg,entity.parrot.step,已由Minecraft Java 1.20.1 asset index解析
194fc2da93cfac5e6f17e7fb2abc90894f5214a4,19/194fc2da93cfac5e6f17e7fb2abc90894f5214a4,114921,ogg,minecraft/sounds/ambient/nether/soulsand_valley/mood3.ogg,ambient.soul_sand_valley.mood,已由Minecraft Java 1.20.1 asset index解析
195a4b987b0b97c238de9522eb74dd1bfeab202d,19/195a4b987b0b97c238de9522eb74dd1bfeab202d,13016,ogg,minecraft/sounds/mob/horse/skeleton/idle1.ogg,entity.skeleton_horse.ambient,已由Minecraft Java 1.20.1 asset index解析
1967d467023f77d462971e3b4ff46042d029adb9,19/1967d467023f77d462971e3b4ff46042d029adb9,28107,ogg,minecraft/sounds/block/azalea_leaves/step2.ogg,block.azalea_leaves.fall;block.azalea_leaves.hit;block.azalea_leaves.step,已由Minecraft Java 1.20.1 asset index解析
19786806146a50a06d8dbd36a033aefbb8fefd8a,19/19786806146a50a06d8dbd36a033aefbb8fefd8a,16175,ogg,minecraft/sounds/block/chest/close3.ogg,block.chest.close,已由Minecraft Java 1.20.1 asset index解析
197fa8fc77d8a33e7ad15d8f11bb08ffb7819a45,19/197fa8fc77d8a33e7ad15d8f11bb08ffb7819a45,383894,ogg,minecraft/sounds/ambient/nether/soulsand_valley/whisper3.ogg,ambient.soul_sand_valley.additions,已由Minecraft Java 1.20.1 asset index解析
19884054a8131e43550cc1f625093e0f6d2da7af,19/19884054a8131e43550cc1f625093e0f6d2da7af,70950,ogg,minecraft/sounds/entity/glow_squid/ambient1.ogg,entity.glow_squid.ambient,已由Minecraft Java 1.20.1 asset index解析
198ab0290fa4593eba3327588f80859470204392,19/198ab0290fa4593eba3327588f80859470204392,35624,ogg,minecraft/sounds/block/netherrack/step1.ogg,block.netherrack.fall;block.netherrack.hit;block.netherrack.step,已由Minecraft Java 1.20.1 asset index解析
199192a54b00af0f694cd069ceecee9394660c44,19/199192a54b00af0f694cd069ceecee9394660c44,21898,ogg,minecraft/sounds/block/bamboo_wood_door/toggle3.ogg,block.bamboo_wood_door.close;block.bamboo_wood_door.open,已由Minecraft Java 1.20.1 asset index解析
1994507dcdc3dab3405fdab3c5d13a036e4fdbda,19/1994507dcdc3dab3405fdab3c5d13a036e4fdbda,48330,ogg,minecraft/sounds/mob/piglin_brute/angry2.ogg,entity.piglin_brute.angry,已由Minecraft Java 1.20.1 asset index解析
1997fd410166b4e52ede02d23fb8947306f8630d,19/1997fd410166b4e52ede02d23fb8947306f8630d,17040,ogg,minecraft/sounds/block/pumpkin/carve2.ogg,block.pumpkin.carve,已由Minecraft Java 1.20.1 asset index解析
199c9f150822950385b9bc1d840605a6a795bd27,19/199c9f150822950385b9bc1d840605a6a795bd27,8727,ogg,minecraft/sounds/mob/skeleton/say1.ogg,block.note_block.imitate.skeleton;entity.parrot.imitate.skeleton;entity.skeleton.ambient,已由Minecraft Java 1.20.1 asset index解析
19a2b327df7ea54146a14f8cac7c96f4f0a9bdb9,19/19a2b327df7ea54146a14f8cac7c96f4f0a9bdb9,18489,ogg,minecraft/sounds/item/plant/netherwart2.ogg,block.fungus.step;block.nether_wart.break;item.nether_wart.plant,已由Minecraft Java 1.20.1 asset index解析
19a5aae31c3e0018a960b709a9f0240d8d47dda7,19/19a5aae31c3e0018a960b709a9f0240d8d47dda7,5609,ogg,minecraft/sounds/liquid/lavapop.ogg,block.lava.pop,已由Minecraft Java 1.20.1 asset index解析
19ba043db0954941955f7132ccd67d5b777c226b,19/19ba043db0954941955f7132ccd67d5b777c226b,34706,ogg,minecraft/sounds/mob/fox/sleep1.ogg,entity.fox.sleep,已由Minecraft Java 1.20.1 asset index解析
19d7681e0cb082cb9e0df3116b5fc927df29c056,19/19d7681e0cb082cb9e0df3116b5fc927df29c056,49830,ogg,minecraft/sounds/mob/warden/ambient_2.ogg,entity.warden.ambient,已由Minecraft Java 1.20.1 asset index解析
19e3ddd127884efbbece9806ef8fce3498e03da3,19/19e3ddd127884efbbece9806ef8fce3498e03da3,5157,ogg,minecraft/sounds/item/armor/equip_generic1.ogg,item.armor.equip_generic,已由Minecraft Java 1.20.1 asset index解析
19f43eef373da394e78338632d627eef89957e98,19/19f43eef373da394e78338632d627eef89957e98,43317,ogg,minecraft/sounds/block/amethyst/step9.ogg,block.amethyst_block.fall;block.amethyst_block.hit;block.amethyst_block.step;block.amethyst_cluster.fall;block.amethyst_cluster.hit;block.amethyst_cluster.step,已由Minecraft Java 1.20.1 asset index解析
1a07b76ea50a3e33b63cfccbb51a12492c9bad8b,1a/1a07b76ea50a3e33b63cfccbb51a12492c9bad8b,19134,ogg,minecraft/sounds/block/cherry_leaves/step3.ogg,block.cherry_leaves.fall;block.cherry_leaves.hit;block.cherry_leaves.step;block.pink_petals.fall;block.pink_petals.hit;block.pink_petals.step,已由Minecraft Java 1.20.1 asset index解析
1a24b3a09f84dd9780b01bc10a153cef0275f7c0,1a/1a24b3a09f84dd9780b01bc10a153cef0275f7c0,19866,ogg,minecraft/sounds/mob/frog/tongue2.ogg,entity.frog.tongue,已由Minecraft Java 1.20.1 asset index解析
1a5be8c9fcdc86fd6ebefc01b030c2c8f26ca3fd,1a/1a5be8c9fcdc86fd6ebefc01b030c2c8f26ca3fd,143466,ogg,minecraft/sounds/ambient/nether/crimson_forest/mood1.ogg,ambient.crimson_forest.mood,已由Minecraft Java 1.20.1 asset index解析
1a6221a6293807310bca01dccf14ddac66210d65,1a/1a6221a6293807310bca01dccf14ddac66210d65,620592,json/text,,,未在Java 1.20.1 asset index中解析；本对象不是已识别OGG音频
1ab7f687e28ed6e608cf547a6285b194114ddc70,1a/1ab7f687e28ed6e608cf547a6285b194114ddc70,25267,ogg,minecraft/sounds/mob/panda/aggressive/aggressive3.ogg,entity.panda.aggressive_ambient,已由Minecraft Java 1.20.1 asset index解析
1afefaa39a53606d2737bab9cb3409350cb2dc9f,1a/1afefaa39a53606d2737bab9cb3409350cb2dc9f,3850,ogg,minecraft/sounds/note/bd.ogg,block.note_block.basedrum,已由Minecraft Java 1.20.1 asset index解析
1b172129daf7cd9a36d2b0f7820baf2e479e381a,1b/1b172129daf7cd9a36d2b0f7820baf2e479e381a,9783,ogg,minecraft/sounds/entity/player/attack/crit2.ogg,entity.player.attack.crit,已由Minecraft Java 1.20.1 asset index解析
1b256a2a6b360fd2f2858cf1a42c4ca4917a1de1,1b/1b256a2a6b360fd2f2858cf1a42c4ca4917a1de1,13533,ogg,minecraft/sounds/block/end_portal/eyeplace2.ogg,block.end_portal_frame.fill,已由Minecraft Java 1.20.1 asset index解析
1b2836933094cb2d8a1da3c4f31d88c1aed3dab2,1b/1b2836933094cb2d8a1da3c4f31d88c1aed3dab2,19780,ogg,minecraft/sounds/entity/pufferfish/death1.ogg,entity.puffer_fish.death,已由Minecraft Java 1.20.1 asset index解析
1b2faea09490636cbc0c3b5de9d808faa5dd34a9,1b/1b2faea09490636cbc0c3b5de9d808faa5dd34a9,27722,ogg,minecraft/sounds/mob/piglin_brute/hurt4.ogg,entity.piglin_brute.hurt,已由Minecraft Java 1.20.1 asset index解析
1b33ca18f1e7d8e9427ab9bd7246bb1ff58812a7,1b/1b33ca18f1e7d8e9427ab9bd7246bb1ff58812a7,10857,ogg,minecraft/sounds/block/scaffold/place4.ogg,block.scaffolding.break;block.scaffolding.place,已由Minecraft Java 1.20.1 asset index解析
1b429890e72f1e901bcb989de0d2f1845016936f,1b/1b429890e72f1e901bcb989de0d2f1845016936f,32316,ogg,minecraft/sounds/mob/ravager/step5.ogg,entity.ravager.step,已由Minecraft Java 1.20.1 asset index解析
1b5871a3af4dc425f20f9c1e06297f5fff2f3545,1b/1b5871a3af4dc425f20f9c1e06297f5fff2f3545,12287,ogg,minecraft/sounds/block/sculk_sensor/sculk_clicking1.ogg;minecraft/sounds/mob/warden/tendril_clicks_1.ogg,block.sculk_sensor.clicking;entity.parrot.imitate.warden;entity.warden.tendril_clicks,已由Minecraft Java 1.20.1 asset index解析
1b7075285317276654bfa1eef36bebb8f5f50f00,1b/1b7075285317276654bfa1eef36bebb8f5f50f00,26680,ogg,minecraft/sounds/item/crossbow/quick_charge/quick2_3.ogg,item.crossbow.quick_charge_2,已由Minecraft Java 1.20.1 asset index解析
1b89d175802fd1a24ca927f76fe41d7e8fe882e0,1b/1b89d175802fd1a24ca927f76fe41d7e8fe882e0,25723,ogg,minecraft/sounds/mob/wandering_trader/drink_milk3.ogg,entity.wandering_trader.drink_milk,已由Minecraft Java 1.20.1 asset index解析
1b94779deaf996024639114b3f401171d167ed1c,1b/1b94779deaf996024639114b3f401171d167ed1c,22642,ogg,minecraft/sounds/mob/pillager/idle3.ogg,entity.parrot.imitate.pillager;entity.pillager.ambient,已由Minecraft Java 1.20.1 asset index解析
1bd5a33c1b50627d5fd45a44cf78ad6d96f483dd,1b/1bd5a33c1b50627d5fd45a44cf78ad6d96f483dd,4702,ogg,minecraft/sounds/item/book/close_put1.ogg,item.book.put,已由Minecraft Java 1.20.1 asset index解析
1bd5bc41540c90a5a156377e7d1acde0c82b0e8f,1b/1bd5bc41540c90a5a156377e7d1acde0c82b0e8f,19768,ogg,minecraft/sounds/block/deepslate_bricks/place4.ogg,block.deepslate_bricks.break;block.deepslate_bricks.place;block.deepslate_tiles.break;block.deepslate_tiles.place,已由Minecraft Java 1.20.1 asset index解析
1bdacbed0f0895030d7749bf37f3444af86acb16,1b/1bdacbed0f0895030d7749bf37f3444af86acb16,24910,ogg,,,未在Java 1.20.1 asset index中解析（可能来自其他版本/历史缓存）
1bdb9e214a7833b794b1b4b97796d9f9af12bca5,1b/1bdb9e214a7833b794b1b4b97796d9f9af12bca5,20040,ogg,minecraft/sounds/ui/toast/in.ogg,ui.toast.in,已由Minecraft Java 1.20.1 asset index解析
1bdceb2916bca9c71bc4e0316dfcbc171f655a06,1b/1bdceb2916bca9c71bc4e0316dfcbc171f655a06,8564,ogg,minecraft/sounds/entity/boat/paddle_land2.ogg,entity.boat.paddle_land,已由Minecraft Java 1.20.1 asset index解析
1be6e84cfd3b27ef0578f84f03abbdc3ca45d381,1b/1be6e84cfd3b27ef0578f84f03abbdc3ca45d381,38811,ogg,minecraft/sounds/ambient/underwater/additions/animal2.ogg,ambient.underwater.loop.additions.ultra_rare,已由Minecraft Java 1.20.1 asset index解析
1bfa09dff1d869d875e84287364beaa10c6816e5,1b/1bfa09dff1d869d875e84287364beaa10c6816e5,70843,ogg,minecraft/sounds/item/goat_horn/call7.ogg,item.goat_horn.sound.7,已由Minecraft Java 1.20.1 asset index解析
1c1609152fcd156ddda37c6d8e428175293e1bcf,1c/1c1609152fcd156ddda37c6d8e428175293e1bcf,24869,ogg,minecraft/sounds/mob/frog/death2.ogg,entity.frog.death,已由Minecraft Java 1.20.1 asset index解析
1c262c483a694704cfe7badd978a9eeb49a167a0,1c/1c262c483a694704cfe7badd978a9eeb49a167a0,23333,ogg,minecraft/sounds/mob/axolotl/idle_air5.ogg,entity.axolotl.idle_air,已由Minecraft Java 1.20.1 asset index解析
1c34854baa9fdf7a74fb4553890d347050ca7514,1c/1c34854baa9fdf7a74fb4553890d347050ca7514,17825,ogg,minecraft/sounds/block/vine/climb2.ogg,block.cave_vines.fall;block.cave_vines.hit;block.cave_vines.step;block.vine.fall;block.vine.step,已由Minecraft Java 1.20.1 asset index解析
1c3e5d6ccda1ebf90bd3cbdbfb385fb43601d464,1c/1c3e5d6ccda1ebf90bd3cbdbfb385fb43601d464,8392,ogg,minecraft/sounds/mob/guardian/elder_hit2.ogg,entity.elder_guardian.hurt,已由Minecraft Java 1.20.1 asset index解析
1c6a079997bb8f67a55378e1917c23e45c08b055,1c/1c6a079997bb8f67a55378e1917c23e45c08b055,12264,ogg,,,未在Java 1.20.1 asset index中解析（可能来自其他版本/历史缓存）
1c6cfea5aa5815286558703e21c03abfb92b33ca,1c/1c6cfea5aa5815286558703e21c03abfb92b33ca,8920,ogg,,,未在Java 1.20.1 asset index中解析（可能来自其他版本/历史缓存）
1c6da6a595933a951f5201cc286fbf446d28b953,1c/1c6da6a595933a951f5201cc286fbf446d28b953,564831,json/text,,,未在Java 1.20.1 asset index中解析；本对象不是已识别OGG音频
1c722dfd43b06c28273bc8c56d1d02c1a6ea5e48,1c/1c722dfd43b06c28273bc8c56d1d02c1a6ea5e48,8442,ogg,minecraft/sounds/entity/player/attack/knockback4.ogg,entity.player.attack.knockback,已由Minecraft Java 1.20.1 asset index解析
1c8603f028011265ba9da48f77abe2d6eb38dd44,1c/1c8603f028011265ba9da48f77abe2d6eb38dd44,587258,json/text,,,未在Java 1.20.1 asset index中解析；本对象不是已识别OGG音频
1c8cf9427698ee08d28de9ee188538906d0d575e,1c/1c8cf9427698ee08d28de9ee188538906d0d575e,7292,ogg,,,未在Java 1.20.1 asset index中解析（可能来自其他版本/历史缓存）
1c927f6cfa7908113edcb357e479ce341d589181,1c/1c927f6cfa7908113edcb357e479ce341d589181,190480,ogg,minecraft/sounds/ambient/nether/basalt_deltas/long_debris1.ogg,ambient.basalt_deltas.additions,已由Minecraft Java 1.20.1 asset index解析
1ce98ad4fa36fae05bfa9231990018bf94361e6b,1c/1ce98ad4fa36fae05bfa9231990018bf94361e6b,41760,ogg,minecraft/sounds/ambient/underwater/additions/driplets1.ogg,ambient.underwater.loop.additions.rare,已由Minecraft Java 1.20.1 asset index解析
1cead9b23c178f00cefdfa72028a1a8e11b0c226,1c/1cead9b23c178f00cefdfa72028a1a8e11b0c226,17449,ogg,minecraft/sounds/block/cherrywood_fence_gate/toggle3.ogg,block.cherry_wood_fence_gate.close;block.cherry_wood_fence_gate.open,已由Minecraft Java 1.20.1 asset index解析
1cfd864cbda555477ed9523e640de0d234c18858,1c/1cfd864cbda555477ed9523e640de0d234c18858,8875,ogg,minecraft/sounds/mob/sheep/say2.ogg,entity.sheep.ambient;entity.sheep.death;entity.sheep.hurt,已由Minecraft Java 1.20.1 asset index解析
1d01f05cc92a2e51d8444b1d9082750e52a4a907,1d/1d01f05cc92a2e51d8444b1d9082750e52a4a907,40762,ogg,minecraft/sounds/block/sculk_shrieker/place4.ogg,block.sculk_shrieker.place,已由Minecraft Java 1.20.1 asset index解析
1d0b8c47a543021dabbd461f5bfca9d22f28b48a,1d/1d0b8c47a543021dabbd461f5bfca9d22f28b48a,29230,ogg,minecraft/sounds/block/frogspawn/hatch4.ogg,block.frogspawn.hatch,已由Minecraft Java 1.20.1 asset index解析
1d15957378b747a2daad165dd14acc5689310e9a,1d/1d15957378b747a2daad165dd14acc5689310e9a,4956,ogg,minecraft/sounds/entity/itemframe/break3.ogg,entity.glow_item_frame.break;entity.item_frame.break,已由Minecraft Java 1.20.1 asset index解析
1d183c36f596e85c4fb564ff2667332211e49659,1d/1d183c36f596e85c4fb564ff2667332211e49659,6079,ogg,minecraft/sounds/damage/fallbig.ogg,entity.generic.big_fall;entity.hostile.big_fall;entity.player.big_fall,已由Minecraft Java 1.20.1 asset index解析
1d20194a6b2f883be478830f129e017257374629,1d/1d20194a6b2f883be478830f129e017257374629,5455,ogg,minecraft/sounds/mob/villager/hit2.ogg,entity.villager.hurt,已由Minecraft Java 1.20.1 asset index解析
1d355313b9da07fc2e5c5fb9f3869e9390ec739a,1d/1d355313b9da07fc2e5c5fb9f3869e9390ec739a,24196,ogg,minecraft/sounds/mob/dolphin/eat1.ogg,entity.dolphin.eat,已由Minecraft Java 1.20.1 asset index解析
1d37185f9790e93c2998cc4deea8968506a51d4a,1d/1d37185f9790e93c2998cc4deea8968506a51d4a,60882,ogg,minecraft/sounds/ambient/cave/cave18.ogg,ambient.cave,已由Minecraft Java 1.20.1 asset index解析
1d3cde3cdbf05b92b0c75984d4bc3632b0cb61b6,1d/1d3cde3cdbf05b92b0c75984d4bc3632b0cb61b6,19619,ogg,minecraft/sounds/mob/turtle/walk1.ogg,entity.turtle.shamble,已由Minecraft Java 1.20.1 asset index解析
1d406da37ca1554b7b0c7284dfe67a26d4ce8b2f,1d/1d406da37ca1554b7b0c7284dfe67a26d4ce8b2f,43401,ogg,minecraft/sounds/block/sculk/break12.ogg,block.sculk.break,已由Minecraft Java 1.20.1 asset index解析
1d407e006a12bb9e2085bd131f5858faca224c04,1d/1d407e006a12bb9e2085bd131f5858faca224c04,13978,ogg,minecraft/sounds/block/bamboo/sapling_place2.ogg,block.bamboo_sapling.break;block.bamboo_sapling.place;block.cherry_sapling.break;block.cherry_sapling.place;block.crop.break,已由Minecraft Java 1.20.1 asset index解析
1d488970ff2dd9d19a397c8bd593b82bd061b655,1d/1d488970ff2dd9d19a397c8bd593b82bd061b655,19413,ogg,minecraft/sounds/block/netherrack/break4.ogg,block.netherrack.break;block.netherrack.place,已由Minecraft Java 1.20.1 asset index解析
1d58859744fcc7c09ffecbe16f84752b057d8d77,1d/1d58859744fcc7c09ffecbe16f84752b057d8d77,8936,ogg,minecraft/sounds/mob/polarbear/hurt4.ogg,entity.polar_bear.hurt,已由Minecraft Java 1.20.1 asset index解析
1d69d04c669d82a75da8ea2f8a1a63ebf5fefd0f,1d/1d69d04c669d82a75da8ea2f8a1a63ebf5fefd0f,10441,ogg,minecraft/sounds/item/bucket/fill2.ogg,item.bucket.fill,已由Minecraft Java 1.20.1 asset index解析
1d761cb3bcb45498719e4fba0751e1630e134f1a,1d/1d761cb3bcb45498719e4fba0751e1630e134f1a,7757,ogg,minecraft/sounds/step/gravel1.ogg,block.gravel.fall;block.gravel.hit;block.gravel.step,已由Minecraft Java 1.20.1 asset index解析
1d8eb3f824e8e17c0834a17cf39b9e55b8479c2e,1d/1d8eb3f824e8e17c0834a17cf39b9e55b8479c2e,459345,png,realms/textures/gui/images/11.png,,已由Minecraft Java 1.20.1 asset index解析
1d9a3a8ed523ee760778931a7195df9475685ca7,1d/1d9a3a8ed523ee760778931a7195df9475685ca7,59659,ogg,,,未在Java 1.20.1 asset index中解析（可能来自其他版本/历史缓存）
1dcbca3b0a1c694b7a1e4fb6930c0689840658c0,1d/1dcbca3b0a1c694b7a1e4fb6930c0689840658c0,44998,ogg,minecraft/sounds/block/lodestone/lock2.ogg,item.lodestone_compass.lock,已由Minecraft Java 1.20.1 asset index解析
1ddae4e8dfa605e27ec8278b3e312597b674437e,1d/1ddae4e8dfa605e27ec8278b3e312597b674437e,5645,ogg,minecraft/sounds/mob/wolf/bark3.ogg,entity.wolf.ambient,已由Minecraft Java 1.20.1 asset index解析
1ddbaacef32520869880af7bab6dc3a1dde5f3b9,1d/1ddbaacef32520869880af7bab6dc3a1dde5f3b9,45223,ogg,minecraft/sounds/mob/camel/eat4.ogg,entity.camel.eat,已由Minecraft Java 1.20.1 asset index解析
1dedc4dacb1e77d5f306e27f0151faff33122f12,1d/1dedc4dacb1e77d5f306e27f0151faff33122f12,16479,ogg,,,未在Java 1.20.1 asset index中解析（可能来自其他版本/历史缓存）
1dee4c0f888064c6f403fcc545c3f001f6b8ac86,1d/1dee4c0f888064c6f403fcc545c3f001f6b8ac86,21938,ogg,minecraft/sounds/block/fungus/break6.ogg,block.fungus.break;block.fungus.place,已由Minecraft Java 1.20.1 asset index解析
1e168ded4b7814e80f1921764ca840ae63cc7174,1e/1e168ded4b7814e80f1921764ca840ae63cc7174,24326,ogg,minecraft/sounds/mob/strider/eat1.ogg,entity.strider.eat,已由Minecraft Java 1.20.1 asset index解析
1e197317f402ccc3a62f0ce331889a277cb24365,1e/1e197317f402ccc3a62f0ce331889a277cb24365,29180,ogg,minecraft/sounds/block/soul_soil/break1.ogg,block.soul_soil.break;block.soul_soil.place,已由Minecraft Java 1.20.1 asset index解析
1e23183e9b9325a13ab09f182d39c58601c7078c,1e/1e23183e9b9325a13ab09f182d39c58601c7078c,97324,ogg,minecraft/sounds/block/smoker/smoker4.ogg,block.smoker.smoke;entity.villager.work_butcher,已由Minecraft Java 1.20.1 asset index解析
1e275e041a7511c22b71ac8b4a15bba258a803c5,1e/1e275e041a7511c22b71ac8b4a15bba258a803c5,18852,ogg,minecraft/sounds/block/nether_wood_door/toggle4.ogg,block.nether_wood_door.close;block.nether_wood_door.open,已由Minecraft Java 1.20.1 asset index解析
1e2d4c843c5a67e58557db41d326264f23f5e1a1,1e/1e2d4c843c5a67e58557db41d326264f23f5e1a1,39893,ogg,minecraft/sounds/block/sculk/break13.ogg,block.sculk.break,已由Minecraft Java 1.20.1 asset index解析
1e3649a7ed0f8dd3e45f07dc3257240c83333877,1e/1e3649a7ed0f8dd3e45f07dc3257240c83333877,7531,ogg,minecraft/sounds/mob/stray/idle3.ogg,entity.parrot.imitate.stray;entity.stray.ambient,已由Minecraft Java 1.20.1 asset index解析
1e37a7e44e34d5a0e338c2d57424eaab4ba8eb46,1e/1e37a7e44e34d5a0e338c2d57424eaab4ba8eb46,7783,ogg,minecraft/sounds/block/decorated_pot/break3.ogg,block.decorated_pot.break;block.decorated_pot.place,已由Minecraft Java 1.20.1 asset index解析
1e38ab01b7b4b6b6b9b29d889801440d285cb508,1e/1e38ab01b7b4b6b6b9b29d889801440d285cb508,38428,ogg,minecraft/sounds/item/bonemeal/bonemeal5.ogg,item.bone_meal.use,已由Minecraft Java 1.20.1 asset index解析
1e5627cdb081851d666923bb8aa92a29ca56dc36,1e/1e5627cdb081851d666923bb8aa92a29ca56dc36,16030,ogg,minecraft/sounds/block/powder_snow/break1.ogg,block.powder_snow.break;block.powder_snow.place,已由Minecraft Java 1.20.1 asset index解析
1e831b3fb318a3e1c0deed03a85e05b7da4288c9,1e/1e831b3fb318a3e1c0deed03a85e05b7da4288c9,50523,ogg,minecraft/sounds/mob/drowned/water/idle2.ogg,entity.drowned.ambient_water,已由Minecraft Java 1.20.1 asset index解析
1e9470b35545a17586f1305a20233acc4e104b04,1e/1e9470b35545a17586f1305a20233acc4e104b04,5393,ogg,minecraft/sounds/item/armor/equip_generic4.ogg,item.armor.equip_generic,已由Minecraft Java 1.20.1 asset index解析
1e947fb99bc5f2403724c239a8a7ad5e0f1369dd,1e/1e947fb99bc5f2403724c239a8a7ad5e0f1369dd,36770,ogg,minecraft/sounds/mob/sniffer/searching4.ogg,entity.sniffer.searching,已由Minecraft Java 1.20.1 asset index解析
1e969c6c8882f3aed0542785da2a0e824ca94fc2,1e/1e969c6c8882f3aed0542785da2a0e824ca94fc2,15603,ogg,minecraft/sounds/mob/panda/hurt3.ogg,entity.panda.hurt,已由Minecraft Java 1.20.1 asset index解析
1e99a8f02ad6154660b68863b5dddbfc06aa95a7,1e/1e99a8f02ad6154660b68863b5dddbfc06aa95a7,17561,ogg,minecraft/sounds/block/deepslate/place6.ogg,block.deepslate.place;block.polished_deepslate.place,已由Minecraft Java 1.20.1 asset index解析
1ea3cadc41a5f02efb49b0ade81eb4224c7b92a9,1e/1ea3cadc41a5f02efb49b0ade81eb4224c7b92a9,14206,ogg,minecraft/sounds/mob/turtle/baby/shamble4.ogg,entity.turtle.shamble_baby,已由Minecraft Java 1.20.1 asset index解析
1eaaae4a97cd2cbc75ad2d9c7102aafe0d08eae9,1e/1eaaae4a97cd2cbc75ad2d9c7102aafe0d08eae9,52778,ogg,minecraft/sounds/mob/hoglin/converted2.ogg,entity.hoglin.converted_to_zombified,已由Minecraft Java 1.20.1 asset index解析
1ec3dff91a5db985385bf08d47749872cecc08d9,1e/1ec3dff91a5db985385bf08d47749872cecc08d9,34372,ogg,minecraft/sounds/block/honeyblock/step4.ogg,block.honey_block.fall;block.honey_block.hit;block.honey_block.step,已由Minecraft Java 1.20.1 asset index解析
1ec6fc7f6d86ad5bd72d8f64ee5e4425f9af67a5,1e/1ec6fc7f6d86ad5bd72d8f64ee5e4425f9af67a5,25320,ogg,minecraft/sounds/block/soul_sand/step5.ogg,block.soul_sand.fall;block.soul_sand.hit;block.soul_sand.step,已由Minecraft Java 1.20.1 asset index解析
1eecbb056b9f9c8bb1b69fde9e21a875c77738a4,1e/1eecbb056b9f9c8bb1b69fde9e21a875c77738a4,39360,ogg,minecraft/sounds/block/bubble_column/upwards_ambient4.ogg,block.bubble_column.upwards_ambient,已由Minecraft Java 1.20.1 asset index解析
1f10aaff008cddb25dada8d8caa796624307c8f9,1f/1f10aaff008cddb25dada8d8caa796624307c8f9,10525,ogg,minecraft/sounds/entity/boat/paddle_water2.ogg,entity.boat.paddle_water,已由Minecraft Java 1.20.1 asset index解析
1f13e157e2ff169eef53bab24e65cb40d41b93b6,1f/1f13e157e2ff169eef53bab24e65cb40d41b93b6,6990,ogg,minecraft/sounds/entity/horse/eat2.ogg,entity.donkey.eat;entity.horse.eat;entity.mule.eat,已由Minecraft Java 1.20.1 asset index解析
1f1449907421a81fee5f78d6c6861fa7a2d80ba4,1f/1f1449907421a81fee5f78d6c6861fa7a2d80ba4,16979197,ogg,,,未在Java 1.20.1 asset index中解析（可能来自其他版本/历史缓存）
1f218dcb6948bbbabc47d389e278bd6cb0a5c9e1,1f/1f218dcb6948bbbabc47d389e278bd6cb0a5c9e1,21692,ogg,,,未在Java 1.20.1 asset index中解析（可能来自其他版本/历史缓存）
1f411b36057067939b1aa1b0354ebb8eaa1e980d,1f/1f411b36057067939b1aa1b0354ebb8eaa1e980d,7741,ogg,minecraft/sounds/entity/leashknot/break3.ogg,entity.leash_knot.break,已由Minecraft Java 1.20.1 asset index解析
1f7d377e9b4eae36f14a789c617a002672f12d4a,1f/1f7d377e9b4eae36f14a789c617a002672f12d4a,7428,ogg,minecraft/sounds/mob/evocation_illager/death1.ogg,entity.evoker.death,已由Minecraft Java 1.20.1 asset index解析
1f838023c8cfe5feb98089526c657d2fcdca6767,1f/1f838023c8cfe5feb98089526c657d2fcdca6767,73875,ogg,minecraft/sounds/mob/allay/idle_without_item4.ogg,entity.allay.ambient_without_item,已由Minecraft Java 1.20.1 asset index解析
1f9e21178ee6925556caae8ff875016bb2c8ef7f,1f/1f9e21178ee6925556caae8ff875016bb2c8ef7f,16497,ogg,minecraft/sounds/mob/hoglin/idle11.ogg,entity.hoglin.ambient;entity.hoglin.retreat;entity.parrot.imitate.hoglin,已由Minecraft Java 1.20.1 asset index解析
1fa5512b2716f07b61dce51fb478b550f862e82a,1f/1fa5512b2716f07b61dce51fb478b550f862e82a,16450,ogg,minecraft/sounds/block/bamboo_wood_hanging_sign/break3.ogg,block.bamboo_wood_hanging_sign.break;block.bamboo_wood_hanging_sign.place,已由Minecraft Java 1.20.1 asset index解析
1fd3b994ec940d0cadd370ef1065ddbef2d3f2be,1f/1fd3b994ec940d0cadd370ef1065ddbef2d3f2be,7685,ogg,,,未在Java 1.20.1 asset index中解析（可能来自其他版本/历史缓存）
1fe55546f73bad54acbba822b76d60490ce6606e,1f/1fe55546f73bad54acbba822b76d60490ce6606e,28391,ogg,minecraft/sounds/mob/hoglin/idle5.ogg,entity.hoglin.ambient;entity.parrot.imitate.hoglin,已由Minecraft Java 1.20.1 asset index解析
1fe672d2cc31b1c9aacac9a29d34ec085bd9139b,1f/1fe672d2cc31b1c9aacac9a29d34ec085bd9139b,26159,ogg,,,未在Java 1.20.1 asset index中解析（可能来自其他版本/历史缓存）
1feb74db490a786a656387fc2ac8d682730228e2,1f/1feb74db490a786a656387fc2ac8d682730228e2,77125,ogg,minecraft/sounds/ambient/underwater/additions/bass_whale2.ogg,ambient.underwater.loop.additions.rare,已由Minecraft Java 1.20.1 asset index解析
1ffc6f4549c2a00c29ebe5cd54d907ea9345df9e,1f/1ffc6f4549c2a00c29ebe5cd54d907ea9345df9e,22796,ogg,minecraft/sounds/item/armor/equip_netherite4.ogg,item.armor.equip_netherite,已由Minecraft Java 1.20.1 asset index解析
1fff9fe2769f81cbc68d1e4e44b8b69002d31cf6,1f/1fff9fe2769f81cbc68d1e4e44b8b69002d31cf6,16436,ogg,minecraft/sounds/block/bamboo_wood/break1.ogg,block.bamboo_wood.break;block.bamboo_wood.place,已由Minecraft Java 1.20.1 asset index解析
201900635070f841f7de6c9575339ea219eb94c2,20/201900635070f841f7de6c9575339ea219eb94c2,14453,ogg,minecraft/sounds/block/candle/break3.ogg,block.candle.break;block.candle.place,已由Minecraft Java 1.20.1 asset index解析
201fc02e913f277c2a599fee21d0cefd24abe977,20/201fc02e913f277c2a599fee21d0cefd24abe977,7670,ogg,minecraft/sounds/item/armor/equip_iron2.ogg,item.armor.equip_iron,已由Minecraft Java 1.20.1 asset index解析
2027da76b4b44d631391de86b885e134ae63d04e,20/2027da76b4b44d631391de86b885e134ae63d04e,20336,ogg,minecraft/sounds/block/sculk_sensor/sculk_clicking_stop4.ogg,block.sculk_sensor.clicking_stop,已由Minecraft Java 1.20.1 asset index解析
204b51ed92fafc4fe90a275d012db53583a3671b,20/204b51ed92fafc4fe90a275d012db53583a3671b,38598,ogg,minecraft/sounds/mob/sniffer/idle2.ogg,entity.sniffer.idle,已由Minecraft Java 1.20.1 asset index解析
2058482af88dfd6892c5ed07143998e18296964a,20/2058482af88dfd6892c5ed07143998e18296964a,44003,ogg,minecraft/sounds/block/sculk/break3.ogg,block.sculk.break,已由Minecraft Java 1.20.1 asset index解析
206c9e28760fbb9667bf45185a44f86349a5d229,20/206c9e28760fbb9667bf45185a44f86349a5d229,15679,ogg,minecraft/sounds/block/tuff/step6.ogg,block.tuff.fall;block.tuff.hit;block.tuff.step,已由Minecraft Java 1.20.1 asset index解析
207769920359910280bd391d92d610c80621f35e,20/207769920359910280bd391d92d610c80621f35e,339502,ogg,minecraft/sounds/ambient/nether/nether_wastes/addition3.ogg,ambient.nether_wastes.additions,已由Minecraft Java 1.20.1 asset index解析
207b29e3b5a3b6d169000a12dc9b4e1c5c06133d,20/207b29e3b5a3b6d169000a12dc9b4e1c5c06133d,256703,ogg,minecraft/sounds/mob/warden/emerge.ogg,entity.warden.emerge,已由Minecraft Java 1.20.1 asset index解析
207b5670aee2f35605f205bb4223ed8a37eb4db3,20/207b5670aee2f35605f205bb4223ed8a37eb4db3,11922,ogg,minecraft/sounds/mob/frog/step4.ogg,entity.frog.step,已由Minecraft Java 1.20.1 asset index解析
208fbecfa34a4f45e2d4442ef42f958aed618616,20/208fbecfa34a4f45e2d4442ef42f958aed618616,588163,json/text,,,未在Java 1.20.1 asset index中解析；本对象不是已识别OGG音频
209a37c10f716cd20eb9837e2a89fb2b60614703,20/209a37c10f716cd20eb9837e2a89fb2b60614703,13973,ogg,minecraft/sounds/entity/fish/hurt3.ogg,entity.cod.death;entity.cod.hurt;entity.salmon.death;entity.salmon.hurt;entity.tropical_fish.death;entity.tropical_fish.hurt,已由Minecraft Java 1.20.1 asset index解析
20a8f42ea5b8b2bc2f7b3f6b2d57cfc8fbf8bfbd,20/20a8f42ea5b8b2bc2f7b3f6b2d57cfc8fbf8bfbd,38899,ogg,,,未在Java 1.20.1 asset index中解析（可能来自其他版本/历史缓存）
20abaa7d3b0baa105bc6023d5308f1e5d76acc41,20/20abaa7d3b0baa105bc6023d5308f1e5d76acc41,11577,ogg,minecraft/sounds/mob/horse/leather.ogg,entity.camel.saddle;entity.horse.saddle;entity.pig.saddle;entity.strider.saddle,已由Minecraft Java 1.20.1 asset index解析
20c0daaed4cc2a8b4dee028c8c85185e1322b003,20/20c0daaed4cc2a8b4dee028c8c85185e1322b003,18392,ogg,minecraft/sounds/step/wood3.ogg,block.wood.fall;block.wood.hit;block.wood.step,已由Minecraft Java 1.20.1 asset index解析
20d06589bd5ab81a73989bdac8ca59ecd4d66932,20/20d06589bd5ab81a73989bdac8ca59ecd4d66932,6274,ogg,minecraft/sounds/note/pling.ogg,block.note_block.pling,已由Minecraft Java 1.20.1 asset index解析
20ddc6a5fec1f7be2d92c73ffed513855fe7a906,20/20ddc6a5fec1f7be2d92c73ffed513855fe7a906,5632,ogg,minecraft/sounds/mob/llama/step2.ogg,entity.llama.step,已由Minecraft Java 1.20.1 asset index解析
20e4e615ef22d60605f624f75f10fdab41f81389,20/20e4e615ef22d60605f624f75f10fdab41f81389,39647,ogg,minecraft/sounds/mob/warden/step_2.ogg,entity.warden.step,已由Minecraft Java 1.20.1 asset index解析
20f3a2ff177f0dc4e94c19cd732433f5a3ea86ff,20/20f3a2ff177f0dc4e94c19cd732433f5a3ea86ff,25173,ogg,minecraft/sounds/block/muddy_mangrove_roots/break2.ogg,block.muddy_mangrove_roots.break;block.muddy_mangrove_roots.place,已由Minecraft Java 1.20.1 asset index解析
2106f2509f5c64a2e7d26990295d6162a8f6026a,21/2106f2509f5c64a2e7d26990295d6162a8f6026a,22820,ogg,minecraft/sounds/block/chiseled_bookshelf/insert_enchanted1.ogg,block.chiseled_bookshelf.insert.enchanted,已由Minecraft Java 1.20.1 asset index解析
210c839d6fab655373b3a5e4c278f59dff4936d8,21/210c839d6fab655373b3a5e4c278f59dff4936d8,91536,ogg,minecraft/sounds/ui/toast/challenge_complete.ogg,ui.toast.challenge_complete,已由Minecraft Java 1.20.1 asset index解析
2119d7381d136b43a9ba78b1325de275d549f50e,21/2119d7381d136b43a9ba78b1325de275d549f50e,20726,ogg,minecraft/sounds/mob/zoglin/idle5.ogg,entity.parrot.imitate.zoglin;entity.zoglin.ambient,已由Minecraft Java 1.20.1 asset index解析
21464f4cfb0163f9071d2a84d818bd5ac5b6eee6,21/21464f4cfb0163f9071d2a84d818bd5ac5b6eee6,7472,ogg,minecraft/sounds/block/wooden_door/open2.ogg,block.wooden_door.open,已由Minecraft Java 1.20.1 asset index解析
2153a99ee979bea5121c8465cbaf905e1d1cb0ac,21/2153a99ee979bea5121c8465cbaf905e1d1cb0ac,10413,ogg,minecraft/sounds/block/cherrywood_trapdoor/toggle3.ogg,block.cherry_wood_trapdoor.close;block.cherry_wood_trapdoor.open,已由Minecraft Java 1.20.1 asset index解析
2158a1374fc76bce3fe8ce175d836edd8d17216b,21/2158a1374fc76bce3fe8ce175d836edd8d17216b,52529,ogg,minecraft/sounds/item/brush/brushing_gravel_complete1.ogg,item.brush.brushing.gravel.complete,已由Minecraft Java 1.20.1 asset index解析
2169e0302e1d7ce1e32dc8d41648c8059da5eaa7,21/2169e0302e1d7ce1e32dc8d41648c8059da5eaa7,8524,ogg,minecraft/sounds/mob/stray/step4.ogg,entity.stray.step,已由Minecraft Java 1.20.1 asset index解析
217747b812c44ee59cf5f8226b88154b83b7ca16,21/217747b812c44ee59cf5f8226b88154b83b7ca16,14014,ogg,minecraft/sounds/mob/panda/cant_breed1.ogg,entity.panda.cant_breed,已由Minecraft Java 1.20.1 asset index解析
217d71d1a5eb91491a8f6f5e7e648c08179e3e2f,21/217d71d1a5eb91491a8f6f5e7e648c08179e3e2f,25613,ogg,minecraft/sounds/block/suspicious_sand/break3.ogg,block.suspicious_sand.break,已由Minecraft Java 1.20.1 asset index解析
2184b99fa3e4a6d96df77eac54852b57ebb0bfc5,21/2184b99fa3e4a6d96df77eac54852b57ebb0bfc5,20308,ogg,minecraft/sounds/block/nylium/break4.ogg,block.nylium.break;block.nylium.place,已由Minecraft Java 1.20.1 asset index解析
218cd5a0087f2955c8e2cd0ec8777343e204474c,21/218cd5a0087f2955c8e2cd0ec8777343e204474c,427527,ogg,minecraft/sounds/ambient/nether/soulsand_valley/wind2.ogg,ambient.basalt_deltas.additions;ambient.soul_sand_valley.additions,已由Minecraft Java 1.20.1 asset index解析
21a2e6ab55d2cae46bc0cc5762c2869075f1aded,21/21a2e6ab55d2cae46bc0cc5762c2869075f1aded,11838,ogg,minecraft/sounds/block/bamboo/place6.ogg,block.bamboo.break;block.bamboo.place,已由Minecraft Java 1.20.1 asset index解析
21a77376a2b2e2cc2cb8dcd75f718a1a5d6cdb92,21/21a77376a2b2e2cc2cb8dcd75f718a1a5d6cdb92,27944,ogg,minecraft/sounds/mob/zoglin/idle4.ogg,entity.parrot.imitate.zoglin;entity.zoglin.ambient,已由Minecraft Java 1.20.1 asset index解析
21c7c1403ddc62ebf24deca09f92c4b317c88182,21/21c7c1403ddc62ebf24deca09f92c4b317c88182,19823,ogg,minecraft/sounds/block/bamboo_wood/step1.ogg,block.bamboo_wood.fall;block.bamboo_wood.hit;block.bamboo_wood.step,已由Minecraft Java 1.20.1 asset index解析
21cbb828c74cc59abca03e14579c7ab9e93240a3,21/21cbb828c74cc59abca03e14579c7ab9e93240a3,28972,ogg,minecraft/sounds/block/sculk_catalyst/place5.ogg,block.sculk_catalyst.place,已由Minecraft Java 1.20.1 asset index解析
21d4ebdf82249ccdcda3f01b23bb783490fe57d7,21/21d4ebdf82249ccdcda3f01b23bb783490fe57d7,17928,ogg,minecraft/sounds/block/decorated_pot/shatter2.ogg,block.decorated_pot.shatter,已由Minecraft Java 1.20.1 asset index解析
220e698dd673ceccb25cc9e7428fb2ab76c01ddb,22/220e698dd673ceccb25cc9e7428fb2ab76c01ddb,17729,ogg,minecraft/sounds/block/chiseled_bookshelf/break1.ogg,block.chiseled_bookshelf.break;block.chiseled_bookshelf.place,已由Minecraft Java 1.20.1 asset index解析
220ea567d9aa04ba2eacb9615986d4266b62695c,22/220ea567d9aa04ba2eacb9615986d4266b62695c,19257,ogg,minecraft/sounds/block/mangrove_roots/step4.ogg,block.mangrove_roots.fall;block.mangrove_roots.hit;block.mangrove_roots.step,已由Minecraft Java 1.20.1 asset index解析
2211e494688ba04b0c4658ed74d7e48c2d391c33,22/2211e494688ba04b0c4658ed74d7e48c2d391c33,4720,ogg,minecraft/sounds/entity/painting/place2.ogg,entity.painting.place,已由Minecraft Java 1.20.1 asset index解析
222cd346222e0145d21ced318a7a293bfbe7ba79,22/222cd346222e0145d21ced318a7a293bfbe7ba79,17017,ogg,minecraft/sounds/block/smithing_table/smithing_table1.ogg,block.smithing_table.use;entity.villager.work_toolsmith,已由Minecraft Java 1.20.1 asset index解析
225ea910feacca1194576deab74cb468f5b45f47,22/225ea910feacca1194576deab74cb468f5b45f47,40657,ogg,minecraft/sounds/mob/turtle/baby/death2.ogg,entity.turtle.death_baby,已由Minecraft Java 1.20.1 asset index解析
227ab99bf7c6cf0b2002e0f7957d0ff7e5cb0c96,22/227ab99bf7c6cf0b2002e0f7957d0ff7e5cb0c96,7126,ogg,minecraft/sounds/step/grass1.ogg,block.grass.fall;block.grass.hit;block.grass.step;block.vine.hit,已由Minecraft Java 1.20.1 asset index解析
227add185cd9aa17f0f423f68815e63f20596a4f,22/227add185cd9aa17f0f423f68815e63f20596a4f,16658,ogg,minecraft/sounds/block/big_dripleaf/step2.ogg,block.big_dripleaf.fall;block.big_dripleaf.hit;block.big_dripleaf.step;block.small_dripleaf.fall;block.small_dripleaf.hit;block.small_dripleaf.step,已由Minecraft Java 1.20.1 asset index解析
228bab6d9b09994dc407b9d022bebca791d81c16,22/228bab6d9b09994dc407b9d022bebca791d81c16,13553,ogg,minecraft/sounds/mob/cow/say2.ogg,entity.cow.ambient,已由Minecraft Java 1.20.1 asset index解析
22a383d9c22342305a4f16fec0bb479a885f8da2,22/22a383d9c22342305a4f16fec0bb479a885f8da2,7086,ogg,minecraft/sounds/step/stone2.ogg,block.anvil.fall;block.anvil.hit;block.anvil.step;block.glass.fall;block.glass.hit;block.glass.step;block.lodestone.fall;block.lodestone.hit;block.lodestone.step;block.metal.fall;block.metal.hit;block.metal.step;block.stone.fall;block.stone.hit;block.stone.step,已由Minecraft Java 1.20.1 asset index解析
22a491f266f5c3cdd6e669a9493daaf40c9c8575,22/22a491f266f5c3cdd6e669a9493daaf40c9c8575,11333,ogg,minecraft/sounds/random/splash.ogg,entity.fishing_bobber.splash,已由Minecraft Java 1.20.1 asset index解析
22bac75c94ddf2d843e383b2e7289cacb579d6cb,22/22bac75c94ddf2d843e383b2e7289cacb579d6cb,28037,ogg,minecraft/sounds/mob/zoglin/step4.ogg,entity.zoglin.step,已由Minecraft Java 1.20.1 asset index解析
22c318f9a3387146d0a5c4e904509f7bf3131213,22/22c318f9a3387146d0a5c4e904509f7bf3131213,68665,ogg,minecraft/sounds/mob/warden/nearby_closer_2.ogg,entity.warden.nearby_closer,已由Minecraft Java 1.20.1 asset index解析
22ca3b48d2e6110484c0e32dff16aef236ead168,22/22ca3b48d2e6110484c0e32dff16aef236ead168,21025,ogg,,,未在Java 1.20.1 asset index中解析（可能来自其他版本/历史缓存）
22d8738b0d26532de8cedee5a742d388f2dafca3,22/22d8738b0d26532de8cedee5a742d388f2dafca3,21844,ogg,minecraft/sounds/mob/strider/hurt1.ogg,entity.strider.hurt,已由Minecraft Java 1.20.1 asset index解析
22da6ac6bf6d6ffbae0f9d7eb64c23a407ccd0b1,22/22da6ac6bf6d6ffbae0f9d7eb64c23a407ccd0b1,16029,ogg,minecraft/sounds/item/plant/netherwart6.ogg,block.fungus.step;block.nether_wart.break;item.nether_wart.plant,已由Minecraft Java 1.20.1 asset index解析
22ed26394cb6f6b5eeb2ceb54fb50608798d19e8,22/22ed26394cb6f6b5eeb2ceb54fb50608798d19e8,19699,ogg,minecraft/sounds/mob/wither/idle1.ogg,entity.parrot.imitate.wither;entity.wither.ambient,已由Minecraft Java 1.20.1 asset index解析
23360665fe34480dae0056e9f11ef6c47cc8e3df,23/23360665fe34480dae0056e9f11ef6c47cc8e3df,22480,ogg,minecraft/sounds/mob/vex/idle2.ogg,entity.parrot.imitate.vex;entity.vex.ambient,已由Minecraft Java 1.20.1 asset index解析
233b338e13c17aec1048de3b17f8574ce8ea8049,23/233b338e13c17aec1048de3b17f8574ce8ea8049,10774,ogg,minecraft/sounds/mob/camel/step5.ogg,entity.camel.step,已由Minecraft Java 1.20.1 asset index解析
2349535d52c0008e452bc1007d32fd0dca5a985c,23/2349535d52c0008e452bc1007d32fd0dca5a985c,47671,ogg,minecraft/sounds/mob/sniffer/idle9.ogg,entity.sniffer.idle,已由Minecraft Java 1.20.1 asset index解析
234d6a686516c264a370ea834b87d47ae7334ef7,23/234d6a686516c264a370ea834b87d47ae7334ef7,6615,ogg,minecraft/sounds/item/book/open_flip1.ogg,entity.villager.work_librarian;item.book.page_turn,已由Minecraft Java 1.20.1 asset index解析
235c819f1950633b04c2c32dd9614b41e4f5de9b,23/235c819f1950633b04c2c32dd9614b41e4f5de9b,13534,ogg,minecraft/sounds/block/big_dripleaf/break6.ogg,block.big_dripleaf.break;block.big_dripleaf.place;block.small_dripleaf.break;block.small_dripleaf.place,已由Minecraft Java 1.20.1 asset index解析
235e7af4907c65bb96187d13f3f77e56345ed053,23/235e7af4907c65bb96187d13f3f77e56345ed053,14467,ogg,minecraft/sounds/mob/hoglin/idle2.ogg,entity.hoglin.ambient;entity.parrot.imitate.hoglin,已由Minecraft Java 1.20.1 asset index解析
236d6b2e2841e6eeaff442cf4599ac8f1d0c87bf,23/236d6b2e2841e6eeaff442cf4599ac8f1d0c87bf,12087,ogg,minecraft/sounds/block/lantern/place2.ogg,block.lantern.hit;block.lantern.place,已由Minecraft Java 1.20.1 asset index解析
237780d9346ca90ac1d0c91e322bbab088b957cc,23/237780d9346ca90ac1d0c91e322bbab088b957cc,39902,ogg,minecraft/sounds/mob/camel/eat5.ogg,entity.camel.eat,已由Minecraft Java 1.20.1 asset index解析
2384f3fe4459fd2b28caf2162bc855da702b6969,23/2384f3fe4459fd2b28caf2162bc855da702b6969,13001,ogg,minecraft/sounds/mob/panda/idle3.ogg,entity.panda.ambient,已由Minecraft Java 1.20.1 asset index解析
23af44d4ebfc4bb8245e3fe1906e620daf78367c,23/23af44d4ebfc4bb8245e3fe1906e620daf78367c,39603,ogg,minecraft/sounds/block/cauldron/dye1.ogg,entity.villager.work_leatherworker,已由Minecraft Java 1.20.1 asset index解析
240d7af9ddb309e5e6b30f5b69b163bda9f43d8e,24/240d7af9ddb309e5e6b30f5b69b163bda9f43d8e,12080,ogg,minecraft/sounds/block/calcite/place4.ogg,block.calcite.place,已由Minecraft Java 1.20.1 asset index解析
241676c23b528442c0c4644574a1ebfe1994290f,24/241676c23b528442c0c4644574a1ebfe1994290f,153613,ogg,minecraft/sounds/ambient/nether/nether_wastes/dark2.ogg,ambient.nether_wastes.additions,已由Minecraft Java 1.20.1 asset index解析
241e9041f3af4d599a093d66599823f27a7c9c7c,24/241e9041f3af4d599a093d66599823f27a7c9c7c,20717,ogg,minecraft/sounds/block/cherry_leaves/break3.ogg,block.cherry_leaves.break;block.cherry_leaves.place;block.pink_petals.break;block.pink_petals.place,已由Minecraft Java 1.20.1 asset index解析
242114e81d0f4858d91fe06b7e78b86eec3127cd,24/242114e81d0f4858d91fe06b7e78b86eec3127cd,5424,ogg,minecraft/sounds/mob/villager/hit3.ogg,entity.villager.hurt,已由Minecraft Java 1.20.1 asset index解析
2433e0f1cfd53dab77422aca9f60f3d9a86d9991,24/2433e0f1cfd53dab77422aca9f60f3d9a86d9991,8360,ogg,minecraft/sounds/mob/horse/gallop2.ogg,entity.horse.gallop,已由Minecraft Java 1.20.1 asset index解析
243baca34df37ca21fa8be071eb68a9d48778c84,24/243baca34df37ca21fa8be071eb68a9d48778c84,15322,ogg,minecraft/sounds/block/mud_bricks/break3.ogg,block.mud_bricks.break;block.mud_bricks.place,已由Minecraft Java 1.20.1 asset index解析
2452c64a55eaef86bf1b668bb4d5f3b641cd8f25,24/2452c64a55eaef86bf1b668bb4d5f3b641cd8f25,5398,ogg,minecraft/sounds/mob/wolf/bark1.ogg,entity.wolf.ambient,已由Minecraft Java 1.20.1 asset index解析
24859b29b627b20251e47f38a1a4cab44bff9b11,24/24859b29b627b20251e47f38a1a4cab44bff9b11,6994,ogg,minecraft/sounds/mob/guardian/flop3.ogg,entity.elder_guardian.flop;entity.guardian.flop,已由Minecraft Java 1.20.1 asset index解析
2488018ea5ecf96867a32fb4277e0da286905514,24/2488018ea5ecf96867a32fb4277e0da286905514,5855,ogg,minecraft/sounds/mob/parrot/idle4.ogg,entity.parrot.ambient,已由Minecraft Java 1.20.1 asset index解析
24cd1999c9981792bce3cee255b30b9b2591bc6f,24/24cd1999c9981792bce3cee255b30b9b2591bc6f,26432,ogg,minecraft/sounds/mob/frog/idle8.ogg,entity.frog.ambient;entity.tadpole.grow_up,已由Minecraft Java 1.20.1 asset index解析
24cdac5a80fdad7ab31dc0695b57ece55aecb21a,24/24cdac5a80fdad7ab31dc0695b57ece55aecb21a,10410,ogg,minecraft/sounds/mob/silverfish/kill.ogg,entity.endermite.death;entity.silverfish.death,已由Minecraft Java 1.20.1 asset index解析
24d643885f9b83d8f034f49e2c5e00e70d4f175a,24/24d643885f9b83d8f034f49e2c5e00e70d4f175a,21883,ogg,minecraft/sounds/mob/blaze/breathe3.ogg,entity.blaze.ambient;entity.parrot.imitate.blaze,已由Minecraft Java 1.20.1 asset index解析
24da11ed54374340a74a506b868fcaf28c97da3b,24/24da11ed54374340a74a506b868fcaf28c97da3b,6391,ogg,minecraft/sounds/mob/parrot/death2.ogg,entity.parrot.death,已由Minecraft Java 1.20.1 asset index解析
24de6468a71d73e4d139d71c8e2704b0db7e81f8,24/24de6468a71d73e4d139d71c8e2704b0db7e81f8,15803,ogg,minecraft/sounds/block/cherrywood_trapdoor/toggle2.ogg,block.cherry_wood_trapdoor.close;block.cherry_wood_trapdoor.open,已由Minecraft Java 1.20.1 asset index解析
24f9d27b2f110847f7e02cad9f53d0dc65558ec4,24/24f9d27b2f110847f7e02cad9f53d0dc65558ec4,26508,ogg,minecraft/sounds/mob/bee/pollinate4.ogg,entity.bee.pollinate,已由Minecraft Java 1.20.1 asset index解析
2506c9b39df178c2ca6a22256220ff7f885a1b43,25/2506c9b39df178c2ca6a22256220ff7f885a1b43,23044,ogg,minecraft/sounds/mob/bee/pollinate1.ogg,entity.bee.pollinate,已由Minecraft Java 1.20.1 asset index解析
251f772fcc263d83b98d448f1a234b877ae24730,25/251f772fcc263d83b98d448f1a234b877ae24730,15406,ogg,minecraft/sounds/dig/coral2.ogg,block.coral_block.break;block.coral_block.place,已由Minecraft Java 1.20.1 asset index解析
2547273a5e0180d07dab15b05f0c95a2da22f622,25/2547273a5e0180d07dab15b05f0c95a2da22f622,15043,ogg,minecraft/sounds/item/plant/netherwart4.ogg,block.fungus.step;block.nether_wart.break;item.nether_wart.plant,已由Minecraft Java 1.20.1 asset index解析
25587265091588684eb99d4f99fbdfadf6adac1f,25/25587265091588684eb99d4f99fbdfadf6adac1f,29297,ogg,minecraft/sounds/mob/cat/purreow2.ogg,entity.cat.purreow,已由Minecraft Java 1.20.1 asset index解析
255f7e21123c3647bd80c973e6a73d7854b2a1be,25/255f7e21123c3647bd80c973e6a73d7854b2a1be,7715,ogg,minecraft/sounds/mob/villager/no1.ogg,entity.villager.no,已由Minecraft Java 1.20.1 asset index解析
2568ad69e8c6b393bc64745ee825c4026a0cc06d,25/2568ad69e8c6b393bc64745ee825c4026a0cc06d,14972,ogg,minecraft/sounds/block/enchantment_table/enchant2.ogg,block.enchantment_table.use,已由Minecraft Java 1.20.1 asset index解析
257fd22cee343758c8562ac83a6b361c51058d11,25/257fd22cee343758c8562ac83a6b361c51058d11,1107397,json/text,,,未在Java 1.20.1 asset index中解析；本对象不是已识别OGG音频
2589440360a753366983702bd4c6e8f9c7aa9510,25/2589440360a753366983702bd4c6e8f9c7aa9510,353979,ogg,minecraft/sounds/ambient/nether/warped_forest/addition5.ogg,ambient.warped_forest.additions,已由Minecraft Java 1.20.1 asset index解析
25923916867fa5aedf01d1f646c21b88c3dd69d0,25/25923916867fa5aedf01d1f646c21b88c3dd69d0,190726,ogg,minecraft/sounds/mob/sniffer/longdig1.ogg,entity.sniffer.digging,已由Minecraft Java 1.20.1 asset index解析
2599920592fc8357252ac10b1cc8ff29346b0ede,25/2599920592fc8357252ac10b1cc8ff29346b0ede,15240,ogg,minecraft/sounds/block/pointed_dripstone/drip_water13.ogg,block.pointed_dripstone.drip_water,已由Minecraft Java 1.20.1 asset index解析
25b287d0f5b881618ceb8dcb867130bf63e87f30,25/25b287d0f5b881618ceb8dcb867130bf63e87f30,17795,ogg,minecraft/sounds/entity/pufferfish/flop2.ogg,entity.puffer_fish.flop,已由Minecraft Java 1.20.1 asset index解析
25c195e57a783cf41bbae7ab7a417717b8fc0e0a,25/25c195e57a783cf41bbae7ab7a417717b8fc0e0a,12102,ogg,minecraft/sounds/entity/fish/flop4.ogg,entity.cod.flop;entity.salmon.flop;entity.tadpole.flop;entity.tropical_fish.flop,已由Minecraft Java 1.20.1 asset index解析
25c7d39466742203c044958a6063b13c0a372ebb,25/25c7d39466742203c044958a6063b13c0a372ebb,41099,ogg,minecraft/sounds/mob/turtle/baby/egg_hatched3.ogg,entity.turtle.egg_hatch,已由Minecraft Java 1.20.1 asset index解析
25d0234892152c34786c35edc2db185a2b9006eb,25/25d0234892152c34786c35edc2db185a2b9006eb,16851,ogg,minecraft/sounds/mob/frog/long_jump1.ogg,entity.frog.long_jump,已由Minecraft Java 1.20.1 asset index解析
25d946823bfe74465b6b099461a6b76ebf585e84,25/25d946823bfe74465b6b099461a6b76ebf585e84,19099,ogg,,,未在Java 1.20.1 asset index中解析（可能来自其他版本/历史缓存）
25e56e7e1e759d818d771387c8e603cf67171a18,25/25e56e7e1e759d818d771387c8e603cf67171a18,29379,ogg,minecraft/sounds/mob/zoglin/angry1.ogg,entity.zoglin.angry,已由Minecraft Java 1.20.1 asset index解析
25fc442f8a0abf99be8e7f507e63c5866a055c70,25/25fc442f8a0abf99be8e7f507e63c5866a055c70,5045,ogg,minecraft/sounds/entity/shulker/open4.ogg,entity.shulker.open,已由Minecraft Java 1.20.1 asset index解析
25fd44762080eefc97b3521c345a702e51e6526e,25/25fd44762080eefc97b3521c345a702e51e6526e,31607,ogg,minecraft/sounds/block/soul_sand/break7.ogg,block.soul_sand.break;block.soul_sand.place,已由Minecraft Java 1.20.1 asset index解析
26073b1303e3d12275fc4d28d05ea3205fba9e08,26/26073b1303e3d12275fc4d28d05ea3205fba9e08,17226,ogg,minecraft/sounds/block/big_dripleaf/break5.ogg,block.big_dripleaf.break;block.big_dripleaf.place;block.small_dripleaf.break;block.small_dripleaf.place,已由Minecraft Java 1.20.1 asset index解析
26549ef538f7406fb870432f3fe11a807c16ef82,26/26549ef538f7406fb870432f3fe11a807c16ef82,24657,ogg,minecraft/sounds/mob/axolotl/idle_air4.ogg,entity.axolotl.idle_air,已由Minecraft Java 1.20.1 asset index解析
2668a9a1cca498dcd2eb51f06a3914a31777b7b2,26/2668a9a1cca498dcd2eb51f06a3914a31777b7b2,30358,ogg,minecraft/sounds/mob/wandering_trader/idle3.ogg,entity.wandering_trader.ambient,已由Minecraft Java 1.20.1 asset index解析
266c9719ad8173f17c330271aa748306c59ea1a4,26/266c9719ad8173f17c330271aa748306c59ea1a4,45709,ogg,minecraft/sounds/block/sculk_shrieker/place1.ogg,block.sculk_shrieker.place,已由Minecraft Java 1.20.1 asset index解析
26a12b0f58bbc075d791a88a4c40ea483f5f68aa,26/26a12b0f58bbc075d791a88a4c40ea483f5f68aa,6546,ogg,minecraft/sounds/mob/llama/eat1.ogg,entity.llama.eat,已由Minecraft Java 1.20.1 asset index解析
26ad18d9f4ef0a71255459b5f01b738b81dbc7dc,26/26ad18d9f4ef0a71255459b5f01b738b81dbc7dc,1970,png,icons/snapshot/icon_32x32.png,,已由Minecraft Java 1.20.1 asset index解析
26c121371d00227c0ac280e5099957ec579e1d28,26/26c121371d00227c0ac280e5099957ec579e1d28,31702,ogg,minecraft/sounds/block/sculk/step3.ogg,block.sculk.fall;block.sculk.hit;block.sculk.step;block.sculk_sensor.fall;block.sculk_sensor.hit;block.sculk_sensor.step;block.sculk_shrieker.fall;block.sculk_shrieker.hit;block.sculk_shrieker.step;block.sculk_vein.fall;block.sculk_vein.hit;block.sculk_vein.step,已由Minecraft Java 1.20.1 asset index解析
26c66e23e467bd088fc3341d49620a9ea992af7e,26/26c66e23e467bd088fc3341d49620a9ea992af7e,5768,ogg,minecraft/sounds/mob/parrot/death1.ogg,entity.parrot.death,已由Minecraft Java 1.20.1 asset index解析
26d8fc6a71a7d911a8fd88edebc460030dc48e67,26/26d8fc6a71a7d911a8fd88edebc460030dc48e67,15380,ogg,minecraft/sounds/mob/husk/idle1.ogg,entity.husk.ambient;entity.parrot.imitate.husk,已由Minecraft Java 1.20.1 asset index解析
26e01cbc875eff13cff798fd803b8cc1639393bc,26/26e01cbc875eff13cff798fd803b8cc1639393bc,202212,ogg,minecraft/sounds/ambient/nether/warped_forest/here2.ogg,ambient.warped_forest.additions,已由Minecraft Java 1.20.1 asset index解析
26fa8b1ef22ddf5df9208ad60a1fafa07e3ae79e,26/26fa8b1ef22ddf5df9208ad60a1fafa07e3ae79e,5797,ogg,minecraft/sounds/mob/illusion_illager/hurt1.ogg,entity.illusioner.hurt,已由Minecraft Java 1.20.1 asset index解析
27132102cc62dbd42716cd0bf5906420265bb32d,27/27132102cc62dbd42716cd0bf5906420265bb32d,17083011,ogg,,,未在Java 1.20.1 asset index中解析（可能来自其他版本/历史缓存）
2714ed98e33dfc1167b6ca08971cb108b23971ed,27/2714ed98e33dfc1167b6ca08971cb108b23971ed,21564,ogg,minecraft/sounds/mob/wandering_trader/yes2.ogg,entity.wandering_trader.yes,已由Minecraft Java 1.20.1 asset index解析
271f0b289d320620d5f8b4742867a4d0b1d24643,27/271f0b289d320620d5f8b4742867a4d0b1d24643,18349,ogg,minecraft/sounds/block/amethyst/place1.ogg,block.amethyst_block.place,已由Minecraft Java 1.20.1 asset index解析
273bea0342e06591b3e2681f737571f1e002207a,27/273bea0342e06591b3e2681f737571f1e002207a,26590,ogg,minecraft/sounds/mob/axolotl/attack3.ogg,entity.axolotl.attack,已由Minecraft Java 1.20.1 asset index解析
27639caa436a2372f2a278f4166c42210ce5f025,27/27639caa436a2372f2a278f4166c42210ce5f025,20845,ogg,minecraft/sounds/mob/wandering_trader/drink_milk2.ogg,entity.wandering_trader.drink_milk,已由Minecraft Java 1.20.1 asset index解析
276cd4df500c8e230b5a7c57af249888e320c41c,27/276cd4df500c8e230b5a7c57af249888e320c41c,6991,ogg,,,未在Java 1.20.1 asset index中解析（可能来自其他版本/历史缓存）
277c4ee5e68971b9c43f07b5e7d5783a57adea91,27/277c4ee5e68971b9c43f07b5e7d5783a57adea91,37245,ogg,minecraft/sounds/block/amethyst/step14.ogg,block.amethyst_block.fall;block.amethyst_block.step;block.amethyst_cluster.fall;block.amethyst_cluster.step,已由Minecraft Java 1.20.1 asset index解析
278ae35982e186ab9f4a9ef5728b18793c939e98,27/278ae35982e186ab9f4a9ef5728b18793c939e98,6465,ogg,minecraft/sounds/block/iron_door/close3.ogg,block.iron_door.close,已由Minecraft Java 1.20.1 asset index解析
27987b7065ef4a27106246f9d32382a0514f87b2,27/27987b7065ef4a27106246f9d32382a0514f87b2,10498,ogg,minecraft/sounds/item/bucket/empty1.ogg,item.bucket.empty,已由Minecraft Java 1.20.1 asset index解析
27c78cd09f7fd1770a41d78247ccf57c77dbc773,27/27c78cd09f7fd1770a41d78247ccf57c77dbc773,8947,ogg,minecraft/sounds/mob/irongolem/hit3.ogg,entity.iron_golem.hurt,已由Minecraft Java 1.20.1 asset index解析
27cbb3efd3d176efce101fac44703d83c39b7307,27/27cbb3efd3d176efce101fac44703d83c39b7307,21884,ogg,minecraft/sounds/mob/horse/breathe1.ogg,entity.horse.breathe,已由Minecraft Java 1.20.1 asset index解析
27d8af498c6e1a7f5ea26ab746866d10a6230419,27/27d8af498c6e1a7f5ea26ab746866d10a6230419,13278,ogg,minecraft/sounds/block/sweet_berry_bush/place2.ogg,block.sweet_berry_bush.place,已由Minecraft Java 1.20.1 asset index解析
27fcacc68bb77f01b23ea9c9d36d9018f8509cdf,27/27fcacc68bb77f01b23ea9c9d36d9018f8509cdf,6065908,ogg,minecraft/sounds/music/game/end/credits.ogg,music.credits,已由Minecraft Java 1.20.1 asset index解析
281b87984ddf8e94324bc86911a36c971cb3d831,28/281b87984ddf8e94324bc86911a36c971cb3d831,6793,ogg,minecraft/sounds/mob/endermen/idle1.ogg,entity.enderman.ambient,已由Minecraft Java 1.20.1 asset index解析
281f889e8eadcb21e2bb664d4f337192fab3a139,28/281f889e8eadcb21e2bb664d4f337192fab3a139,4303,ogg,minecraft/sounds/entity/itemframe/add_item2.ogg,entity.glow_item_frame.add_item;entity.item_frame.add_item,已由Minecraft Java 1.20.1 asset index解析
28389e89137ba4ed2578c6748b23543759580b06,28/28389e89137ba4ed2578c6748b23543759580b06,580914,png,minecraft/textures/gui/title/background/panorama_1.png,,已由Minecraft Java 1.20.1 asset index解析
285196110d802aed2f6797eb436d70e36716edaa,28/285196110d802aed2f6797eb436d70e36716edaa,4581,ogg,minecraft/sounds/entity/itemframe/add_item4.ogg,entity.glow_item_frame.add_item;entity.item_frame.add_item,已由Minecraft Java 1.20.1 asset index解析
2854dd6357cb53acc808c890244d42c60a0610fd,28/2854dd6357cb53acc808c890244d42c60a0610fd,27528,ogg,,,未在Java 1.20.1 asset index中解析（可能来自其他版本/历史缓存）
285f453d2bf3c9f637ed0d3aa783889fc033787d,28/285f453d2bf3c9f637ed0d3aa783889fc033787d,6497,ogg,,,未在Java 1.20.1 asset index中解析（可能来自其他版本/历史缓存）
2868b5ea245c44da91f34dd7ff97b3aba1eccbc6,28/2868b5ea245c44da91f34dd7ff97b3aba1eccbc6,18601,ogg,minecraft/sounds/block/vine/climb4.ogg,block.cave_vines.fall;block.cave_vines.hit;block.cave_vines.step;block.vine.fall;block.vine.step,已由Minecraft Java 1.20.1 asset index解析
286f6b96458622474fc03f5152603e811b9d3887,28/286f6b96458622474fc03f5152603e811b9d3887,39341,ogg,,,未在Java 1.20.1 asset index中解析（可能来自其他版本/历史缓存）
2884757c580d47223172f430177fcdbbe13376d4,28/2884757c580d47223172f430177fcdbbe13376d4,37922,ogg,minecraft/sounds/block/sculk_catalyst/break1.ogg,block.sculk_catalyst.break,已由Minecraft Java 1.20.1 asset index解析
289c721e6cc8f20a6fefff411af7f5a2b0c49ec4,28/289c721e6cc8f20a6fefff411af7f5a2b0c49ec4,12560,ogg,minecraft/sounds/entity/boat/paddle_water3.ogg,entity.boat.paddle_water,已由Minecraft Java 1.20.1 asset index解析
289d15a96ca1de048ebc90a5ba235b81914e75fc,28/289d15a96ca1de048ebc90a5ba235b81914e75fc,105130,ogg,minecraft/sounds/ambient/nether/basalt_deltas/click8.ogg,ambient.basalt_deltas.additions,已由Minecraft Java 1.20.1 asset index解析
28d157bd318706129f8f5a4446547832a96f2046,28/28d157bd318706129f8f5a4446547832a96f2046,20149,ogg,minecraft/sounds/block/frogspawn/hatch1.ogg,block.frogspawn.hatch,已由Minecraft Java 1.20.1 asset index解析
28ed5175e545a92757ec60a2cc05e4599dd3e96a,28/28ed5175e545a92757ec60a2cc05e4599dd3e96a,463974,png,minecraft/textures/gui/title/background/panorama_2.png,,已由Minecraft Java 1.20.1 asset index解析
28f9973fcd8366ac9837dbe190b129a8fce15857,28/28f9973fcd8366ac9837dbe190b129a8fce15857,15354,ogg,minecraft/sounds/minecart/base.ogg,entity.minecart.riding,已由Minecraft Java 1.20.1 asset index解析
2917ad37e46f96f1f92b69896da4329e26cdb080,29/2917ad37e46f96f1f92b69896da4329e26cdb080,20995,ogg,minecraft/sounds/mob/cat/meow3.ogg,entity.cat.ambient,已由Minecraft Java 1.20.1 asset index解析
292b4dc4bb3d310585634e0b216db85ff9c642d0,29/292b4dc4bb3d310585634e0b216db85ff9c642d0,7272,ogg,minecraft/sounds/item/armor/equip_gold3.ogg,item.armor.equip_gold,已由Minecraft Java 1.20.1 asset index解析
2951b5c0dd8c80b618affbea09fb5fe81435eccc,29/2951b5c0dd8c80b618affbea09fb5fe81435eccc,8241,ogg,minecraft/sounds/item/armor/equip_iron3.ogg,item.armor.equip_iron,已由Minecraft Java 1.20.1 asset index解析
29521f0932a7465bb3b63b48e77d48268aa57ea0,29/29521f0932a7465bb3b63b48e77d48268aa57ea0,28246,ogg,minecraft/sounds/mob/piglin_brute/idle2.ogg,entity.parrot.imitate.piglin_brute;entity.piglin_brute.ambient,已由Minecraft Java 1.20.1 asset index解析
297dbb5a085c18120b11ef7596c72c6b6177e6c0,29/297dbb5a085c18120b11ef7596c72c6b6177e6c0,27843,ogg,minecraft/sounds/mob/zoglin/step3.ogg,entity.zoglin.step,已由Minecraft Java 1.20.1 asset index解析
29a8dc6ba0be69c30a30554d4df2897e7080e4c6,29/29a8dc6ba0be69c30a30554d4df2897e7080e4c6,11726,ogg,minecraft/sounds/mob/evocation_illager/idle3.ogg,entity.evoker.ambient,已由Minecraft Java 1.20.1 asset index解析
29c3ea6ab1866dd60d5c13d5bdfdadc85a000b75,29/29c3ea6ab1866dd60d5c13d5bdfdadc85a000b75,7219,ogg,minecraft/sounds/mob/vindication_illager/idle5.ogg,entity.parrot.imitate.vindicator;entity.vindicator.ambient,已由Minecraft Java 1.20.1 asset index解析
29d4dccf3353334c7aa2a49cb6fed3780a51a1ba,29/29d4dccf3353334c7aa2a49cb6fed3780a51a1ba,33948,ogg,minecraft/sounds/ambient/cave/cave1.ogg,ambient.cave,已由Minecraft Java 1.20.1 asset index解析
29ef924f1bb2a66ec35aa032ca8ab59431a2ebf6,29/29ef924f1bb2a66ec35aa032ca8ab59431a2ebf6,588909,png,minecraft/textures/gui/title/background/panorama_3.png,,已由Minecraft Java 1.20.1 asset index解析
2a031f10c7dc24e75d5dc3a374ebe7f36fc3e143,2a/2a031f10c7dc24e75d5dc3a374ebe7f36fc3e143,8934,ogg,minecraft/sounds/mob/cow/hurt3.ogg,entity.cow.death;entity.cow.hurt,已由Minecraft Java 1.20.1 asset index解析
2a36ba7e9f4ffc0d22433933bb8ce98de9912432,2a/2a36ba7e9f4ffc0d22433933bb8ce98de9912432,88989,ogg,minecraft/sounds/ambient/cave/cave14.ogg,ambient.cave,已由Minecraft Java 1.20.1 asset index解析
2a398cf76da4b3eff88ac96cc54911dab466e16f,2a/2a398cf76da4b3eff88ac96cc54911dab466e16f,18408,ogg,minecraft/sounds/block/chiseled_bookshelf/step2.ogg,block.chiseled_bookshelf.fall;block.chiseled_bookshelf.hit;block.chiseled_bookshelf.step,已由Minecraft Java 1.20.1 asset index解析
2a42ff969529927ccafc8e0d81c426da8f4e5160,2a/2a42ff969529927ccafc8e0d81c426da8f4e5160,25964,ogg,minecraft/sounds/mob/frog/hurt5.ogg,entity.frog.hurt,已由Minecraft Java 1.20.1 asset index解析
2aa3a86b0673a6e586ffdb4466b45c43eb2ba8f7,2a/2aa3a86b0673a6e586ffdb4466b45c43eb2ba8f7,7230,ogg,minecraft/sounds/item/armor/equip_chain4.ogg,item.armor.equip_chain,已由Minecraft Java 1.20.1 asset index解析
2af699202676471bec82845a4accbf9c1bb27244,2a/2af699202676471bec82845a4accbf9c1bb27244,13742,ogg,minecraft/sounds/block/candle/break1.ogg,block.candle.break;block.candle.place,已由Minecraft Java 1.20.1 asset index解析
2b048cb32391a275b07e5648ec6d474fb52f9f91,2b/2b048cb32391a275b07e5648ec6d474fb52f9f91,6186,ogg,minecraft/sounds/entity/leashknot/place1.ogg,entity.leash_knot.place,已由Minecraft Java 1.20.1 asset index解析
2b15d255ecf10baa81d8f51df3d2e43c68b52152,2b/2b15d255ecf10baa81d8f51df3d2e43c68b52152,14104,ogg,minecraft/sounds/block/campfire/crackle5.ogg,block.campfire.crackle,已由Minecraft Java 1.20.1 asset index解析
2b39e6f85286eb29d02f76d3e6560d09040f0d65,2b/2b39e6f85286eb29d02f76d3e6560d09040f0d65,16965,ogg,minecraft/sounds/entity/pufferfish/blow_out1.ogg,entity.puffer_fish.blow_out,已由Minecraft Java 1.20.1 asset index解析
2b3c048b14270a9a1d851809c5fb385e76d92a2f,2b/2b3c048b14270a9a1d851809c5fb385e76d92a2f,31338,ogg,minecraft/sounds/mob/phantom/idle3.ogg,entity.parrot.imitate.phantom;entity.phantom.ambient,已由Minecraft Java 1.20.1 asset index解析
2b65351eb74b019efe40a451a1f3f2fcf5c2bf4d,2b/2b65351eb74b019efe40a451a1f3f2fcf5c2bf4d,15304,ogg,minecraft/sounds/mob/polarbear/death1.ogg,entity.polar_bear.death,已由Minecraft Java 1.20.1 asset index解析
2b73dd8c1b27b629c841fe26b2c633edf3aa64c8,2b/2b73dd8c1b27b629c841fe26b2c633edf3aa64c8,7637,ogg,minecraft/sounds/item/armor/equip_iron4.ogg,item.armor.equip_iron,已由Minecraft Java 1.20.1 asset index解析
2b74d5b8a848140282c049e707450275d02adda3,2b/2b74d5b8a848140282c049e707450275d02adda3,26576,ogg,minecraft/sounds/mob/piglin/admire1.ogg,entity.piglin.admiring_item,已由Minecraft Java 1.20.1 asset index解析
2b853a27aca328d99868ab0b120011dfc80a9319,2b/2b853a27aca328d99868ab0b120011dfc80a9319,21620,ogg,minecraft/sounds/mob/frog/idle1.ogg,entity.frog.ambient;entity.tadpole.grow_up,已由Minecraft Java 1.20.1 asset index解析
2b970ab4e6c9607c6902f0f262a399f16b0673b1,2b/2b970ab4e6c9607c6902f0f262a399f16b0673b1,16765,ogg,minecraft/sounds/mob/horse/skeleton/water/soft1.ogg,entity.skeleton_horse.step_water,已由Minecraft Java 1.20.1 asset index解析
2bb1c64b5128bba7b7f2ee9a9a722970119082f9,2b/2bb1c64b5128bba7b7f2ee9a9a722970119082f9,15948,ogg,minecraft/sounds/mob/horse/skeleton/water/soft2.ogg,entity.skeleton_horse.step_water,已由Minecraft Java 1.20.1 asset index解析
2bbb5670f166a6c0898e83a36d6ddf0b70a4c3f0,2b/2bbb5670f166a6c0898e83a36d6ddf0b70a4c3f0,17308,ogg,minecraft/sounds/block/big_dripleaf/tilt_down4.ogg,block.big_dripleaf.tilt_down,已由Minecraft Java 1.20.1 asset index解析
2bc95c006342868f27372118772f12e1180e6b28,2b/2bc95c006342868f27372118772f12e1180e6b28,28839,ogg,minecraft/sounds/block/suspicious_gravel/break5.ogg,block.suspicious_gravel.break,已由Minecraft Java 1.20.1 asset index解析
2bd332e7b7783ae10e846a51a0fb7209f892b540,2b/2bd332e7b7783ae10e846a51a0fb7209f892b540,18523,ogg,,,未在Java 1.20.1 asset index中解析（可能来自其他版本/历史缓存）
2bd6b2b46db5b6969808b3bd3d62e7427d63c264,2b/2bd6b2b46db5b6969808b3bd3d62e7427d63c264,315459,ogg,minecraft/sounds/ambient/nether/soulsand_valley/with1.ogg,ambient.soul_sand_valley.additions,已由Minecraft Java 1.20.1 asset index解析
2bdd1bc318559543fe0f2a8e7338ef44c0290900,2b/2bdd1bc318559543fe0f2a8e7338ef44c0290900,6254,ogg,minecraft/sounds/mob/horse/soft2.ogg,entity.horse.step,已由Minecraft Java 1.20.1 asset index解析
2bf88ed6015273fa5b757531597cf156176b35f8,2b/2bf88ed6015273fa5b757531597cf156176b35f8,6671,ogg,minecraft/sounds/item/shovel/flatten4.ogg,item.shovel.flatten,已由Minecraft Java 1.20.1 asset index解析
2c0d90d979c2280efb9cecd4bd9a20661c487393,2c/2c0d90d979c2280efb9cecd4bd9a20661c487393,584701,json/text,,,未在Java 1.20.1 asset index中解析；本对象不是已识别OGG音频
2c114bff9b73abccb54f0aec7e09ad1ff4cb4dc6,2c/2c114bff9b73abccb54f0aec7e09ad1ff4cb4dc6,18375,ogg,minecraft/sounds/block/dripstone/step1.ogg,block.dripstone_block.fall;block.dripstone_block.hit;block.dripstone_block.step;block.pointed_dripstone.fall;block.pointed_dripstone.hit;block.pointed_dripstone.step,已由Minecraft Java 1.20.1 asset index解析
2c20816632caecf75f00bb968f51847e3a982e75,2c/2c20816632caecf75f00bb968f51847e3a982e75,9436,ogg,minecraft/sounds/mob/slime/big3.ogg,block.slime_block.break;block.slime_block.place;entity.magma_cube.death;entity.magma_cube.hurt;entity.parrot.imitate.slime;entity.slime.death;entity.slime.hurt;entity.slime.jump;entity.slime.squish,已由Minecraft Java 1.20.1 asset index解析
2c20abcb3b280e07a2ffddc2e9755a895fd3b75c,2c/2c20abcb3b280e07a2ffddc2e9755a895fd3b75c,24124,ogg,minecraft/sounds/mob/cat/ocelot/death1.ogg,entity.ocelot.death,已由Minecraft Java 1.20.1 asset index解析
2c2c121d63188be0e841c5d38fcae269d48a47a4,2c/2c2c121d63188be0e841c5d38fcae269d48a47a4,19366,ogg,minecraft/sounds/block/chiseled_bookshelf/step4.ogg,block.chiseled_bookshelf.fall;block.chiseled_bookshelf.hit;block.chiseled_bookshelf.step,已由Minecraft Java 1.20.1 asset index解析
2c4f3f8f259dc782867727311fea30875ecc3917,2c/2c4f3f8f259dc782867727311fea30875ecc3917,1180789,ogg,minecraft/sounds/records/stal.ogg,music_disc.stal,已由Minecraft Java 1.20.1 asset index解析
2c6a5e15b4a84fc5a631ddc2eedf9868dd520f39,2c/2c6a5e15b4a84fc5a631ddc2eedf9868dd520f39,65214,ogg,minecraft/sounds/ambient/underwater/exit3.ogg,ambient.underwater.exit,已由Minecraft Java 1.20.1 asset index解析
2c72a29643916884c3e5b7e5e3cd52642a7bc43b,2c/2c72a29643916884c3e5b7e5e3cd52642a7bc43b,22333,ogg,minecraft/sounds/mob/dolphin/idle3.ogg,entity.dolphin.ambient,已由Minecraft Java 1.20.1 asset index解析
2c92f41bfed9aecf7cf438004cf5925e0ebae5ae,2c/2c92f41bfed9aecf7cf438004cf5925e0ebae5ae,585859,json/text,,,未在Java 1.20.1 asset index中解析；本对象不是已识别OGG音频
2c96e0bf52d5516d8a2f37e7864e78567be9d603,2c/2c96e0bf52d5516d8a2f37e7864e78567be9d603,28824,ogg,minecraft/sounds/mob/goat/scream8.ogg,entity.goat.screaming.ambient,已由Minecraft Java 1.20.1 asset index解析
2cbbcdfb97939c469cd4ccaaac74504497c56695,2c/2cbbcdfb97939c469cd4ccaaac74504497c56695,10038,ogg,minecraft/sounds/mob/zombified_piglin/zpig2.ogg,entity.zombified_piglin.ambient,已由Minecraft Java 1.20.1 asset index解析
2ccb16055e7974aba40987a46c4b6370b9296106,2c/2ccb16055e7974aba40987a46c4b6370b9296106,15195,ogg,minecraft/sounds/mob/horse/armor.ogg,entity.horse.armor,已由Minecraft Java 1.20.1 asset index解析
2ccf6ef5fc880ccd57a6e550c443700e6d748e3c,2c/2ccf6ef5fc880ccd57a6e550c443700e6d748e3c,13086,ogg,minecraft/sounds/block/calcite/place1.ogg,block.calcite.place,已由Minecraft Java 1.20.1 asset index解析
2cee2fd86c36e02dd243b259cbda23bbcebfa377,2c/2cee2fd86c36e02dd243b259cbda23bbcebfa377,174627,ogg,minecraft/sounds/ambient/nether/soulsand_valley/whisper2.ogg,ambient.soul_sand_valley.additions,已由Minecraft Java 1.20.1 asset index解析
2cf5f1639e8e3bdca4977dd0e46ac0d7cab42ecf,2c/2cf5f1639e8e3bdca4977dd0e46ac0d7cab42ecf,26991,ogg,minecraft/sounds/block/grindstone/grindstone2.ogg,block.grindstone.use;entity.villager.work_weaponsmith,已由Minecraft Java 1.20.1 asset index解析
2cfb20018ff44543303434a9727170ad94559fac,2c/2cfb20018ff44543303434a9727170ad94559fac,23425,ogg,minecraft/sounds/mob/goat/screaming_pre_ram5.ogg,entity.goat.screaming.prepare_ram,已由Minecraft Java 1.20.1 asset index解析
2d2cd57e1e268d86c371ae859ced93fc3bbbc57e,2d/2d2cd57e1e268d86c371ae859ced93fc3bbbc57e,27928,ogg,minecraft/sounds/block/sculk_catalyst/place1.ogg,block.sculk_catalyst.place,已由Minecraft Java 1.20.1 asset index解析
2d52b67698da28316cd9cdb50eb8d6eb93a2abf4,2d/2d52b67698da28316cd9cdb50eb8d6eb93a2abf4,21995,ogg,minecraft/sounds/entity/fish/hurt4.ogg,entity.cod.death;entity.cod.hurt;entity.salmon.death;entity.salmon.hurt;entity.tropical_fish.death;entity.tropical_fish.hurt,已由Minecraft Java 1.20.1 asset index解析
2d73def4b1d72718b659c3507e63b4aa468b9ca0,2d/2d73def4b1d72718b659c3507e63b4aa468b9ca0,12774,ogg,minecraft/sounds/mob/fox/idle3.ogg,entity.fox.ambient,已由Minecraft Java 1.20.1 asset index解析
2d79efd74077c4974f034306713cafcbf3f38348,2d/2d79efd74077c4974f034306713cafcbf3f38348,46425,ogg,minecraft/sounds/mob/strider/retreat4.ogg,entity.strider.retreat,已由Minecraft Java 1.20.1 asset index解析
2d888ac14e51d7cab64b5e735456d25bf000720e,2d/2d888ac14e51d7cab64b5e735456d25bf000720e,605451,png,realms/textures/gui/images/12.png,,已由Minecraft Java 1.20.1 asset index解析
2d8f504deed070027dd587a2db213acbc88e01e7,2d/2d8f504deed070027dd587a2db213acbc88e01e7,12665,ogg,minecraft/sounds/item/bottle/drink_honey2.ogg,item.honey_bottle.drink,已由Minecraft Java 1.20.1 asset index解析
2d942be973c78bbd0405d5883ead8777faf5a93e,2d/2d942be973c78bbd0405d5883ead8777faf5a93e,36266,ogg,minecraft/sounds/mob/ravager/stun1.ogg,entity.ravager.stunned,已由Minecraft Java 1.20.1 asset index解析
2d9bf37e9a3317f7e3da4ead554014e4ca3d5f14,2d/2d9bf37e9a3317f7e3da4ead554014e4ca3d5f14,21172,ogg,minecraft/sounds/mob/warden/listening_4.ogg,entity.warden.listening,已由Minecraft Java 1.20.1 asset index解析
2da4a16b23fa525000eb370963176524d0a63942,2d/2da4a16b23fa525000eb370963176524d0a63942,38202,ogg,minecraft/sounds/block/amethyst/step12.ogg,block.amethyst_block.fall;block.amethyst_block.hit;block.amethyst_block.step;block.amethyst_cluster.fall;block.amethyst_cluster.hit;block.amethyst_cluster.step,已由Minecraft Java 1.20.1 asset index解析
2db61f629e4433bcc711d2f1946e1c519b6626bb,2d/2db61f629e4433bcc711d2f1946e1c519b6626bb,43503,ogg,minecraft/sounds/mob/goat/idle8.ogg,entity.goat.ambient;entity.goat.screaming.ambient,已由Minecraft Java 1.20.1 asset index解析
2dbde33b346a847570b254b1ac71d22521e89bed,2d/2dbde33b346a847570b254b1ac71d22521e89bed,20101,ogg,minecraft/sounds/block/hanging_roots/break2.ogg,block.hanging_roots.break;block.hanging_roots.place,已由Minecraft Java 1.20.1 asset index解析
2dea3fdfdfc69bdc96372979bcc14e40e73515f7,2d/2dea3fdfdfc69bdc96372979bcc14e40e73515f7,57088,ogg,minecraft/sounds/mob/mooshroom/convert1.ogg,entity.mooshroom.convert,已由Minecraft Java 1.20.1 asset index解析
2dea72908470f559ba7cb98b7d98ebe2889e7577,2d/2dea72908470f559ba7cb98b7d98ebe2889e7577,27448,ogg,minecraft/sounds/mob/vindication_illager/celebrate1.ogg,entity.vindicator.celebrate,已由Minecraft Java 1.20.1 asset index解析
2df2e501b08129614ebf5e42dcca20b8fc809192,2d/2df2e501b08129614ebf5e42dcca20b8fc809192,7343,ogg,minecraft/sounds/mob/vindication_illager/death2.ogg,entity.vindicator.death,已由Minecraft Java 1.20.1 asset index解析
2dfd4e077bac712adcbcbe32e7e148563cebb3d8,2d/2dfd4e077bac712adcbcbe32e7e148563cebb3d8,43159,ogg,minecraft/sounds/mob/ravager/roar4.ogg,entity.ravager.roar,已由Minecraft Java 1.20.1 asset index解析
2e07364ccade2277d8a89d58291522d2f25a2ee2,2e/2e07364ccade2277d8a89d58291522d2f25a2ee2,11180,ogg,minecraft/sounds/mob/guardian/land_hit4.ogg,entity.elder_guardian.hurt_land;entity.guardian.hurt_land,已由Minecraft Java 1.20.1 asset index解析
2e07d453eb202ad118188afab747735ee30c4fee,2e/2e07d453eb202ad118188afab747735ee30c4fee,9105,ogg,minecraft/sounds/mob/evocation_illager/idle1.ogg,entity.evoker.ambient;entity.evoker.celebrate,已由Minecraft Java 1.20.1 asset index解析
2e08047f23c6641665eb41b16fb5111ee611673a,2e/2e08047f23c6641665eb41b16fb5111ee611673a,19893,ogg,minecraft/sounds/block/frogspawn/break1.ogg,block.frogspawn.break;block.frogspawn.place,已由Minecraft Java 1.20.1 asset index解析
2e14fecfe60ce332a014da7508c59b8f05710532,2e/2e14fecfe60ce332a014da7508c59b8f05710532,11886,ogg,,,未在Java 1.20.1 asset index中解析（可能来自其他版本/历史缓存）
2e1f3e84b3c1aea6b259d3659a64645146f8c10f,2e/2e1f3e84b3c1aea6b259d3659a64645146f8c10f,38683,ogg,,,未在Java 1.20.1 asset index中解析（可能来自其他版本/历史缓存）
2e2f05457af0bdda5c63d3e28cd286ae5fe2f272,2e/2e2f05457af0bdda5c63d3e28cd286ae5fe2f272,36702,ogg,minecraft/sounds/item/bonemeal/bonemeal2.ogg,item.bone_meal.use,已由Minecraft Java 1.20.1 asset index解析
2e3cb35243d6fed155618c3b0b26c2c6fb80bced,2e/2e3cb35243d6fed155618c3b0b26c2c6fb80bced,21823,ogg,minecraft/sounds/block/chiseled_bookshelf/pickup_enchanted1.ogg,block.chiseled_bookshelf.pickup.enchanted,已由Minecraft Java 1.20.1 asset index解析
2e5cbdda4af66e8a435c22f822c6b755c2bcc183,2e/2e5cbdda4af66e8a435c22f822c6b755c2bcc183,28961,ogg,minecraft/sounds/mob/piglin_brute/idle5.ogg,entity.parrot.imitate.piglin_brute;entity.piglin_brute.ambient,已由Minecraft Java 1.20.1 asset index解析
2e630d9df93d600d90dca070c96e3aa89237afa9,2e/2e630d9df93d600d90dca070c96e3aa89237afa9,16594,ogg,minecraft/sounds/block/pointed_dripstone/drip_water14.ogg,block.pointed_dripstone.drip_water,已由Minecraft Java 1.20.1 asset index解析
2e711c75eb8ab3440d0523364bd12947f858723a,2e/2e711c75eb8ab3440d0523364bd12947f858723a,21765,ogg,minecraft/sounds/block/pointed_dripstone/drip_water_cauldron4.ogg,block.pointed_dripstone.drip_water_into_cauldron,已由Minecraft Java 1.20.1 asset index解析
2e97d4147624266321e3be5e2ded7eb4b7514025,2e/2e97d4147624266321e3be5e2ded7eb4b7514025,11064,ogg,minecraft/sounds/mob/turtle/baby/shamble1.ogg,entity.turtle.shamble_baby,已由Minecraft Java 1.20.1 asset index解析
2ebe42a978103ab7d04ec5afdb1d1bbab7f48d7d,2e/2ebe42a978103ab7d04ec5afdb1d1bbab7f48d7d,47884,ogg,minecraft/sounds/block/sculk/break14.ogg,block.sculk.break,已由Minecraft Java 1.20.1 asset index解析
2ed111eb51ab8c30bbf32da361b31f747f713ee2,2e/2ed111eb51ab8c30bbf32da361b31f747f713ee2,17621,ogg,minecraft/sounds/block/beehive/drip4.ogg,block.beehive.drip,已由Minecraft Java 1.20.1 asset index解析
2ed2ba2403409c9eedda1b3bcbf49595e40f237a,2e/2ed2ba2403409c9eedda1b3bcbf49595e40f237a,18491,ogg,minecraft/sounds/block/powder_snow/break6.ogg,block.powder_snow.break;block.powder_snow.place,已由Minecraft Java 1.20.1 asset index解析
2ee314ed953458720e3163bccb97b88f08649f52,2e/2ee314ed953458720e3163bccb97b88f08649f52,23097,ogg,,,未在Java 1.20.1 asset index中解析（可能来自其他版本/历史缓存）
2ee3d3db9717b7f689e5b3ab389838e4f85af3a5,2e/2ee3d3db9717b7f689e5b3ab389838e4f85af3a5,46306,ogg,minecraft/sounds/ambient/cave/cave16.ogg,ambient.cave,已由Minecraft Java 1.20.1 asset index解析
2eed61a9d62487569fe54986856238e1c364f7cd,2e/2eed61a9d62487569fe54986856238e1c364f7cd,5520,ogg,minecraft/sounds/block/iron_trapdoor/close1.ogg,block.iron_trapdoor.close,已由Minecraft Java 1.20.1 asset index解析
2ef49566d78a219dc99f40230ccd255e04532717,2e/2ef49566d78a219dc99f40230ccd255e04532717,23592,ogg,minecraft/sounds/mob/horse/skeleton/water/gallop2.ogg,entity.skeleton_horse.gallop_water,已由Minecraft Java 1.20.1 asset index解析
2efdaa5a89ae6a68ceddf60aa91a4b410f0f3e58,2e/2efdaa5a89ae6a68ceddf60aa91a4b410f0f3e58,10597,ogg,minecraft/sounds/block/lantern/break1.ogg,block.lantern.break;block.lantern.fall;block.lantern.step,已由Minecraft Java 1.20.1 asset index解析
2efe09834496f1b3a85de27b60e3e182778c5eee,2e/2efe09834496f1b3a85de27b60e3e182778c5eee,30216,ogg,,,未在Java 1.20.1 asset index中解析（可能来自其他版本/历史缓存）
2f13d6eecbaa35c81d5ddd94a7d5a9c6478a7e27,2f/2f13d6eecbaa35c81d5ddd94a7d5a9c6478a7e27,18659,ogg,minecraft/sounds/ui/loom/take_result1.ogg,entity.villager.work_shepherd;ui.loom.take_result,已由Minecraft Java 1.20.1 asset index解析
2f1f5a923c19c6864b3a63f2310b24586eafa7a5,2f/2f1f5a923c19c6864b3a63f2310b24586eafa7a5,35797,ogg,minecraft/sounds/item/crossbow/loading_middle1.ogg,item.crossbow.loading_middle,已由Minecraft Java 1.20.1 asset index解析
2f39ebfb5320fab92c6e0a8cb599f4e3c7e2e750,2f/2f39ebfb5320fab92c6e0a8cb599f4e3c7e2e750,13651,ogg,minecraft/sounds/mob/goat/horn_break4.ogg,entity.goat.horn_break,已由Minecraft Java 1.20.1 asset index解析
2f3a168627ca9f171eeda3db73b57696125e23b4,2f/2f3a168627ca9f171eeda3db73b57696125e23b4,21884,ogg,minecraft/sounds/mob/pillager/idle2.ogg,entity.parrot.imitate.pillager;entity.pillager.ambient,已由Minecraft Java 1.20.1 asset index解析
2f5a4f4b76d5233b59a017adff9a82b3405e843a,2f/2f5a4f4b76d5233b59a017adff9a82b3405e843a,76929,ogg,minecraft/sounds/mob/allay/idle_without_item1.ogg,entity.allay.ambient_without_item,已由Minecraft Java 1.20.1 asset index解析
2f69bcdb9f7300dd855c86a8c3594267723acc8b,2f/2f69bcdb9f7300dd855c86a8c3594267723acc8b,25627,ogg,minecraft/sounds/block/fletching_table/fletching_table2.ogg,entity.villager.work_fletcher,已由Minecraft Java 1.20.1 asset index解析
2f85290ce9935b32b14ae0b6d9fe6855d82e439e,2f/2f85290ce9935b32b14ae0b6d9fe6855d82e439e,45636,ogg,minecraft/sounds/block/sculk_catalyst/break9.ogg,block.sculk_catalyst.break,已由Minecraft Java 1.20.1 asset index解析
2fa4c9324dd0cdfa41028f8a56cd9d6664671068,2f/2fa4c9324dd0cdfa41028f8a56cd9d6664671068,86822,ogg,minecraft/sounds/mob/stray/convert3.ogg,entity.skeleton.converted_to_stray,已由Minecraft Java 1.20.1 asset index解析
2fb81d0504f041edb738ae3758b6948b9bcec172,2f/2fb81d0504f041edb738ae3758b6948b9bcec172,12393,ogg,minecraft/sounds/mob/panda/cant_breed2.ogg,entity.panda.cant_breed,已由Minecraft Java 1.20.1 asset index解析
2fbd1fb5d9810edb40201e78082d9f103d26b13e,2f/2fbd1fb5d9810edb40201e78082d9f103d26b13e,29606,ogg,minecraft/sounds/mob/piglin_brute/hurt1.ogg,entity.piglin_brute.hurt,已由Minecraft Java 1.20.1 asset index解析
2fc54a0a9f4946c4df344399dcb8872e79d1c379,2f/2fc54a0a9f4946c4df344399dcb8872e79d1c379,26205,ogg,minecraft/sounds/entity/fish/swim5.ogg,entity.axolotl.swim;entity.dolphin.swim;entity.fish.swim,已由Minecraft Java 1.20.1 asset index解析
2fe092579d9637e2d160319820ee08e60a237bb7,2f/2fe092579d9637e2d160319820ee08e60a237bb7,7046,ogg,minecraft/sounds/random/click_stereo.ogg,ui.button.click,已由Minecraft Java 1.20.1 asset index解析
2fe6f0ebcb245ad00273ece8e4d61d2eddd3d580,2f/2fe6f0ebcb245ad00273ece8e4d61d2eddd3d580,13441,ogg,minecraft/sounds/mob/horse/breathe3.ogg,entity.horse.breathe,已由Minecraft Java 1.20.1 asset index解析
3008b71834c7815f70507c044da8defbcb585a80,30/3008b71834c7815f70507c044da8defbcb585a80,9363,ogg,minecraft/sounds/mob/guardian/guardian_hit3.ogg,entity.guardian.hurt,已由Minecraft Java 1.20.1 asset index解析
301664738b532b28ff12304a34e809b07245f1bc,30/301664738b532b28ff12304a34e809b07245f1bc,65535,ogg,minecraft/sounds/ambient/nether/nether_wastes/addition7.ogg,ambient.nether_wastes.additions,已由Minecraft Java 1.20.1 asset index解析
301f32642b654addbd06a430768fead464fd24c4,30/301f32642b654addbd06a430768fead464fd24c4,24992,ogg,minecraft/sounds/portal/trigger.ogg,block.portal.trigger,已由Minecraft Java 1.20.1 asset index解析
302ec844ed11ae195e1ceb8ef3075002f747f93b,30/302ec844ed11ae195e1ceb8ef3075002f747f93b,581655,json/text,,,未在Java 1.20.1 asset index中解析；本对象不是已识别OGG音频
305e81841dbcc0c0bab1a898a8616ad53e893aa2,30/305e81841dbcc0c0bab1a898a8616ad53e893aa2,574627,json/text,,,未在Java 1.20.1 asset index中解析；本对象不是已识别OGG音频
3074b4ae157b43321c2310de6e930b6584e1caac,30/3074b4ae157b43321c2310de6e930b6584e1caac,10891,ogg,minecraft/sounds/block/decorated_pot/step1.ogg,block.decorated_pot.fall;block.decorated_pot.hit;block.decorated_pot.step,已由Minecraft Java 1.20.1 asset index解析
3076a766ef67150cc7350a1f0ecd65087b7479f9,30/3076a766ef67150cc7350a1f0ecd65087b7479f9,26039,ogg,minecraft/sounds/block/sculk_catalyst/place2.ogg,block.sculk_catalyst.place,已由Minecraft Java 1.20.1 asset index解析
30e920526eb5855065b873e30d17b4d85bfbe570,30/30e920526eb5855065b873e30d17b4d85bfbe570,4745,ogg,minecraft/sounds/mob/wolf/step3.ogg,entity.wolf.step,已由Minecraft Java 1.20.1 asset index解析
30f55a89035b34cd82c47b8c65eba1492f2f3b28,30/30f55a89035b34cd82c47b8c65eba1492f2f3b28,15075,ogg,minecraft/sounds/block/cave_vines/break1.ogg,block.cave_vines.break;block.cave_vines.place,已由Minecraft Java 1.20.1 asset index解析
3106fd47b062fdab477a01396ab3a8810677accc,31/3106fd47b062fdab477a01396ab3a8810677accc,32669,ogg,minecraft/sounds/block/sculk_sensor/place1.ogg,block.sculk_sensor.place,已由Minecraft Java 1.20.1 asset index解析
312a6d306ea9b10281840f17991f210ba2e27e2e,31/312a6d306ea9b10281840f17991f210ba2e27e2e,105598,ogg,minecraft/sounds/item/trident/thunder1.ogg,item.trident.thunder,已由Minecraft Java 1.20.1 asset index解析
3164e4cec91699068b41614e74bae738bdb097a0,31/3164e4cec91699068b41614e74bae738bdb097a0,21071,ogg,minecraft/sounds/block/hanging_roots/step6.ogg,block.hanging_roots.fall;block.hanging_roots.hit;block.hanging_roots.step,已由Minecraft Java 1.20.1 asset index解析
316d979f27d24b28a43ed4d7cfaf1e8c1f899f7b,31/316d979f27d24b28a43ed4d7cfaf1e8c1f899f7b,12012,ogg,minecraft/sounds/note/didgeridoo.ogg,block.note_block.didgeridoo,已由Minecraft Java 1.20.1 asset index解析
319365a293900394b4f0320147765e1013d59a8b,31/319365a293900394b4f0320147765e1013d59a8b,6513,ogg,minecraft/sounds/block/packed_mud/step3.ogg,block.packed_mud.fall;block.packed_mud.hit;block.packed_mud.step,已由Minecraft Java 1.20.1 asset index解析
31b52151bf2a6fa35d2d2aa72f832285d9e7d70d,31/31b52151bf2a6fa35d2d2aa72f832285d9e7d70d,7740,ogg,minecraft/sounds/mob/chicken/hurt1.ogg,entity.chicken.death;entity.chicken.hurt,已由Minecraft Java 1.20.1 asset index解析
31eb56075dce04558f7a5c26477cfa7cb56ec3f1,31/31eb56075dce04558f7a5c26477cfa7cb56ec3f1,26319,ogg,minecraft/sounds/mob/vindication_illager/celebrate2.ogg,entity.vindicator.celebrate,已由Minecraft Java 1.20.1 asset index解析
322374d89ed809e75005cdc4f6479c959e15aee2,32/322374d89ed809e75005cdc4f6479c959e15aee2,8843,ogg,minecraft/sounds/mob/zombie/metal3.ogg,entity.zombie.attack_iron_door,已由Minecraft Java 1.20.1 asset index解析
32317250b0c0ee18ed1e0c4ae3364fa796433b0a,32/32317250b0c0ee18ed1e0c4ae3364fa796433b0a,11025,ogg,minecraft/sounds/mob/villager/yes2.ogg,entity.villager.celebrate;entity.villager.yes,已由Minecraft Java 1.20.1 asset index解析
32320873b74f966382b57b2f05b1ff3d68e363b3,32/32320873b74f966382b57b2f05b1ff3d68e363b3,11181,ogg,minecraft/sounds/block/bamboo/step1.ogg,block.bamboo.fall;block.bamboo.hit;block.bamboo.step,已由Minecraft Java 1.20.1 asset index解析
323880d656a3ca6b42ac9890857dcfc9b354cdbf,32/323880d656a3ca6b42ac9890857dcfc9b354cdbf,10274,ogg,minecraft/sounds/mob/zombie_villager/death.ogg,entity.zombie_villager.death,已由Minecraft Java 1.20.1 asset index解析
3240aaa8b43d759b40c41b7f6c0d7dcc5ef7a77f,32/3240aaa8b43d759b40c41b7f6c0d7dcc5ef7a77f,33026,ogg,minecraft/sounds/entity/player/hurt/freeze_hurt5.ogg,entity.player.hurt_freeze,已由Minecraft Java 1.20.1 asset index解析
3259ec620910c30dfe8861c8b45b2f49439fd427,32/3259ec620910c30dfe8861c8b45b2f49439fd427,24074,ogg,minecraft/sounds/mob/frog/eat1.ogg,entity.frog.eat,已由Minecraft Java 1.20.1 asset index解析
3285a993220dcea1fc37e98b9aa9219422c2c095,32/3285a993220dcea1fc37e98b9aa9219422c2c095,12973,ogg,minecraft/sounds/mob/magmacube/jump2.ogg,entity.magma_cube.jump,已由Minecraft Java 1.20.1 asset index解析
328cb372f5cec2977d7c393c7005966d6eed9ac5,32/328cb372f5cec2977d7c393c7005966d6eed9ac5,18836,ogg,minecraft/sounds/block/cherry_leaves/step5.ogg,block.cherry_leaves.fall;block.cherry_leaves.hit;block.cherry_leaves.step;block.pink_petals.fall;block.pink_petals.hit;block.pink_petals.step,已由Minecraft Java 1.20.1 asset index解析
32932435c2ff25af10f51f3900164ba650baf264,32/32932435c2ff25af10f51f3900164ba650baf264,15490,ogg,,,未在Java 1.20.1 asset index中解析（可能来自其他版本/历史缓存）
32c929fad0858cb204ea027692f4a9c9e93b89b8,32/32c929fad0858cb204ea027692f4a9c9e93b89b8,24294,ogg,minecraft/sounds/block/shroomlight/break1.ogg,block.shroomlight.break;block.shroomlight.place,已由Minecraft Java 1.20.1 asset index解析
32d3a54692e377bb8d93bb99652bf98c6cc2a92d,32/32d3a54692e377bb8d93bb99652bf98c6cc2a92d,26349,ogg,minecraft/sounds/mob/goat/screaming_hurt3.ogg,entity.goat.screaming.hurt,已由Minecraft Java 1.20.1 asset index解析
32e4e63078f640f09cf97e21642fafddaca5c0a3,32/32e4e63078f640f09cf97e21642fafddaca5c0a3,18701,ogg,minecraft/sounds/block/moss/break5.ogg,block.moss.break;block.moss.place;block.moss_carpet.break;block.moss_carpet.place,已由Minecraft Java 1.20.1 asset index解析
32eb62df4ca42c3cbcc76fea1f8009a8da3628de,32/32eb62df4ca42c3cbcc76fea1f8009a8da3628de,8304,ogg,minecraft/sounds/mob/wither_skeleton/step2.ogg,entity.wither_skeleton.step,已由Minecraft Java 1.20.1 asset index解析
32ee59c3dc84e9d1e82f1b075ab384db98a12851,32/32ee59c3dc84e9d1e82f1b075ab384db98a12851,280083,ogg,minecraft/sounds/ambient/nether/basalt_deltas/basaltground3.ogg,ambient.basalt_deltas.additions,已由Minecraft Java 1.20.1 asset index解析
32fc1de73bff063b077720ab0c3065b9c03e8e83,32/32fc1de73bff063b077720ab0c3065b9c03e8e83,10766,ogg,,,未在Java 1.20.1 asset index中解析（可能来自其他版本/历史缓存）
33065517c01840c6f3f975bbad815036adb909e1,33/33065517c01840c6f3f975bbad815036adb909e1,78734,ogg,minecraft/sounds/mob/warden/sonic_boom1.ogg,entity.warden.sonic_boom,已由Minecraft Java 1.20.1 asset index解析
330a29f4ac0f178bb2d5855b29ad1b262ef14604,33/330a29f4ac0f178bb2d5855b29ad1b262ef14604,5380,ogg,minecraft/sounds/entity/painting/break2.ogg,entity.painting.break,已由Minecraft Java 1.20.1 asset index解析
3321bac1e45f90d65ef24d0e0d82de9ff516f930,33/3321bac1e45f90d65ef24d0e0d82de9ff516f930,24837,ogg,minecraft/sounds/item/trident/ground_impact2.ogg,item.trident.hit_ground,已由Minecraft Java 1.20.1 asset index解析
332f7c605dd41cf24080ee8c258f9361f32bd9ff,33/332f7c605dd41cf24080ee8c258f9361f32bd9ff,20764,ogg,minecraft/sounds/block/stem/break4.ogg,block.stem.break;block.stem.place,已由Minecraft Java 1.20.1 asset index解析
335dd7a03f2a9e96de2b70a6c437b9d7e478e057,33/335dd7a03f2a9e96de2b70a6c437b9d7e478e057,16264,ogg,,,未在Java 1.20.1 asset index中解析（可能来自其他版本/历史缓存）
337012cc85cea8ad09ac2bf0074be833477b3c6b,33/337012cc85cea8ad09ac2bf0074be833477b3c6b,19615,ogg,minecraft/sounds/block/basalt/step5.ogg,block.ancient_debris.fall;block.ancient_debris.hit;block.ancient_debris.step;block.basalt.fall;block.basalt.hit;block.basalt.step,已由Minecraft Java 1.20.1 asset index解析
3372c6fbf0d2aa1fc7cac21d17579eac7414ed3f,33/3372c6fbf0d2aa1fc7cac21d17579eac7414ed3f,288148,ogg,minecraft/sounds/ambient/nether/soulsand_valley/voices1.ogg,ambient.soul_sand_valley.additions,已由Minecraft Java 1.20.1 asset index解析
337de9b68a00e8bc06eb4183469f6f018b799787,33/337de9b68a00e8bc06eb4183469f6f018b799787,261777,ogg,minecraft/sounds/ambient/nether/basalt_deltas/plode1.ogg,ambient.basalt_deltas.additions,已由Minecraft Java 1.20.1 asset index解析
338130e9b7b6cedcd7ea28f17e8d842ada49ba3c,33/338130e9b7b6cedcd7ea28f17e8d842ada49ba3c,12676,ogg,minecraft/sounds/item/trident/pierce2.ogg,item.trident.hit,已由Minecraft Java 1.20.1 asset index解析
3381c241b6f2354617950dff5b97ccd92c641d16,33/3381c241b6f2354617950dff5b97ccd92c641d16,60020,ogg,minecraft/sounds/entity/glow_squid/squirt2.ogg,entity.glow_squid.squirt,已由Minecraft Java 1.20.1 asset index解析
33acf13c25f65a432348e9476eda67d6a34831e3,33/33acf13c25f65a432348e9476eda67d6a34831e3,11734,ogg,minecraft/sounds/mob/zombie/step3.ogg,entity.zombie.step;entity.zombie_villager.step,已由Minecraft Java 1.20.1 asset index解析
33bab73536ccde1205b5c77001b55f9289769e1f,33/33bab73536ccde1205b5c77001b55f9289769e1f,51733,ogg,minecraft/sounds/item/brush/brush_sand_complete3.ogg,item.brush.brushing.sand.complete,已由Minecraft Java 1.20.1 asset index解析
33c5c4052513683b12fee7adf9720f8501107c3d,33/33c5c4052513683b12fee7adf9720f8501107c3d,17235,ogg,minecraft/sounds/block/chiseled_bookshelf/break6.ogg,block.chiseled_bookshelf.break;block.chiseled_bookshelf.place,已由Minecraft Java 1.20.1 asset index解析
34051ededea1343bfea6fadd6556e642b6e5cce9,34/34051ededea1343bfea6fadd6556e642b6e5cce9,25519,ogg,minecraft/sounds/block/soul_soil/step5.ogg,block.soul_soil.fall;block.soul_soil.hit;block.soul_soil.step,已由Minecraft Java 1.20.1 asset index解析
34112e61ad3f65e94f330ac7be9e73d7654cb061,34/34112e61ad3f65e94f330ac7be9e73d7654cb061,17275,ogg,minecraft/sounds/item/plant/netherwart1.ogg,block.fungus.step;block.nether_wart.break;item.nether_wart.plant,已由Minecraft Java 1.20.1 asset index解析
342790fb463baafaa7b8d61102567b48505cbdf2,34/342790fb463baafaa7b8d61102567b48505cbdf2,23488,ogg,minecraft/sounds/mob/vex/charge3.ogg,entity.vex.charge,已由Minecraft Java 1.20.1 asset index解析
3428610fcfcd21f511ac6160cab8a0d230b8afc7,34/3428610fcfcd21f511ac6160cab8a0d230b8afc7,86100,ogg,minecraft/sounds/mob/phantom/swoop3.ogg,entity.phantom.swoop,已由Minecraft Java 1.20.1 asset index解析
3429a726bdda71c20b84d20fc35693a5eb04f096,34/3429a726bdda71c20b84d20fc35693a5eb04f096,13285,ogg,minecraft/sounds/note/banjo.ogg,block.note_block.banjo,已由Minecraft Java 1.20.1 asset index解析
3431b625ae64610cb748dbcdacdf6c9578051fbb,34/3431b625ae64610cb748dbcdacdf6c9578051fbb,117813,ogg,minecraft/sounds/mob/bee/aggressive1.ogg,entity.bee.loop_aggressive,已由Minecraft Java 1.20.1 asset index解析
344a480830217004a601358cb2bdbb4ccccf88a9,34/344a480830217004a601358cb2bdbb4ccccf88a9,77421,png,minecraft/textures/gui/title/background/panorama_5.png,,已由Minecraft Java 1.20.1 asset index解析
3467f0cdc7291802787d3ad51915a4372145c27d,34/3467f0cdc7291802787d3ad51915a4372145c27d,14796,ogg,minecraft/sounds/block/sculk/charge5.ogg,block.sculk.charge,已由Minecraft Java 1.20.1 asset index解析
3474596da23898033a4fc7dbd376de65db928c0a,34/3474596da23898033a4fc7dbd376de65db928c0a,21822,ogg,minecraft/sounds/mob/dolphin/eat3.ogg,entity.dolphin.eat,已由Minecraft Java 1.20.1 asset index解析
3483650440deb3934255e044ddabff5b01a65356,34/3483650440deb3934255e044ddabff5b01a65356,36329,ogg,minecraft/sounds/liquid/water.ogg,block.water.ambient,已由Minecraft Java 1.20.1 asset index解析
3497fd1c0597325bb3226c53fd9f076609f89c7e,34/3497fd1c0597325bb3226c53fd9f076609f89c7e,43993,ogg,,,未在Java 1.20.1 asset index中解析（可能来自其他版本/历史缓存）
34a8626957250f7d60ed3af2360e4e0a3da002e7,34/34a8626957250f7d60ed3af2360e4e0a3da002e7,45222,ogg,minecraft/sounds/liquid/swim14.ogg,entity.player.swim;entity.skeleton_horse.swim,已由Minecraft Java 1.20.1 asset index解析
34a9a0058caceecb2f5af494f1b4d087d1680adf,34/34a9a0058caceecb2f5af494f1b4d087d1680adf,24289,ogg,minecraft/sounds/block/azalea/break4.ogg,block.azalea.break;block.azalea.place;block.flowering_azalea.break;block.flowering_azalea.place,已由Minecraft Java 1.20.1 asset index解析
34b26e7f9ba93b9039a4a480404a801bd2ebb7c2,34/34b26e7f9ba93b9039a4a480404a801bd2ebb7c2,31698,ogg,minecraft/sounds/mob/camel/sit3.ogg,entity.camel.sit,已由Minecraft Java 1.20.1 asset index解析
34ba5df38b450a7ccfbb272e0bad1b11da39faff,34/34ba5df38b450a7ccfbb272e0bad1b11da39faff,34237,ogg,minecraft/sounds/mob/strider/step_lava5.ogg,entity.strider.step_lava,已由Minecraft Java 1.20.1 asset index解析
34bd6800e8fc87778b8aed0e3616566ad51d7ff5,34/34bd6800e8fc87778b8aed0e3616566ad51d7ff5,21673,ogg,minecraft/sounds/block/powder_snow/step3.ogg,block.powder_snow.fall;block.powder_snow.hit;block.powder_snow.step,已由Minecraft Java 1.20.1 asset index解析
34d5945158b5e347b6a107fb051175b48ef3cf26,34/34d5945158b5e347b6a107fb051175b48ef3cf26,30984,ogg,minecraft/sounds/mob/hoglin/attack2.ogg,entity.hoglin.attack,已由Minecraft Java 1.20.1 asset index解析
34eec70d1a60aba94b92065274fd456a97b1e036,34/34eec70d1a60aba94b92065274fd456a97b1e036,6247,ogg,minecraft/sounds/ui/stonecutter/cut2.ogg,entity.villager.work_mason;ui.stonecutter.take_result,已由Minecraft Java 1.20.1 asset index解析
34f82083ccd04e693ebb4aa1d3862eee4aeda0d0,34/34f82083ccd04e693ebb4aa1d3862eee4aeda0d0,194532,ogg,minecraft/sounds/ambient/nether/crimson_forest/voom2.ogg,ambient.crimson_forest.additions,已由Minecraft Java 1.20.1 asset index解析
350a9a9620efabf6edf91e75762957953bf6cb81,35/350a9a9620efabf6edf91e75762957953bf6cb81,14841,ogg,minecraft/sounds/block/sweet_berry_bush/break3.ogg,block.sweet_berry_bush.break,已由Minecraft Java 1.20.1 asset index解析
352118247b942b2c0df66f2a9a60cb1fb4792446,35/352118247b942b2c0df66f2a9a60cb1fb4792446,6970,ogg,minecraft/sounds/mob/horse/soft6.ogg,entity.horse.step,已由Minecraft Java 1.20.1 asset index解析
352bc5b46e08effbb8d92298b601e688cc36c4de,35/352bc5b46e08effbb8d92298b601e688cc36c4de,16534449,ogg,minecraft/sounds/music/game/swamp/firebugs.ogg,music.overworld.forest;music.overworld.lush_caves;music.overworld.old_growth_taiga;music.overworld.swamp,已由Minecraft Java 1.20.1 asset index解析
35329e58679fe3c986c258b9722553c3be3cc2bc,35/35329e58679fe3c986c258b9722553c3be3cc2bc,30320,ogg,minecraft/sounds/item/axe/scrape2.ogg,item.axe.scrape,已由Minecraft Java 1.20.1 asset index解析
35461b6a4253db40973549e82d91f267c686be85,35/35461b6a4253db40973549e82d91f267c686be85,7442,ogg,minecraft/sounds/mob/endermen/portal2.ogg,entity.enderman.teleport;entity.fox.teleport;entity.shulker.teleport;item.chorus_fruit.teleport,已由Minecraft Java 1.20.1 asset index解析
356fdb6192cf96aa5d5d9c76413f412f6a4d66a4,35/356fdb6192cf96aa5d5d9c76413f412f6a4d66a4,6945,ogg,minecraft/sounds/mob/irongolem/walk2.ogg,entity.iron_golem.step,已由Minecraft Java 1.20.1 asset index解析
35a5c6a402a0f0091c1221a245ea9cc180975cc8,35/35a5c6a402a0f0091c1221a245ea9cc180975cc8,4439,ogg,minecraft/sounds/entity/itemframe/remove_item2.ogg,entity.glow_item_frame.remove_item;entity.item_frame.remove_item,已由Minecraft Java 1.20.1 asset index解析
35baf113eadbcc0ff1c8cf0f9c64e955b267c64b,35/35baf113eadbcc0ff1c8cf0f9c64e955b267c64b,21050,ogg,minecraft/sounds/block/mangrove_roots/step5.ogg,block.mangrove_roots.fall;block.mangrove_roots.hit;block.mangrove_roots.step,已由Minecraft Java 1.20.1 asset index解析
35bb19510f54742b870014129028ad0bee38879c,35/35bb19510f54742b870014129028ad0bee38879c,13224,ogg,minecraft/sounds/block/big_dripleaf/break1.ogg,block.big_dripleaf.break;block.big_dripleaf.place;block.small_dripleaf.break;block.small_dripleaf.place,已由Minecraft Java 1.20.1 asset index解析
35f0b3c9c462a6c21ec213fbda2437a0e6427883,35/35f0b3c9c462a6c21ec213fbda2437a0e6427883,4826,ogg,minecraft/sounds/mob/slime/small5.ogg,block.slime_block.fall;block.slime_block.hit;block.slime_block.step;entity.magma_cube.death_small;entity.magma_cube.hurt_small;entity.slime.death_small;entity.slime.hurt_small;entity.slime.jump_small;entity.slime.squish_small,已由Minecraft Java 1.20.1 asset index解析
3608722543847655288247fa525a1fa049a5aa08,36/3608722543847655288247fa525a1fa049a5aa08,45092,ogg,,,未在Java 1.20.1 asset index中解析（可能来自其他版本/历史缓存）
3610feb2a1a575026cfa3ab44965d114e74ea583,36/3610feb2a1a575026cfa3ab44965d114e74ea583,5143,ogg,minecraft/sounds/mob/wolf/step5.ogg,entity.wolf.step,已由Minecraft Java 1.20.1 asset index解析
3612c93dfebcedbeb22bc8283e0b85de033d081a,36/3612c93dfebcedbeb22bc8283e0b85de033d081a,11764,ogg,minecraft/sounds/item/bucket/empty_lava1.ogg,item.bucket.empty_lava,已由Minecraft Java 1.20.1 asset index解析
361810bfeaae39c4c73b74e2357d6a40936e84cb,36/361810bfeaae39c4c73b74e2357d6a40936e84cb,32271,ogg,minecraft/sounds/item/crossbow/loading_middle4.ogg,item.crossbow.loading_middle,已由Minecraft Java 1.20.1 asset index解析
36196e23d75142d74e9907883f7dd3e1002b0166,36/36196e23d75142d74e9907883f7dd3e1002b0166,34882,ogg,,,未在Java 1.20.1 asset index中解析（可能来自其他版本/历史缓存）
361c8d76dce6157713e24e77c7feb20868ae0e38,36/361c8d76dce6157713e24e77c7feb20868ae0e38,7436,ogg,minecraft/sounds/mob/llama/spit1.ogg,entity.llama.spit,已由Minecraft Java 1.20.1 asset index解析
36204e8c59761c493a238efd1760600f4d3900fe,36/36204e8c59761c493a238efd1760600f4d3900fe,15904,ogg,minecraft/sounds/block/big_dripleaf/break3.ogg,block.big_dripleaf.break;block.big_dripleaf.place;block.small_dripleaf.break;block.small_dripleaf.place,已由Minecraft Java 1.20.1 asset index解析
3634810d138e7094a12b13cbeb46fa0c63f78d13,36/3634810d138e7094a12b13cbeb46fa0c63f78d13,20691,ogg,minecraft/sounds/block/deepslate_bricks/step3.ogg,block.deepslate_bricks.fall;block.deepslate_bricks.hit;block.deepslate_bricks.step;block.deepslate_tiles.fall;block.deepslate_tiles.hit;block.deepslate_tiles.step,已由Minecraft Java 1.20.1 asset index解析
363545a76277e5e47538b2dd3a0d6aa4f7a87d34,36/363545a76277e5e47538b2dd3a0d6aa4f7a87d34,6516,ogg,minecraft/sounds/dig/stone4.ogg,block.anvil.break;block.glass.place;block.lodestone.break;block.metal.break;block.metal.place;block.stone.break;block.stone.place;entity.armor_stand.place,已由Minecraft Java 1.20.1 asset index解析
36409234aed55db1d006a65b92f1c64be4e4bbe0,36/36409234aed55db1d006a65b92f1c64be4e4bbe0,10107,ogg,minecraft/sounds/entity/snowman/death2.ogg,entity.snow_golem.death,已由Minecraft Java 1.20.1 asset index解析
3660e743db2bbbcff0866d3f1e606882f1aeb6ac,36/3660e743db2bbbcff0866d3f1e606882f1aeb6ac,9476,ogg,minecraft/sounds/mob/chicken/say2.ogg,entity.chicken.ambient,已由Minecraft Java 1.20.1 asset index解析
368316d53d5060e3bc230342905cd880fc7e570e,36/368316d53d5060e3bc230342905cd880fc7e570e,12182,ogg,minecraft/sounds/mob/fox/bite1.ogg,entity.fox.bite,已由Minecraft Java 1.20.1 asset index解析
36adcbb0553274272777667992b363d857b80af9,36/36adcbb0553274272777667992b363d857b80af9,4907,ogg,minecraft/sounds/entity/itemframe/break1.ogg,entity.glow_item_frame.break;entity.item_frame.break,已由Minecraft Java 1.20.1 asset index解析
36aff1e2ff86ad050db76e1e9228e39e5e4ccda8,36/36aff1e2ff86ad050db76e1e9228e39e5e4ccda8,14217,ogg,minecraft/sounds/mob/turtle/baby/shamble2.ogg,entity.turtle.shamble_baby,已由Minecraft Java 1.20.1 asset index解析
36c387db12975376921f130e0971f52bd0bd573a,36/36c387db12975376921f130e0971f52bd0bd573a,19211,ogg,minecraft/sounds/block/deepslate/place3.ogg,block.deepslate.place;block.polished_deepslate.place,已由Minecraft Java 1.20.1 asset index解析
371dddf142071e187d535c454744c77fde9e1142,37/371dddf142071e187d535c454744c77fde9e1142,10714,ogg,minecraft/sounds/block/bell/bell_use02.ogg,block.bell.use,已由Minecraft Java 1.20.1 asset index解析
37310577c903e85a9ae6b1393a94b9127a1a4c76,37/37310577c903e85a9ae6b1393a94b9127a1a4c76,95345,ogg,minecraft/sounds/block/blastfurnace/blastfurnace1.ogg,block.blastfurnace.fire_crackle;entity.villager.work_armorer,已由Minecraft Java 1.20.1 asset index解析
3733a5ecf191c170d27f01d7c0cc8e35c399a5e4,37/3733a5ecf191c170d27f01d7c0cc8e35c399a5e4,17161,ogg,minecraft/sounds/block/big_dripleaf/break4.ogg,block.big_dripleaf.break;block.big_dripleaf.place;block.small_dripleaf.break;block.small_dripleaf.place,已由Minecraft Java 1.20.1 asset index解析
37485af7d2c8792ec4898f4e30dfb476bee838f3,37/37485af7d2c8792ec4898f4e30dfb476bee838f3,19681,ogg,minecraft/sounds/mob/strider/idle3.ogg,entity.strider.ambient,已由Minecraft Java 1.20.1 asset index解析
374bf2477feac69222187fed90d0d314801cb0fa,37/374bf2477feac69222187fed90d0d314801cb0fa,12369,ogg,minecraft/sounds/block/packed_mud/break6.ogg,block.packed_mud.break;block.packed_mud.place,已由Minecraft Java 1.20.1 asset index解析
3760b6da1772779c753aae01d12a6bacfca1f78c,37/3760b6da1772779c753aae01d12a6bacfca1f78c,56920,ogg,minecraft/sounds/mob/warden/listening_angry_2.ogg,entity.warden.listening_angry,已由Minecraft Java 1.20.1 asset index解析
378a4a01f9dfef97a93f7bd9f9b22d45ad4b863d,37/378a4a01f9dfef97a93f7bd9f9b22d45ad4b863d,20065,ogg,minecraft/sounds/block/basalt/break3.ogg,block.basalt.break;block.basalt.place,已由Minecraft Java 1.20.1 asset index解析
378d2a7a8979bb1291cbf0b1b9dc5f1de978883b,37/378d2a7a8979bb1291cbf0b1b9dc5f1de978883b,20642,ogg,minecraft/sounds/mob/cat/meow1.ogg,entity.cat.ambient,已由Minecraft Java 1.20.1 asset index解析
379f03fa65c3c72ddd5ac9badd6ee2854dff25c9,37/379f03fa65c3c72ddd5ac9badd6ee2854dff25c9,16697,ogg,minecraft/sounds/mob/horse/skeleton/water/soft5.ogg,entity.skeleton_horse.step_water,已由Minecraft Java 1.20.1 asset index解析
37afa06f97d58767a1cd1382386db878be1532dd,37/37afa06f97d58767a1cd1382386db878be1532dd,5491,ogg,minecraft/sounds/dig/sand4.ogg,block.sand.break;block.sand.place,已由Minecraft Java 1.20.1 asset index解析
37c0ff8ac56889125bb0d11be7225f453e1e4098,37/37c0ff8ac56889125bb0d11be7225f453e1e4098,5907,ogg,minecraft/sounds/block/wooden_trapdoor/open3.ogg,block.wooden_trapdoor.open,已由Minecraft Java 1.20.1 asset index解析
38044a5747fd72dc26f3c0a37bef44ffa3744078,38/38044a5747fd72dc26f3c0a37bef44ffa3744078,15821,ogg,minecraft/sounds/item/axe/strip2.ogg,item.axe.strip,已由Minecraft Java 1.20.1 asset index解析
381d6b0a0063bccb811f6df1d58e50e600c0b2f4,38/381d6b0a0063bccb811f6df1d58e50e600c0b2f4,10382,ogg,,,未在Java 1.20.1 asset index中解析（可能来自其他版本/历史缓存）
3823be0610bf07a50494227faaa32e1c24e029c9,38/3823be0610bf07a50494227faaa32e1c24e029c9,90457,ogg,minecraft/sounds/block/smoker/smoker1.ogg,block.smoker.smoke;entity.villager.work_butcher,已由Minecraft Java 1.20.1 asset index解析
3828914a60e52512a43117b31498528c19e5d37e,38/3828914a60e52512a43117b31498528c19e5d37e,45869,ogg,minecraft/sounds/mob/sniffer/idle4.ogg,entity.sniffer.idle,已由Minecraft Java 1.20.1 asset index解析
382a151231a96ffbea3622943cd2cb64acca107e,38/382a151231a96ffbea3622943cd2cb64acca107e,16222,ogg,minecraft/sounds/block/calcite/break3.ogg,block.calcite.break,已由Minecraft Java 1.20.1 asset index解析
385211c4a419a4613f311e45cd070e442e6a8a53,38/385211c4a419a4613f311e45cd070e442e6a8a53,38333,ogg,minecraft/sounds/block/beacon/deactivate.ogg,block.beacon.deactivate,已由Minecraft Java 1.20.1 asset index解析
386bf5d2e1122eac1b926a87ce533309b8e1a8ac,38/386bf5d2e1122eac1b926a87ce533309b8e1a8ac,62181,ogg,minecraft/sounds/mob/warden/sniff_2.ogg,entity.warden.sniff,已由Minecraft Java 1.20.1 asset index解析
38ae67559dd3d1b390f3bd9bbed3a258d9b2038a,38/38ae67559dd3d1b390f3bd9bbed3a258d9b2038a,49744,ogg,,,未在Java 1.20.1 asset index中解析（可能来自其他版本/历史缓存）
38b0fa011c55c2b15e10a8f1b032b3e545b1a63f,38/38b0fa011c55c2b15e10a8f1b032b3e545b1a63f,50020,ogg,minecraft/sounds/liquid/swim18.ogg,entity.player.swim,已由Minecraft Java 1.20.1 asset index解析
38bd80df3daffdc57acf5bdb6f3a7ced662b9faf,38/38bd80df3daffdc57acf5bdb6f3a7ced662b9faf,22353,ogg,minecraft/sounds/entity/pufferfish/death2.ogg,entity.puffer_fish.death,已由Minecraft Java 1.20.1 asset index解析
38c6fa761cf8366f3082eaaecd9d950865b00f21,38/38c6fa761cf8366f3082eaaecd9d950865b00f21,76093,ogg,minecraft/sounds/mob/piglin/converted1.ogg,entity.piglin.converted_to_zombified;entity.piglin_brute.converted_to_zombified,已由Minecraft Java 1.20.1 asset index解析
38c7a291e6f92671edfc93ed417190007360ccc8,38/38c7a291e6f92671edfc93ed417190007360ccc8,13518,ogg,minecraft/sounds/mob/evocation_illager/idle4.ogg,entity.evoker.ambient,已由Minecraft Java 1.20.1 asset index解析
38d4d36bbe40a48c3a8ef97735b59b37f013fd6e,38/38d4d36bbe40a48c3a8ef97735b59b37f013fd6e,6717,ogg,minecraft/sounds/mob/silverfish/hit2.ogg,entity.endermite.hurt;entity.silverfish.hurt,已由Minecraft Java 1.20.1 asset index解析
38e778076608e4be6abfdbf027eb060857cfb329,38/38e778076608e4be6abfdbf027eb060857cfb329,21023,ogg,minecraft/sounds/block/nether_ore/break2.ogg,block.gilded_blackstone.break;block.gilded_blackstone.place;block.nether_gold_ore.break;block.nether_gold_ore.place;block.nether_ore.break;block.nether_ore.place,已由Minecraft Java 1.20.1 asset index解析
38f948ad20d82b0b9126ab77fee485bb9e4dc6ef,38/38f948ad20d82b0b9126ab77fee485bb9e4dc6ef,18679,ogg,,,未在Java 1.20.1 asset index中解析（可能来自其他版本/历史缓存）
39077d824a27e8040b0e1f2b4707d81149830d11,39/39077d824a27e8040b0e1f2b4707d81149830d11,5117,ogg,minecraft/sounds/entity/player/attack/sweep6.ogg,entity.player.attack.sweep,已由Minecraft Java 1.20.1 asset index解析
390ce719ead59e8615b91c7368253a9931c4ea06,39/390ce719ead59e8615b91c7368253a9931c4ea06,31838,ogg,minecraft/sounds/block/sculk_catalyst/step5.ogg,block.sculk_catalyst.fall;block.sculk_catalyst.hit;block.sculk_catalyst.step,已由Minecraft Java 1.20.1 asset index解析
390f6e662d4825f0ae88d0f4b92a5f9e43429652,39/390f6e662d4825f0ae88d0f4b92a5f9e43429652,16058,ogg,minecraft/sounds/mob/fox/death2.ogg,entity.fox.death,已由Minecraft Java 1.20.1 asset index解析
3920b92ee14834623308f557d4ac912aef760108,39/3920b92ee14834623308f557d4ac912aef760108,14939,ogg,minecraft/sounds/block/lantern/place5.ogg,block.lantern.hit;block.lantern.place,已由Minecraft Java 1.20.1 asset index解析
394253f2575216683fc1926a0a387a3e5e90bc16,39/394253f2575216683fc1926a0a387a3e5e90bc16,6445,ogg,minecraft/sounds/entity/shulker/hurt3.ogg,entity.shulker.hurt,已由Minecraft Java 1.20.1 asset index解析
396b8b46e593cf55d843853b704dc054ef614e55,39/396b8b46e593cf55d843853b704dc054ef614e55,9782,ogg,minecraft/sounds/mob/silverfish/say2.ogg,entity.endermite.ambient;entity.parrot.imitate.endermite;entity.parrot.imitate.silverfish;entity.silverfish.ambient,已由Minecraft Java 1.20.1 asset index解析
396ba68618495013870b6af555d531a097d9da25,39/396ba68618495013870b6af555d531a097d9da25,600356,json/text,,,未在Java 1.20.1 asset index中解析；本对象不是已识别OGG音频
3970e5aa09984b768ac01a3a59f27f15451b6b13,39/3970e5aa09984b768ac01a3a59f27f15451b6b13,539404,json/text,,,未在Java 1.20.1 asset index中解析；本对象不是已识别OGG音频
3978d90f0200812a55c663ec740faa374edc446c,39/3978d90f0200812a55c663ec740faa374edc446c,29922,ogg,minecraft/sounds/mob/camel/death2.ogg,entity.camel.death,已由Minecraft Java 1.20.1 asset index解析
398bdfb1b7b64dc83706f0d6ad824b70ce1f9569,39/398bdfb1b7b64dc83706f0d6ad824b70ce1f9569,23291,ogg,minecraft/sounds/mob/axolotl/idle_air1.ogg,entity.axolotl.idle_air,已由Minecraft Java 1.20.1 asset index解析
39b262f24d85f3bcaf12b2822126b709f99c5026,39/39b262f24d85f3bcaf12b2822126b709f99c5026,23057,ogg,minecraft/sounds/mob/piglin/hurt3.ogg,entity.piglin.hurt,已由Minecraft Java 1.20.1 asset index解析
39c7ff87060cb39186488850886e9d2e68a31a26,39/39c7ff87060cb39186488850886e9d2e68a31a26,73548,ogg,minecraft/sounds/entity/glow_squid/ambient5.ogg,entity.glow_squid.ambient,已由Minecraft Java 1.20.1 asset index解析
39d403cce416fb8a33bb3f618feb0c35b7e4a50f,39/39d403cce416fb8a33bb3f618feb0c35b7e4a50f,16683,ogg,minecraft/sounds/mob/piglin_brute/step1.ogg,entity.piglin_brute.step,已由Minecraft Java 1.20.1 asset index解析
39df0f211e29870ba32a227b0812be295ae0e48d,39/39df0f211e29870ba32a227b0812be295ae0e48d,17372,ogg,minecraft/sounds/block/sculk/charge1.ogg,block.sculk.charge,已由Minecraft Java 1.20.1 asset index解析
39ec9f647dc54c66f72dcaf0e54b066f413a0895,39/39ec9f647dc54c66f72dcaf0e54b066f413a0895,16679,ogg,minecraft/sounds/block/calcite/break4.ogg,block.calcite.break,已由Minecraft Java 1.20.1 asset index解析
3a024d45be1a2493a66b2edff81ffc1d8c9fe7fd,3a/3a024d45be1a2493a66b2edff81ffc1d8c9fe7fd,21315,ogg,minecraft/sounds/block/suspicious_gravel/step2.ogg,block.suspicious_gravel.fall;block.suspicious_gravel.hit;block.suspicious_gravel.step,已由Minecraft Java 1.20.1 asset index解析
3a05ef3ce1827538f54ba4b3262eaee438da4217,3a/3a05ef3ce1827538f54ba4b3262eaee438da4217,5760,ogg,minecraft/sounds/block/wooden_trapdoor/open5.ogg,block.wooden_trapdoor.open,已由Minecraft Java 1.20.1 asset index解析
3a080cb3bc9ebd940a07f15af76751023d3ce811,3a/3a080cb3bc9ebd940a07f15af76751023d3ce811,48616,ogg,minecraft/sounds/mob/camel/ambient5.ogg,entity.camel.ambient,已由Minecraft Java 1.20.1 asset index解析
3a2fe159c4910b7a61334ef56b8df33c40764b59,3a/3a2fe159c4910b7a61334ef56b8df33c40764b59,14801,ogg,minecraft/sounds/mob/cat/hitt3.ogg,entity.cat.death;entity.cat.hurt;entity.ocelot.hurt,已由Minecraft Java 1.20.1 asset index解析
3a395719dac4db21f2092558c28afcf35b833d99,3a/3a395719dac4db21f2092558c28afcf35b833d99,53312,ogg,minecraft/sounds/liquid/swim7.ogg,entity.player.swim,已由Minecraft Java 1.20.1 asset index解析
3a45316baca62f408e1ed9b2d7590935cef58ac1,3a/3a45316baca62f408e1ed9b2d7590935cef58ac1,27247,ogg,minecraft/sounds/mob/phantom/flap2.ogg,entity.phantom.flap,已由Minecraft Java 1.20.1 asset index解析
3a48d36cc6bd2b1d5c7dbdcd7710e5bd5e25ce19,3a/3a48d36cc6bd2b1d5c7dbdcd7710e5bd5e25ce19,15103,ogg,minecraft/sounds/block/nether_wood_trapdoor/toggle2.ogg,block.nether_wood_trapdoor.close;block.nether_wood_trapdoor.open,已由Minecraft Java 1.20.1 asset index解析
3a5861e32a704c97e0ac1418a7e4bdd6dd7df9b7,3a/3a5861e32a704c97e0ac1418a7e4bdd6dd7df9b7,21786,ogg,minecraft/sounds/block/candle/ambient8.ogg,block.candle.ambient,已由Minecraft Java 1.20.1 asset index解析
3a7888bdd0e2803a2b08d2505e4ff99c707df1f9,3a/3a7888bdd0e2803a2b08d2505e4ff99c707df1f9,16891,ogg,minecraft/sounds/block/deepslate/place4.ogg,block.deepslate.place;block.polished_deepslate.place,已由Minecraft Java 1.20.1 asset index解析
3a9a56e15aeb25ad049f0d64a343fabcc3ce4de0,3a/3a9a56e15aeb25ad049f0d64a343fabcc3ce4de0,16957,ogg,minecraft/sounds/block/dripstone/step2.ogg,block.dripstone_block.fall;block.dripstone_block.hit;block.dripstone_block.step;block.pointed_dripstone.fall;block.pointed_dripstone.hit;block.pointed_dripstone.step,已由Minecraft Java 1.20.1 asset index解析
3aa16dc0cb98b207552d722f759be8ef7712ee40,3a/3aa16dc0cb98b207552d722f759be8ef7712ee40,26404,ogg,,,未在Java 1.20.1 asset index中解析（可能来自其他版本/历史缓存）
3aa97723d1cc28cfdd0435e91a1f79cc6442ef3d,3a/3aa97723d1cc28cfdd0435e91a1f79cc6442ef3d,151012,ogg,minecraft/sounds/ambient/nether/nether_wastes/addition2.ogg,ambient.nether_wastes.additions,已由Minecraft Java 1.20.1 asset index解析
3aaf8dbe6d42d12e0219866bb47633b867b56b13,3a/3aaf8dbe6d42d12e0219866bb47633b867b56b13,31072,ogg,minecraft/sounds/block/sculk/step6.ogg,block.sculk.fall;block.sculk.hit;block.sculk.step;block.sculk_sensor.fall;block.sculk_sensor.hit;block.sculk_sensor.step;block.sculk_shrieker.fall;block.sculk_shrieker.hit;block.sculk_shrieker.step;block.sculk_vein.fall;block.sculk_vein.hit;block.sculk_vein.step,已由Minecraft Java 1.20.1 asset index解析
3aafe51655104d95dcf41b55de9731622db1845f,3a/3aafe51655104d95dcf41b55de9731622db1845f,15926,ogg,minecraft/sounds/block/composter/fill_success2.ogg,block.composter.fill_success;entity.villager.work_farmer,已由Minecraft Java 1.20.1 asset index解析
3ab5202db5786cdc438cd8fbc554f3fc1a929939,3a/3ab5202db5786cdc438cd8fbc554f3fc1a929939,10122,ogg,minecraft/sounds/mob/polarbear/warning1.ogg,entity.polar_bear.warning,已由Minecraft Java 1.20.1 asset index解析
3ac40ab47211d5469607227981f5b5f20ee2e72c,3a/3ac40ab47211d5469607227981f5b5f20ee2e72c,20645,ogg,minecraft/sounds/mob/warden/listening_2.ogg,entity.warden.listening,已由Minecraft Java 1.20.1 asset index解析
3ad88a819efd0d1e1eaff1a24b08a9fe4caacb65,3a/3ad88a819efd0d1e1eaff1a24b08a9fe4caacb65,12872,ogg,minecraft/sounds/item/spyglass/stop.ogg,item.spyglass.stop_using,已由Minecraft Java 1.20.1 asset index解析
3ae5e229769df9c82e3c23e02e798af8b408edc5,3a/3ae5e229769df9c82e3c23e02e798af8b408edc5,168725,ogg,minecraft/sounds/ambient/nether/nether_wastes/addition5.ogg,ambient.nether_wastes.additions,已由Minecraft Java 1.20.1 asset index解析
3ae9a3d3bbc6ad99f44094272e5a5114b767b6fe,3a/3ae9a3d3bbc6ad99f44094272e5a5114b767b6fe,45710,ogg,minecraft/sounds/mob/horse/skeleton/water/idle3.ogg,entity.skeleton_horse.ambient_water,已由Minecraft Java 1.20.1 asset index解析
3b0cda0d9049bbdc9bcecdfeade41ccf23a7c872,3b/3b0cda0d9049bbdc9bcecdfeade41ccf23a7c872,13364,ogg,minecraft/sounds/mob/panda/eat4.ogg,entity.panda.eat,已由Minecraft Java 1.20.1 asset index解析
3b11e7b50263049d7b7c384c622c8fdf28cf12d8,3b/3b11e7b50263049d7b7c384c622c8fdf28cf12d8,19775,ogg,minecraft/sounds/mob/horse/skeleton/death.ogg,entity.skeleton_horse.death,已由Minecraft Java 1.20.1 asset index解析
3b27142409aa1b667a967117b49b960b3fe797fb,3b/3b27142409aa1b667a967117b49b960b3fe797fb,20571,ogg,minecraft/sounds/mob/ravager/step1.ogg,entity.ravager.step,已由Minecraft Java 1.20.1 asset index解析
3b38ff0265ed81718749b343af3341c434cdeec2,3b/3b38ff0265ed81718749b343af3341c434cdeec2,17337,ogg,minecraft/sounds/block/candle/ambient5.ogg,block.candle.ambient,已由Minecraft Java 1.20.1 asset index解析
3b4d57ebb6fdeba68c0928049ffa5a2a6cf03a30,3b/3b4d57ebb6fdeba68c0928049ffa5a2a6cf03a30,14321,ogg,minecraft/sounds/block/cherry_wood/break3.ogg,block.cherry_wood.break;block.cherry_wood.place,已由Minecraft Java 1.20.1 asset index解析
3b6a7430672f147418d8aca9e8675d8e0e177b17,3b/3b6a7430672f147418d8aca9e8675d8e0e177b17,12497,ogg,minecraft/sounds/block/pointed_dripstone/drip_lava1.ogg,block.pointed_dripstone.drip_lava,已由Minecraft Java 1.20.1 asset index解析
3ba4e73ce19a5207d88495b32f7abde4ae065ada,3b/3ba4e73ce19a5207d88495b32f7abde4ae065ada,30278,ogg,minecraft/sounds/block/big_dripleaf/tilt_up1.ogg,block.big_dripleaf.tilt_up,已由Minecraft Java 1.20.1 asset index解析
3bc8225914b1be20db68fcdae202d5acee3234c2,3b/3bc8225914b1be20db68fcdae202d5acee3234c2,5314,ogg,minecraft/sounds/mob/slime/small3.ogg,block.slime_block.fall;block.slime_block.hit;block.slime_block.step;entity.magma_cube.death_small;entity.magma_cube.hurt_small;entity.slime.death_small;entity.slime.hurt_small;entity.slime.jump_small;entity.slime.squish_small,已由Minecraft Java 1.20.1 asset index解析
3be19ca12af51eee46dde06d994ac3f6eb4bb33a,3b/3be19ca12af51eee46dde06d994ac3f6eb4bb33a,132938,ogg,minecraft/sounds/ambient/nether/nether_wastes/dark1.ogg,ambient.nether_wastes.additions,已由Minecraft Java 1.20.1 asset index解析
3bf37be15c3dd84cd94e418e2e9759d359bb8056,3b/3bf37be15c3dd84cd94e418e2e9759d359bb8056,859844,json/text,,,未在Java 1.20.1 asset index中解析；本对象不是已识别OGG音频
3c05729b7cfdef0e5782080155004d4d0766ab41,3c/3c05729b7cfdef0e5782080155004d4d0766ab41,6866,ogg,minecraft/sounds/entity/squid/hurt2.ogg,entity.squid.hurt,已由Minecraft Java 1.20.1 asset index解析
3c110e8daaedc779da97c827d30cc73668824f97,3c/3c110e8daaedc779da97c827d30cc73668824f97,34376,ogg,minecraft/sounds/item/bonemeal/bonemeal1.ogg,item.bone_meal.use,已由Minecraft Java 1.20.1 asset index解析
3c172958910e28286c5f1910b1d7cb5833b10f79,3c/3c172958910e28286c5f1910b1d7cb5833b10f79,19079,ogg,minecraft/sounds/mob/hoglin/idle9.ogg,entity.hoglin.ambient;entity.parrot.imitate.hoglin,已由Minecraft Java 1.20.1 asset index解析
3c264aa4483df7a231767f8f0b5f8e08993e9b4b,3c/3c264aa4483df7a231767f8f0b5f8e08993e9b4b,97680,ogg,minecraft/sounds/ambient/nether/crimson_forest/twang1.ogg,ambient.crimson_forest.additions,已由Minecraft Java 1.20.1 asset index解析
3c364e117468d3232cb75c67777120d98b4b89f4,3c/3c364e117468d3232cb75c67777120d98b4b89f4,33902,ogg,minecraft/sounds/mob/strider/step_lava6.ogg,entity.strider.step_lava,已由Minecraft Java 1.20.1 asset index解析
3c531fd51d3ce2a68a6b3cd3e9df704504b08aef,3c/3c531fd51d3ce2a68a6b3cd3e9df704504b08aef,17604,ogg,minecraft/sounds/block/hanging_roots/break1.ogg,block.hanging_roots.break;block.hanging_roots.place,已由Minecraft Java 1.20.1 asset index解析
3c6fa8b97c23835b3709d2acfbe6b101b76c020d,3c/3c6fa8b97c23835b3709d2acfbe6b101b76c020d,30374,ogg,minecraft/sounds/mob/dolphin/idle_water1.ogg,entity.dolphin.ambient_water,已由Minecraft Java 1.20.1 asset index解析
3c7b02d6f14374133a5547541abb204310cc7835,3c/3c7b02d6f14374133a5547541abb204310cc7835,26529,ogg,,,未在Java 1.20.1 asset index中解析（可能来自其他版本/历史缓存）
3c7d131bea20c3ecf4944ea348f0b7f1ffd589b8,3c/3c7d131bea20c3ecf4944ea348f0b7f1ffd589b8,22707,ogg,minecraft/sounds/mob/llama/angry1.ogg,entity.llama.angry,已由Minecraft Java 1.20.1 asset index解析
3c7e76b2eabe4f1199b94d308f1c763ccceac76c,3c/3c7e76b2eabe4f1199b94d308f1c763ccceac76c,23537,ogg,minecraft/sounds/step/wood5.ogg,block.wood.fall;block.wood.hit;block.wood.step,已由Minecraft Java 1.20.1 asset index解析
3c9beded731ff074a4243c5c22710c66bf4aca8b,3c/3c9beded731ff074a4243c5c22710c66bf4aca8b,35826,ogg,minecraft/sounds/entity/witch/celebrate.ogg,entity.witch.celebrate,已由Minecraft Java 1.20.1 asset index解析
3cab25ea3eaa1b92fe6ccbc6691b41a911819ffe,3c/3cab25ea3eaa1b92fe6ccbc6691b41a911819ffe,22840,ogg,minecraft/sounds/item/bundle/drop_contents2.ogg,item.bundle.drop_contents,已由Minecraft Java 1.20.1 asset index解析
3cb548487ea6c1e06fd0d804d592c025b0c51ddd,3c/3cb548487ea6c1e06fd0d804d592c025b0c51ddd,16958,ogg,minecraft/sounds/mob/hoglin/idle1.ogg,entity.hoglin.ambient;entity.parrot.imitate.hoglin,已由Minecraft Java 1.20.1 asset index解析
3cb7a8b6fbfebb79dc8b425e1b758dcf3fb50148,3c/3cb7a8b6fbfebb79dc8b425e1b758dcf3fb50148,38302,ogg,,,未在Java 1.20.1 asset index中解析（可能来自其他版本/历史缓存）
3cc522ebe4e5c1b70a4481c4992d395e8b483f9e,3c/3cc522ebe4e5c1b70a4481c4992d395e8b483f9e,40553,ogg,minecraft/sounds/mob/goat/death4.ogg,entity.goat.death,已由Minecraft Java 1.20.1 asset index解析
3cce816fbbf75a99d0f074ea4f0f16b840de5872,3c/3cce816fbbf75a99d0f074ea4f0f16b840de5872,739897,json/text,,,未在Java 1.20.1 asset index中解析；本对象不是已识别OGG音频
3cde7739252b93df7bc9506bd53af0e5372bb67c,3c/3cde7739252b93df7bc9506bd53af0e5372bb67c,573686,json/text,,,未在Java 1.20.1 asset index中解析；本对象不是已识别OGG音频
3cf3e8d3aab0a3092f6c6bf681ff156bc9653859,3c/3cf3e8d3aab0a3092f6c6bf681ff156bc9653859,6343,ogg,minecraft/sounds/mob/spider/say4.ogg,entity.parrot.imitate.spider;entity.spider.ambient;entity.spider.hurt,已由Minecraft Java 1.20.1 asset index解析
3cf642f0bd9746b9fd38f34585c76b1e0d33a0c2,3c/3cf642f0bd9746b9fd38f34585c76b1e0d33a0c2,14406,ogg,minecraft/sounds/mob/goat/horn_break3.ogg,entity.goat.horn_break,已由Minecraft Java 1.20.1 asset index解析
3cffe887c0882fa146d5671898a4d6c23ec72920,3c/3cffe887c0882fa146d5671898a4d6c23ec72920,15748,ogg,minecraft/sounds/entity/shulker/shoot4.ogg,entity.shulker.shoot,已由Minecraft Java 1.20.1 asset index解析
3d0cb49d33b9bb2462ad183f65e2e11aea3c1eff,3d/3d0cb49d33b9bb2462ad183f65e2e11aea3c1eff,20219,ogg,minecraft/sounds/block/netherwart/step4.ogg,block.wart_block.fall;block.wart_block.hit;block.wart_block.step,已由Minecraft Java 1.20.1 asset index解析
3d5e61ca95a5dc872292f784ab4e09f0a2be8d5e,3d/3d5e61ca95a5dc872292f784ab4e09f0a2be8d5e,80710,ogg,,,未在Java 1.20.1 asset index中解析（可能来自其他版本/历史缓存）
3d911ca2ea3c00ae0611a3a899689b417317e238,3d/3d911ca2ea3c00ae0611a3a899689b417317e238,17977,ogg,minecraft/sounds/block/moss/step6.ogg,block.moss.fall;block.moss.hit;block.moss.step;block.moss_carpet.fall;block.moss_carpet.hit;block.moss_carpet.step,已由Minecraft Java 1.20.1 asset index解析
3d95ea49e91b4295859b193bb41b009b92250a44,3d/3d95ea49e91b4295859b193bb41b009b92250a44,13502,ogg,minecraft/sounds/mob/wolf/shake.ogg,entity.wolf.shake,已由Minecraft Java 1.20.1 asset index解析
3dac66ea4a25ea3553b13d51603d2767e1eb7a41,3d/3dac66ea4a25ea3553b13d51603d2767e1eb7a41,59702,ogg,minecraft/sounds/entity/glow_squid/ambient4.ogg,entity.glow_squid.ambient,已由Minecraft Java 1.20.1 asset index解析
3dcd387ec1f8412627fc89a73f8ec77e2f2fee45,3d/3dcd387ec1f8412627fc89a73f8ec77e2f2fee45,20212,ogg,minecraft/sounds/mob/cat/meow2.ogg,entity.cat.ambient,已由Minecraft Java 1.20.1 asset index解析
3dd451731a3ccbb2c64e17fd71ed265c606bd595,3d/3dd451731a3ccbb2c64e17fd71ed265c606bd595,18582,ogg,minecraft/sounds/mob/parrot/fly8.ogg,entity.parrot.fly,已由Minecraft Java 1.20.1 asset index解析
3dedbbbb6ecfbebcf98d854b44da4e55c9196852,3d/3dedbbbb6ecfbebcf98d854b44da4e55c9196852,8769,ogg,,,未在Java 1.20.1 asset index中解析（可能来自其他版本/历史缓存）
3e11b7ef65592bc94b21c790318a694491a1891c,3e/3e11b7ef65592bc94b21c790318a694491a1891c,78325,ogg,minecraft/sounds/mob/warden/nearby_closest_1.ogg,entity.warden.nearby_closest,已由Minecraft Java 1.20.1 asset index解析
3e27d61f8a8669dc134e88103289a494e6ff534e,3e/3e27d61f8a8669dc134e88103289a494e6ff534e,18528,ogg,minecraft/sounds/block/spore_blossom/step4.ogg,block.spore_blossom.fall;block.spore_blossom.hit;block.spore_blossom.step,已由Minecraft Java 1.20.1 asset index解析
3e6a620baed2169bf04b2dc8870afd4890875093,3e/3e6a620baed2169bf04b2dc8870afd4890875093,177163,ogg,minecraft/sounds/mob/warden/dig.ogg,entity.warden.dig,已由Minecraft Java 1.20.1 asset index解析
3e6b649b3dcc7ecf760e70d15e2c7e593ffb1466,3e/3e6b649b3dcc7ecf760e70d15e2c7e593ffb1466,20692,ogg,minecraft/sounds/block/frogspawn/hatch2.ogg,block.frogspawn.hatch,已由Minecraft Java 1.20.1 asset index解析
3e71405cad8d5e0e83a44e61051e89c0c74910ed,3e/3e71405cad8d5e0e83a44e61051e89c0c74910ed,37178,ogg,minecraft/sounds/mob/piglin/retreat4.ogg,entity.piglin.retreat,已由Minecraft Java 1.20.1 asset index解析
3e8e9951129c4ae1b44baa158f935f53fe519b8f,3e/3e8e9951129c4ae1b44baa158f935f53fe519b8f,7694,ogg,,,未在Java 1.20.1 asset index中解析（可能来自其他版本/历史缓存）
3ea516355b5ec2bef08d9e6aa3ebc6626acb583b,3e/3ea516355b5ec2bef08d9e6aa3ebc6626acb583b,7989,ogg,minecraft/sounds/note/guitar.ogg,block.note_block.guitar,已由Minecraft Java 1.20.1 asset index解析
3eb8034123b85bafb06708740611791839e44355,3e/3eb8034123b85bafb06708740611791839e44355,14685,ogg,minecraft/sounds/mob/panda/pre_sneeze.ogg,entity.panda.pre_sneeze,已由Minecraft Java 1.20.1 asset index解析
3ec63275fffdf755e78cc01fa22d050830034fb8,3e/3ec63275fffdf755e78cc01fa22d050830034fb8,54261,ogg,minecraft/sounds/block/bubble_column/whirlpool_inside.ogg,block.bubble_column.whirlpool_inside,已由Minecraft Java 1.20.1 asset index解析
3ed37a12eecbbe4426a596529c7eead9b21881f5,3e/3ed37a12eecbbe4426a596529c7eead9b21881f5,26947,ogg,minecraft/sounds/mob/piglin/angry1.ogg,entity.piglin.angry,已由Minecraft Java 1.20.1 asset index解析
3eddefcae7dd754b80765c2fee955aa26c644e7c,3e/3eddefcae7dd754b80765c2fee955aa26c644e7c,12134,ogg,minecraft/sounds/block/bone_block/break2.ogg,block.bone_block.break;block.bone_block.place,已由Minecraft Java 1.20.1 asset index解析
3ef60857a51b2e76ca6b12e7668edb28bd474c8d,3e/3ef60857a51b2e76ca6b12e7668edb28bd474c8d,7770,ogg,,,未在Java 1.20.1 asset index中解析（可能来自其他版本/历史缓存）
3efb22bf9a4ca184f037c309e4f7ece0a9ca53bc,3e/3efb22bf9a4ca184f037c309e4f7ece0a9ca53bc,11042,ogg,minecraft/sounds/entity/squid/death3.ogg,entity.squid.death,已由Minecraft Java 1.20.1 asset index解析
3f01b991bdb4b672fd661b87256999e79fb2aee8,3f/3f01b991bdb4b672fd661b87256999e79fb2aee8,22058,ogg,minecraft/sounds/item/trident/ground_impact3.ogg,item.trident.hit_ground,已由Minecraft Java 1.20.1 asset index解析
3f12dd73fc614d4adc209fba547f5e33436cad39,3f/3f12dd73fc614d4adc209fba547f5e33436cad39,19691,ogg,minecraft/sounds/block/basalt/step2.ogg,block.ancient_debris.fall;block.ancient_debris.hit;block.ancient_debris.step;block.basalt.fall;block.basalt.hit;block.basalt.step,已由Minecraft Java 1.20.1 asset index解析
3f2e554955be100d7f28c074586b764710330b8c,3f/3f2e554955be100d7f28c074586b764710330b8c,45792,ogg,minecraft/sounds/mob/guardian/curse.ogg,entity.elder_guardian.curse,已由Minecraft Java 1.20.1 asset index解析
3f2e8691d05ab35ba956159e76ad89b267bb9a9f,3f/3f2e8691d05ab35ba956159e76ad89b267bb9a9f,23266,ogg,minecraft/sounds/mob/pillager/hurt1.ogg,entity.pillager.hurt,已由Minecraft Java 1.20.1 asset index解析
3f432f4a1fe80bea3724725d55a838d211296729,3f/3f432f4a1fe80bea3724725d55a838d211296729,29192,ogg,,,未在Java 1.20.1 asset index中解析（可能来自其他版本/历史缓存）
3f447f3e331b59ad014d9bd4a6536f98cf3a08c3,3f/3f447f3e331b59ad014d9bd4a6536f98cf3a08c3,7383,ogg,minecraft/sounds/mob/blaze/hit4.ogg,entity.blaze.hurt,已由Minecraft Java 1.20.1 asset index解析
3f4a8422530fa716bd759ab52fbea57345605687,3f/3f4a8422530fa716bd759ab52fbea57345605687,38527,ogg,minecraft/sounds/mob/phantom/idle5.ogg,entity.parrot.imitate.phantom;entity.phantom.ambient,已由Minecraft Java 1.20.1 asset index解析
3f8b9415f67443206f6af52c1471d0de0354d046,3f/3f8b9415f67443206f6af52c1471d0de0354d046,15040,ogg,minecraft/sounds/entity/shulker/shoot1.ogg,entity.shulker.shoot,已由Minecraft Java 1.20.1 asset index解析
3faa21e24b58796bf8dbc0c5557f3f2877665316,3f/3faa21e24b58796bf8dbc0c5557f3f2877665316,15501,ogg,minecraft/sounds/mob/wandering_trader/idle5.ogg,entity.wandering_trader.ambient,已由Minecraft Java 1.20.1 asset index解析
3fb1db01cf63dc87d73ea459ff35237b22a1b490,3f/3fb1db01cf63dc87d73ea459ff35237b22a1b490,7355,ogg,minecraft/sounds/mob/guardian/flop2.ogg,entity.elder_guardian.flop;entity.guardian.flop,已由Minecraft Java 1.20.1 asset index解析
3fb232d67903ea25b9beeefaa11d21183f397aee,3f/3fb232d67903ea25b9beeefaa11d21183f397aee,34503,ogg,minecraft/sounds/mob/irongolem/damage2.ogg,entity.iron_golem.damage,已由Minecraft Java 1.20.1 asset index解析
3fe4c878450d4dc2bf3ac304e547f20d4efabad8,3f/3fe4c878450d4dc2bf3ac304e547f20d4efabad8,4271435,ogg,minecraft/sounds/music/game/creative/creative1.ogg,music.creative,已由Minecraft Java 1.20.1 asset index解析
3fee58d7b2c99ddbce962618176637574ae8d67b,3f/3fee58d7b2c99ddbce962618176637574ae8d67b,6281,ogg,minecraft/sounds/step/ladder3.ogg,block.ladder.fall;block.ladder.hit;block.ladder.step,已由Minecraft Java 1.20.1 asset index解析
4001e55011a426ff83ed42606db0982ab936117f,40/4001e55011a426ff83ed42606db0982ab936117f,18781,ogg,minecraft/sounds/block/hanging_roots/break3.ogg,block.hanging_roots.break;block.hanging_roots.place,已由Minecraft Java 1.20.1 asset index解析
402a7e6faa31d2d0e9e1aa727f0418652160c950,40/402a7e6faa31d2d0e9e1aa727f0418652160c950,16283,ogg,minecraft/sounds/block/azalea_leaves/break6.ogg,block.azalea_leaves.break;block.azalea_leaves.place,已由Minecraft Java 1.20.1 asset index解析
4035b48a2202e98cf546f6b4c6d3152416cc65b8,40/4035b48a2202e98cf546f6b4c6d3152416cc65b8,20065,ogg,,,未在Java 1.20.1 asset index中解析（可能来自其他版本/历史缓存）
40392650c5fca2d156dbf80f2cac8df5f8465e89,40/40392650c5fca2d156dbf80f2cac8df5f8465e89,582233,json/text,,,未在Java 1.20.1 asset index中解析；本对象不是已识别OGG音频
403c56cd190fb7587a26bcd1b7d2abac598c3ec0,40/403c56cd190fb7587a26bcd1b7d2abac598c3ec0,19917,ogg,minecraft/sounds/mob/zombie/unfect.ogg,entity.zombie_villager.converted,已由Minecraft Java 1.20.1 asset index解析
404cc7f5169ec5d2947ffb1cad8b51d71c91d65d,40/404cc7f5169ec5d2947ffb1cad8b51d71c91d65d,3806,ogg,minecraft/sounds/mob/parrot/step1.ogg,entity.parrot.step,已由Minecraft Java 1.20.1 asset index解析
405e2f82caef7f79eb9e26886520711e446366ce,40/405e2f82caef7f79eb9e26886520711e446366ce,11208,ogg,minecraft/sounds/mob/endermen/idle4.ogg,entity.enderman.ambient,已由Minecraft Java 1.20.1 asset index解析
4081b6ba7b4e345a0c48d791c54b6f59c1e2e1dc,40/4081b6ba7b4e345a0c48d791c54b6f59c1e2e1dc,7500,ogg,minecraft/sounds/mob/horse/donkey/hit3.ogg,entity.donkey.hurt;entity.mule.hurt,已由Minecraft Java 1.20.1 asset index解析
408ed2c778ee54d75c772ceca260554add920a85,40/408ed2c778ee54d75c772ceca260554add920a85,18841,ogg,minecraft/sounds/block/barrel/open2.ogg,block.barrel.open;entity.villager.work_fisherman,已由Minecraft Java 1.20.1 asset index解析
4095ebb8fd5bac4978b91aaa004095aeac6d3b61,40/4095ebb8fd5bac4978b91aaa004095aeac6d3b61,68781,ogg,minecraft/sounds/ambient/nether/basalt_deltas/click5.ogg,ambient.basalt_deltas.additions,已由Minecraft Java 1.20.1 asset index解析
40a4222b7ada165fa98cb9215129aeb8d9b6b379,40/40a4222b7ada165fa98cb9215129aeb8d9b6b379,474399,json/text,minecraft/sounds.json,,已由Minecraft Java 1.20.1 asset index解析
40a534629cc459cfe6bb104843e92a132c922046,40/40a534629cc459cfe6bb104843e92a132c922046,10571,ogg,,,未在Java 1.20.1 asset index中解析（可能来自其他版本/历史缓存）
40b16b3beab7a29ce014d0d82d1747987d6847e4,40/40b16b3beab7a29ce014d0d82d1747987d6847e4,15721,ogg,,,未在Java 1.20.1 asset index中解析（可能来自其他版本/历史缓存）
40b34e36a30bb0269c16043715f723f1e4b8d481,40/40b34e36a30bb0269c16043715f723f1e4b8d481,17802,ogg,minecraft/sounds/step/coral3.ogg,block.coral_block.fall;block.coral_block.hit;block.coral_block.step,已由Minecraft Java 1.20.1 asset index解析
40b8e244d03ae17483edd4571bd851e10a97050f,40/40b8e244d03ae17483edd4571bd851e10a97050f,10357,ogg,minecraft/sounds/mob/zombified_piglin/zpigdeath.ogg,entity.zombified_piglin.death,已由Minecraft Java 1.20.1 asset index解析
40c52cca876f216379e1bd2296984f0f0aae799a,40/40c52cca876f216379e1bd2296984f0f0aae799a,15904,ogg,minecraft/sounds/block/tuff/step4.ogg,block.tuff.fall;block.tuff.hit;block.tuff.step,已由Minecraft Java 1.20.1 asset index解析
40e5da14b4608b138ec3cc8706e45d6ffb18c405,40/40e5da14b4608b138ec3cc8706e45d6ffb18c405,13001,ogg,minecraft/sounds/block/sweet_berry_bush/place6.ogg,block.sweet_berry_bush.place,已由Minecraft Java 1.20.1 asset index解析
41212571c9437823afb6a5995b8d130ff1ecb3c7,41/41212571c9437823afb6a5995b8d130ff1ecb3c7,442858,ogg,minecraft/sounds/ambient/nether/crimson_forest/addition3.ogg,ambient.crimson_forest.additions,已由Minecraft Java 1.20.1 asset index解析
4122b4543f909f13b37f004bc3eebc3e72378b00,41/4122b4543f909f13b37f004bc3eebc3e72378b00,8180,ogg,,,未在Java 1.20.1 asset index中解析（可能来自其他版本/历史缓存）
412fbf472c29b9eef3a08cafcf665c0c9bd93ab8,41/412fbf472c29b9eef3a08cafcf665c0c9bd93ab8,16578,ogg,minecraft/sounds/mob/vex/idle1.ogg,entity.parrot.imitate.vex;entity.vex.ambient,已由Minecraft Java 1.20.1 asset index解析
4141ae56f5a72ddcb4f0a109af68b93c2666f87f,41/4141ae56f5a72ddcb4f0a109af68b93c2666f87f,17185,ogg,minecraft/sounds/mob/piglin/hurt2.ogg,entity.piglin.hurt,已由Minecraft Java 1.20.1 asset index解析
415552d5f3fc455cc6611a37619b1d299b2c2bb0,41/415552d5f3fc455cc6611a37619b1d299b2c2bb0,11342,ogg,minecraft/sounds/mob/frog/step3.ogg,entity.frog.step,已由Minecraft Java 1.20.1 asset index解析
416f51c27392dba6cf130674ac4c59c9b822aac1,41/416f51c27392dba6cf130674ac4c59c9b822aac1,9216,ogg,minecraft/sounds/mob/guardian/guardian_hit4.ogg,entity.guardian.hurt,已由Minecraft Java 1.20.1 asset index解析
4178494fd182b540929b0c1f52233d6089fa5ca2,41/4178494fd182b540929b0c1f52233d6089fa5ca2,41101,ogg,,,未在Java 1.20.1 asset index中解析（可能来自其他版本/历史缓存）
419184b77e37d250aec740da000500df4a5e0f34,41/419184b77e37d250aec740da000500df4a5e0f34,226642,ogg,minecraft/sounds/ambient/nether/warped_forest/addition1.ogg,ambient.warped_forest.additions,已由Minecraft Java 1.20.1 asset index解析
41a44dadfb327a146be5898b715bad6eec86adc7,41/41a44dadfb327a146be5898b715bad6eec86adc7,35529,ogg,minecraft/sounds/item/bucket/fill_axolotl2.ogg,item.bucket.fill_axolotl,已由Minecraft Java 1.20.1 asset index解析
41a66147f1fa43c6662fa5d32421bc7c5df1351c,41/41a66147f1fa43c6662fa5d32421bc7c5df1351c,19464,ogg,,,未在Java 1.20.1 asset index中解析（可能来自其他版本/历史缓存）
41b1e0e25803369e2ea1657c5d26bb30998ebb64,41/41b1e0e25803369e2ea1657c5d26bb30998ebb64,34277,ogg,minecraft/sounds/mob/turtle/swim/swim3.ogg,entity.turtle.swim,已由Minecraft Java 1.20.1 asset index解析
41b2955116651970a92f6f7aa45ca7d7ecd69ed5,41/41b2955116651970a92f6f7aa45ca7d7ecd69ed5,7872,ogg,,,未在Java 1.20.1 asset index中解析（可能来自其他版本/历史缓存）
41b34f9f38ee827e734a6a2b6f9e80fc2c83d43d,41/41b34f9f38ee827e734a6a2b6f9e80fc2c83d43d,20126,ogg,minecraft/sounds/mob/goat/jump2.ogg,entity.goat.long_jump;entity.goat.screaming.long_jump,已由Minecraft Java 1.20.1 asset index解析
41b9c631e9c1c40800b3b02a0ac5855d6ad4846d,41/41b9c631e9c1c40800b3b02a0ac5855d6ad4846d,14328,ogg,minecraft/sounds/fireworks/twinkle1.ogg,entity.firework_rocket.twinkle,已由Minecraft Java 1.20.1 asset index解析
41c2c9723623b40a00511dc6263a7057c27b50dd,41/41c2c9723623b40a00511dc6263a7057c27b50dd,12351,ogg,minecraft/sounds/block/candle/break2.ogg,block.candle.break;block.candle.place,已由Minecraft Java 1.20.1 asset index解析
41c950d9cd8f937182453624e2ebd6b659876355,41/41c950d9cd8f937182453624e2ebd6b659876355,742006,json/text,,,未在Java 1.20.1 asset index中解析；本对象不是已识别OGG音频
41cbf5dd08e951ad65883854e74d2e034929f572,41/41cbf5dd08e951ad65883854e74d2e034929f572,7468,ogg,minecraft/sounds/dig/grass1.ogg,block.grass.break;block.grass.place,已由Minecraft Java 1.20.1 asset index解析
41d96b9c4415d933f7a4da7d6a50124ce3d77b22,41/41d96b9c4415d933f7a4da7d6a50124ce3d77b22,27259,ogg,minecraft/sounds/block/lodestone/place1.ogg,block.lodestone.place,已由Minecraft Java 1.20.1 asset index解析
41f5ff104a1d3ab88c363fbe8d4a0614cb016ea4,41/41f5ff104a1d3ab88c363fbe8d4a0614cb016ea4,18045,ogg,minecraft/sounds/block/suspicious_sand/place4.ogg,block.suspicious_sand.place,已由Minecraft Java 1.20.1 asset index解析
420e3450203d8b9257db46c53135691e36072a5d,42/420e3450203d8b9257db46c53135691e36072a5d,6791,ogg,minecraft/sounds/entity/bobber/castfast.ogg,entity.fishing_bobber.throw,已由Minecraft Java 1.20.1 asset index解析
421214a72c9a67bf92f66a26d78f058a39f57a4c,42/421214a72c9a67bf92f66a26d78f058a39f57a4c,21026,ogg,,,未在Java 1.20.1 asset index中解析（可能来自其他版本/历史缓存）
421afa0cb2bf71e67f204ade30b024884bcf1446,42/421afa0cb2bf71e67f204ade30b024884bcf1446,26034,ogg,minecraft/sounds/item/crossbow/quick_charge/quick2_2.ogg,item.crossbow.quick_charge_2,已由Minecraft Java 1.20.1 asset index解析
421c3c31074b2714229bde2d177723bbc9f2e37e,42/421c3c31074b2714229bde2d177723bbc9f2e37e,11216,ogg,minecraft/sounds/mob/fox/spit3.ogg,entity.fox.spit,已由Minecraft Java 1.20.1 asset index解析
421df41daff74f216d5e37e9b2e34396f08be9e1,42/421df41daff74f216d5e37e9b2e34396f08be9e1,20040,ogg,minecraft/sounds/block/ancient_debris/break1.ogg,block.ancient_debris.break;block.ancient_debris.place,已由Minecraft Java 1.20.1 asset index解析
4231b710979dc406cfd24b5da9f6d50cda6a2823,42/4231b710979dc406cfd24b5da9f6d50cda6a2823,18092,ogg,minecraft/sounds/block/bamboo_wood/break2.ogg,block.bamboo_wood.break;block.bamboo_wood.place,已由Minecraft Java 1.20.1 asset index解析
42409a52c41c8dee98159236a4fd98813f29bef6,42/42409a52c41c8dee98159236a4fd98813f29bef6,25897,ogg,,,未在Java 1.20.1 asset index中解析（可能来自其他版本/历史缓存）
426c2a45f8a439b7f07ada33a688f8a57e807492,42/426c2a45f8a439b7f07ada33a688f8a57e807492,37411,ogg,minecraft/sounds/mob/goat/screaming_pre_ram4.ogg,entity.goat.screaming.prepare_ram,已由Minecraft Java 1.20.1 asset index解析
4270788804150c672116f1e0e5c0bad7d8fca4cf,42/4270788804150c672116f1e0e5c0bad7d8fca4cf,32734,ogg,minecraft/sounds/block/amethyst/step11.ogg,block.amethyst_block.fall;block.amethyst_block.hit;block.amethyst_block.step;block.amethyst_cluster.fall;block.amethyst_cluster.hit;block.amethyst_cluster.step,已由Minecraft Java 1.20.1 asset index解析
42a25a79668f99c697be57c0353c9e82fc7a5842,42/42a25a79668f99c697be57c0353c9e82fc7a5842,23872,ogg,minecraft/sounds/block/furnace/fire_crackle5.ogg,block.furnace.fire_crackle,已由Minecraft Java 1.20.1 asset index解析
42a6d1b8c9ef9c21d4a7a2684ac946ae822d49ac,42/42a6d1b8c9ef9c21d4a7a2684ac946ae822d49ac,18039,ogg,minecraft/sounds/item/plant/crop3.ogg,item.crop.plant,已由Minecraft Java 1.20.1 asset index解析
42b2964c08f50be3fda62257202efe42f262c005,42/42b2964c08f50be3fda62257202efe42f262c005,17928,ogg,minecraft/sounds/item/axe/strip1.ogg,item.axe.strip,已由Minecraft Java 1.20.1 asset index解析
42be5a4ca8d53cd5042ba64adc4f7ea23427d717,42/42be5a4ca8d53cd5042ba64adc4f7ea23427d717,15942,ogg,,,未在Java 1.20.1 asset index中解析（可能来自其他版本/历史缓存）
42d0cf9e4bc25a24613d591fc725718c743fa14e,42/42d0cf9e4bc25a24613d591fc725718c743fa14e,20823,ogg,minecraft/sounds/block/stem/break5.ogg,block.stem.break;block.stem.place,已由Minecraft Java 1.20.1 asset index解析
42e712606676d97f9bca5c641a2d92d7c86717ca,42/42e712606676d97f9bca5c641a2d92d7c86717ca,14002,ogg,minecraft/sounds/mob/warden/heartbeat_3.ogg,entity.warden.heartbeat,已由Minecraft Java 1.20.1 asset index解析
42f528479e084b3148bffdeca4332bb7e7525aa5,42/42f528479e084b3148bffdeca4332bb7e7525aa5,15031,ogg,minecraft/sounds/dig/wet_grass2.ogg,block.wet_grass.break;block.wet_grass.place,已由Minecraft Java 1.20.1 asset index解析
430b0fd6b24e24f70909c29a9ae6aca527046d0e,43/430b0fd6b24e24f70909c29a9ae6aca527046d0e,19033,ogg,minecraft/sounds/block/froglight/break4.ogg,block.froglight.break;block.froglight.place,已由Minecraft Java 1.20.1 asset index解析
430b4fa14f229d37140b63f522ed4873855ba670,43/430b4fa14f229d37140b63f522ed4873855ba670,21488,ogg,minecraft/sounds/mob/bee/pollinate3.ogg,entity.bee.pollinate,已由Minecraft Java 1.20.1 asset index解析
430c65ac81151d873a27d611a9dff6c562e38c4f,43/430c65ac81151d873a27d611a9dff6c562e38c4f,10917,ogg,minecraft/sounds/mob/magmacube/big1.ogg,entity.magma_cube.squish;entity.parrot.imitate.magma_cube,已由Minecraft Java 1.20.1 asset index解析
431c1513bd7d75ee6eb20cad361551274d5d08a0,43/431c1513bd7d75ee6eb20cad361551274d5d08a0,23907,ogg,,,未在Java 1.20.1 asset index中解析（可能来自其他版本/历史缓存）
4325fc21ee491742d793d4b7b5ccb6c970a8dae9,43/4325fc21ee491742d793d4b7b5ccb6c970a8dae9,51334,ogg,minecraft/sounds/block/sculk_shrieker/break4.ogg,block.sculk_shrieker.break,已由Minecraft Java 1.20.1 asset index解析
43388701fac432a567fe9fec421521e6348ad780,43/43388701fac432a567fe9fec421521e6348ad780,54283,ogg,minecraft/sounds/portal/travel.ogg,block.portal.travel,已由Minecraft Java 1.20.1 asset index解析
433ebc43b76a0da8643efbfb8c5c05ef697fef9a,43/433ebc43b76a0da8643efbfb8c5c05ef697fef9a,22365,ogg,minecraft/sounds/mob/tadpole/hurt4.ogg,entity.tadpole.hurt,已由Minecraft Java 1.20.1 asset index解析
434a5173ca5ae72b00a8c4e348589fff1649012a,43/434a5173ca5ae72b00a8c4e348589fff1649012a,16030,ogg,minecraft/sounds/block/big_dripleaf/step3.ogg,block.big_dripleaf.fall;block.big_dripleaf.hit;block.big_dripleaf.step;block.small_dripleaf.fall;block.small_dripleaf.hit;block.small_dripleaf.step,已由Minecraft Java 1.20.1 asset index解析
4352b68f2bf2baf46e6ea07be4a7688efdf5b29d,43/4352b68f2bf2baf46e6ea07be4a7688efdf5b29d,19657,ogg,minecraft/sounds/item/armor/equip_netherite2.ogg,item.armor.equip_netherite,已由Minecraft Java 1.20.1 asset index解析
438be9806f4c2659055da51cdc593ab859a44492,43/438be9806f4c2659055da51cdc593ab859a44492,9271,ogg,minecraft/sounds/block/pointed_dripstone/drip_lava6.ogg,block.pointed_dripstone.drip_lava,已由Minecraft Java 1.20.1 asset index解析
438e1e9f19a6f3f3bea973f12a9655c9edf282bb,43/438e1e9f19a6f3f3bea973f12a9655c9edf282bb,38562,ogg,minecraft/sounds/ambient/underwater/additions/crackles2.ogg,ambient.underwater.loop.additions.rare,已由Minecraft Java 1.20.1 asset index解析
439571a5c08fb8cf12d2001ddf4b9cfc5c0521ec,43/439571a5c08fb8cf12d2001ddf4b9cfc5c0521ec,21952,ogg,minecraft/sounds/mob/wandering_trader/drink_milk5.ogg,entity.wandering_trader.drink_milk,已由Minecraft Java 1.20.1 asset index解析
43a55ffacf92ad9d8f3bb448a73f5fea461bb11f,43/43a55ffacf92ad9d8f3bb448a73f5fea461bb11f,41817,ogg,,,未在Java 1.20.1 asset index中解析（可能来自其他版本/历史缓存）
43ab5177a7851f3306d991b907eb7c49b7a6a7ff,43/43ab5177a7851f3306d991b907eb7c49b7a6a7ff,40883,ogg,,,未在Java 1.20.1 asset index中解析（可能来自其他版本/历史缓存）
43ba9e9339435f351b4578723910556354e16d43,43/43ba9e9339435f351b4578723910556354e16d43,13395,ogg,minecraft/sounds/entity/guardian/ambient3.ogg,entity.guardian.ambient;entity.parrot.imitate.guardian,已由Minecraft Java 1.20.1 asset index解析
43c8e9976ed061cf7780d080c15a9f446965540a,43/43c8e9976ed061cf7780d080c15a9f446965540a,16874,ogg,minecraft/sounds/mob/tadpole/death1.ogg,entity.tadpole.death,已由Minecraft Java 1.20.1 asset index解析
43d226ad60714e32737509567d016fd5a675eb57,43/43d226ad60714e32737509567d016fd5a675eb57,10212,ogg,,,未在Java 1.20.1 asset index中解析（可能来自其他版本/历史缓存）
43e15f44cf8c5e02591246685e968e0612aa1dd4,43/43e15f44cf8c5e02591246685e968e0612aa1dd4,16887,ogg,minecraft/sounds/block/netherite/step2.ogg,block.netherite_block.fall;block.netherite_block.hit;block.netherite_block.step,已由Minecraft Java 1.20.1 asset index解析
43e56e0cd055835eee4c0732117379167a526827,43/43e56e0cd055835eee4c0732117379167a526827,587004,json/text,,,未在Java 1.20.1 asset index中解析；本对象不是已识别OGG音频
442fcb0cd57d4b570a17712e0cccaadb8fa8f598,44/442fcb0cd57d4b570a17712e0cccaadb8fa8f598,16725,ogg,minecraft/sounds/block/chiseled_bookshelf/pickup2.ogg,block.chiseled_bookshelf.pickup,已由Minecraft Java 1.20.1 asset index解析
44361b4a737ed88adf39ed223388c2e5fa1d5e5c,44/44361b4a737ed88adf39ed223388c2e5fa1d5e5c,48659,ogg,minecraft/sounds/mob/sniffer/step2.ogg,entity.sniffer.step,已由Minecraft Java 1.20.1 asset index解析
44380f86e13a06b1f0c6feec2d6644b67e6c4d9c,44/44380f86e13a06b1f0c6feec2d6644b67e6c4d9c,11133,ogg,minecraft/sounds/mob/horse/donkey/angry2.ogg,entity.donkey.angry;entity.mule.angry,已由Minecraft Java 1.20.1 asset index解析
443a6c542e6cb96d8d7d6e185623266ce0c3af69,44/443a6c542e6cb96d8d7d6e185623266ce0c3af69,11446,ogg,minecraft/sounds/block/lantern/break2.ogg,block.lantern.break;block.lantern.fall;block.lantern.step,已由Minecraft Java 1.20.1 asset index解析
443d89006aba8088dee499b50a71f464c8235690,44/443d89006aba8088dee499b50a71f464c8235690,45671,ogg,minecraft/sounds/mob/camel/eat2.ogg,entity.camel.eat,已由Minecraft Java 1.20.1 asset index解析
444f7b9560d44cfd5901d5a0e803c382138342ff,44/444f7b9560d44cfd5901d5a0e803c382138342ff,23245,ogg,,,未在Java 1.20.1 asset index中解析（可能来自其他版本/历史缓存）
44500fd8d6ab440580c550db5cc245461f998da7,44/44500fd8d6ab440580c550db5cc245461f998da7,40696,ogg,minecraft/sounds/mob/fox/screech4.ogg,entity.fox.screech,已由Minecraft Java 1.20.1 asset index解析
4463a33cbae36dfbfce9fae056cbe51b178d104e,44/4463a33cbae36dfbfce9fae056cbe51b178d104e,20093,ogg,minecraft/sounds/mob/tadpole/hurt2.ogg,entity.tadpole.hurt,已由Minecraft Java 1.20.1 asset index解析
4469da7e49535f86fe8a3cdd86021b44455c225d,44/4469da7e49535f86fe8a3cdd86021b44455c225d,20021,ogg,minecraft/sounds/block/netherwart/break5.ogg,block.wart_block.break;block.wart_block.place,已由Minecraft Java 1.20.1 asset index解析
44a9a68dd718bedbd11b1f895277b648c18c5e0d,44/44a9a68dd718bedbd11b1f895277b648c18c5e0d,23688,ogg,minecraft/sounds/block/candle/extinguish3.ogg,block.candle.extinguish,已由Minecraft Java 1.20.1 asset index解析
44cc77afa1a45e4fc254a2a9660acc2464bbda73,44/44cc77afa1a45e4fc254a2a9660acc2464bbda73,7744,ogg,,,未在Java 1.20.1 asset index中解析（可能来自其他版本/历史缓存）
44f46567ae7329a71a2e9bfa8702662ba9e8be38,44/44f46567ae7329a71a2e9bfa8702662ba9e8be38,671260,png,realms/textures/gui/images/4.png,,已由Minecraft Java 1.20.1 asset index解析
44fd98a98f08ff8ff436f2f836252208a3d52ad2,44/44fd98a98f08ff8ff436f2f836252208a3d52ad2,21717,ogg,minecraft/sounds/item/brush/brushing_gravel4.ogg,item.brush.brushing.gravel,已由Minecraft Java 1.20.1 asset index解析
450a1ff0ea91374722bde3a23c8b5903f31012ac,45/450a1ff0ea91374722bde3a23c8b5903f31012ac,9690,ogg,minecraft/sounds/mob/dolphin/idle1.ogg,entity.dolphin.ambient,已由Minecraft Java 1.20.1 asset index解析
450e6ae5f90c21a8317eb7d1e76e427a7b765233,45/450e6ae5f90c21a8317eb7d1e76e427a7b765233,20886,ogg,minecraft/sounds/mob/camel/ambient1.ogg,entity.camel.ambient,已由Minecraft Java 1.20.1 asset index解析
4520bc7348647bf6d87da98ed3c94e10cb44bc57,45/4520bc7348647bf6d87da98ed3c94e10cb44bc57,28240,ogg,,,未在Java 1.20.1 asset index中解析（可能来自其他版本/历史缓存）
455016d86e1ace53fc732190416dccca8cad40fa,45/455016d86e1ace53fc732190416dccca8cad40fa,4747,ogg,minecraft/sounds/entity/witch/throw1.ogg,entity.witch.throw,已由Minecraft Java 1.20.1 asset index解析
4556ec1597a31dd58289580a933cbaa9375ad272,45/4556ec1597a31dd58289580a933cbaa9375ad272,22844,ogg,minecraft/sounds/block/powder_snow/step8.ogg,block.powder_snow.fall;block.powder_snow.hit;block.powder_snow.step,已由Minecraft Java 1.20.1 asset index解析
456b47c7a7ca032fa0f2f06926bf17231f8065f5,45/456b47c7a7ca032fa0f2f06926bf17231f8065f5,19409,ogg,minecraft/sounds/block/sculk/spread5.ogg,block.sculk.spread,已由Minecraft Java 1.20.1 asset index解析
4574e4b3a592117b019e05088947ee26bc55e697,45/4574e4b3a592117b019e05088947ee26bc55e697,633331,png,realms/textures/gui/images/1.png,,已由Minecraft Java 1.20.1 asset index解析
45b2aef7b5049e81b39b58f8d631563fadcc778b,45/45b2aef7b5049e81b39b58f8d631563fadcc778b,6604,ogg,minecraft/sounds/dig/wood3.ogg,block.ladder.break;block.ladder.place;block.wood.break;block.wood.place;entity.armor_stand.fall,已由Minecraft Java 1.20.1 asset index解析
45bdfe06cc8c375dc507e59527c9a89105980085,45/45bdfe06cc8c375dc507e59527c9a89105980085,4761864,ogg,minecraft/sounds/music/game/floating_dream.ogg,music.creative;music.game;music.overworld.forest;music.overworld.jagged_peaks;music.overworld.lush_caves;music.overworld.old_growth_taiga,已由Minecraft Java 1.20.1 asset index解析
45bf909bc5def60f055a57ac776ac277364d76a6,45/45bf909bc5def60f055a57ac776ac277364d76a6,23713,ogg,minecraft/sounds/ambient/weather/rain7.ogg,weather.rain,已由Minecraft Java 1.20.1 asset index解析
45c33eda30a374fa13714fe9999e2ada1fe3ff14,45/45c33eda30a374fa13714fe9999e2ada1fe3ff14,794654,ogg,minecraft/sounds/ambient/nether/basalt_deltas/debris2.ogg,ambient.basalt_deltas.additions,已由Minecraft Java 1.20.1 asset index解析
45cb6cbbff2d7fc1daefbd85b031fd9dcfc70e7b,45/45cb6cbbff2d7fc1daefbd85b031fd9dcfc70e7b,5532231,ogg,minecraft/sounds/music/game/creative/creative5.ogg,music.creative,已由Minecraft Java 1.20.1 asset index解析
45d79642ce7f74e5c11b88bd5145cb2b83f6188d,45/45d79642ce7f74e5c11b88bd5145cb2b83f6188d,25718,ogg,minecraft/sounds/block/suspicious_gravel/break1.ogg,block.suspicious_gravel.break,已由Minecraft Java 1.20.1 asset index解析
45d81989f156d74bd07939be66cb89aecd6f8609,45/45d81989f156d74bd07939be66cb89aecd6f8609,5924,ogg,minecraft/sounds/entity/leashknot/place2.ogg,entity.leash_knot.place,已由Minecraft Java 1.20.1 asset index解析
45e27ec73cfa39e7dfffefcac4935952002da690,45/45e27ec73cfa39e7dfffefcac4935952002da690,68733,ogg,minecraft/sounds/mob/warden/nearby_closest_2.ogg,entity.warden.nearby_closest,已由Minecraft Java 1.20.1 asset index解析
45f65be973d1929c2bd26d4fbc7912ad6bfc4834,45/45f65be973d1929c2bd26d4fbc7912ad6bfc4834,5256,ogg,minecraft/sounds/block/iron_trapdoor/open1.ogg,block.iron_trapdoor.open,已由Minecraft Java 1.20.1 asset index解析
45fa395587834884120631cd8c453c96fb64a4cf,45/45fa395587834884120631cd8c453c96fb64a4cf,14501,ogg,minecraft/sounds/block/azalea_leaves/break4.ogg,block.azalea_leaves.break;block.azalea_leaves.place,已由Minecraft Java 1.20.1 asset index解析
4609ec723b4e724f44c653b82de40ec159d2eea1,46/4609ec723b4e724f44c653b82de40ec159d2eea1,8333,ogg,minecraft/sounds/mob/skeleton/step2.ogg,entity.skeleton.step,已由Minecraft Java 1.20.1 asset index解析
461436665544dc44e12f79cad893de2ad02ddffc,46/461436665544dc44e12f79cad893de2ad02ddffc,6597,ogg,minecraft/sounds/mob/rabbit/hop3.ogg,entity.rabbit.jump,已由Minecraft Java 1.20.1 asset index解析
461b888a53017781d39bab8a20d57f9df3878450,46/461b888a53017781d39bab8a20d57f9df3878450,46897,ogg,minecraft/sounds/mob/dolphin/jump1.ogg,entity.dolphin.jump,已由Minecraft Java 1.20.1 asset index解析
46244605b8663a29cdce7bccc5b2d038241e32ee,46/46244605b8663a29cdce7bccc5b2d038241e32ee,6137,ogg,minecraft/sounds/note/harp.ogg,,已由Minecraft Java 1.20.1 asset index解析
4624c464dbcf6eaa5dba21355ae45d6101c4c905,46/4624c464dbcf6eaa5dba21355ae45d6101c4c905,41904,ogg,minecraft/sounds/mob/turtle/death1.ogg,entity.turtle.death,已由Minecraft Java 1.20.1 asset index解析
462ab0ff3cf7b2a64b5a35d5e8e07d8e52e52b9b,46/462ab0ff3cf7b2a64b5a35d5e8e07d8e52e52b9b,15544,ogg,minecraft/sounds/mob/drowned/hurt2.ogg,entity.drowned.hurt,已由Minecraft Java 1.20.1 asset index解析
462cbc14581ba05f4a5f1e5aa23cb48eb823bf2d,46/462cbc14581ba05f4a5f1e5aa23cb48eb823bf2d,14489,ogg,minecraft/sounds/entity/cow/milk1.ogg,entity.cow.milk,已由Minecraft Java 1.20.1 asset index解析
4632633263997de468f35d0227b5d56c22c911bd,46/4632633263997de468f35d0227b5d56c22c911bd,9513,ogg,minecraft/sounds/mob/horse/land.ogg,entity.horse.land,已由Minecraft Java 1.20.1 asset index解析
4635dcc99501a4a3dab6875b48d2011c5a0064f1,46/4635dcc99501a4a3dab6875b48d2011c5a0064f1,24237,ogg,minecraft/sounds/mob/fox/sniff2.ogg,entity.fox.sniff,已由Minecraft Java 1.20.1 asset index解析
463c56d83d5888290e9b2188f66420c5ce36ab1e,46/463c56d83d5888290e9b2188f66420c5ce36ab1e,26226,ogg,minecraft/sounds/mob/strider/step2.ogg,entity.strider.step,已由Minecraft Java 1.20.1 asset index解析
465bed441f8f55052cd382621a2eeac8b4524a44,46/465bed441f8f55052cd382621a2eeac8b4524a44,25712,ogg,minecraft/sounds/item/crossbow/quick_charge/quick3_1.ogg,item.crossbow.quick_charge_3,已由Minecraft Java 1.20.1 asset index解析
465d7f1092969f8b647065ab9771c88c2cd7182d,46/465d7f1092969f8b647065ab9771c88c2cd7182d,14313,ogg,,,未在Java 1.20.1 asset index中解析（可能来自其他版本/历史缓存）
4664de25eb2bfc88ebbd638cfae6934dd968ceaa,46/4664de25eb2bfc88ebbd638cfae6934dd968ceaa,3668042,ogg,minecraft/sounds/music/game/creative/creative4.ogg,music.creative,已由Minecraft Java 1.20.1 asset index解析
466b85bdf9e58b35b744ec87d7732c57d07f4063,46/466b85bdf9e58b35b744ec87d7732c57d07f4063,15432,ogg,,,未在Java 1.20.1 asset index中解析（可能来自其他版本/历史缓存）
4696189415397c951c0ec1656af648fc06d62330,46/4696189415397c951c0ec1656af648fc06d62330,58816,ogg,minecraft/sounds/enchant/soulspeed/soulspeed6.ogg,block.sculk_catalyst.bloom;particle.soul_escape,已由Minecraft Java 1.20.1 asset index解析
469677842478f4a68747d7a0716cf63b67b4657b,46/469677842478f4a68747d7a0716cf63b67b4657b,32481,ogg,minecraft/sounds/mob/ravager/idle5.ogg,entity.parrot.imitate.ravager;entity.ravager.ambient,已由Minecraft Java 1.20.1 asset index解析
46dd1e5e0f90bb72261e2986d530e80e8fc50560,46/46dd1e5e0f90bb72261e2986d530e80e8fc50560,6022,ogg,minecraft/sounds/item/hoe/till2.ogg,item.hoe.till,已由Minecraft Java 1.20.1 asset index解析
46e3718a4a4bba759f372b81bdbfcb407354c1f4,46/46e3718a4a4bba759f372b81bdbfcb407354c1f4,12044,ogg,minecraft/sounds/block/cherry_wood/break2.ogg,block.cherry_wood.break;block.cherry_wood.place,已由Minecraft Java 1.20.1 asset index解析
46e5db05b1e91ce33c9c4c63260227fa629230f4,46/46e5db05b1e91ce33c9c4c63260227fa629230f4,10880,ogg,minecraft/sounds/mob/enderdragon/hit2.ogg,entity.ender_dragon.hurt,已由Minecraft Java 1.20.1 asset index解析
46f39e069bda986e13f1e249abb7fbe40ab6d670,46/46f39e069bda986e13f1e249abb7fbe40ab6d670,5356,ogg,minecraft/sounds/item/sweet_berries/pick_from_bush1.ogg,block.cave_vines.pick_berries;block.sweet_berry_bush.pick_berries,已由Minecraft Java 1.20.1 asset index解析
4710afcb488c6ee3881e3b896dfcd5cc2069049a,47/4710afcb488c6ee3881e3b896dfcd5cc2069049a,6579,ogg,minecraft/sounds/block/iron_door/close4.ogg,block.iron_door.close,已由Minecraft Java 1.20.1 asset index解析
47114728c39caacaf6f5fa07b7111f2643747409,47/47114728c39caacaf6f5fa07b7111f2643747409,19075,ogg,minecraft/sounds/block/soul_sand/step3.ogg,block.soul_sand.fall;block.soul_sand.hit;block.soul_sand.step,已由Minecraft Java 1.20.1 asset index解析
473768ad0df67d518b3bd4cfe1c380d6d84bddbf,47/473768ad0df67d518b3bd4cfe1c380d6d84bddbf,15843127,ogg,minecraft/sounds/music/game/nether/nether_wastes/rubedo.ogg,music.nether.nether_wastes,已由Minecraft Java 1.20.1 asset index解析
4750601472f27317c96f7ef978b31445210452fc,47/4750601472f27317c96f7ef978b31445210452fc,593424,json/text,,,未在Java 1.20.1 asset index中解析；本对象不是已识别OGG音频
4763d2ffab6e9948304afb6a41bb38a1f130e196,47/4763d2ffab6e9948304afb6a41bb38a1f130e196,26697,ogg,minecraft/sounds/block/nether_ore/step3.ogg,block.gilded_blackstone.fall;block.gilded_blackstone.hit;block.gilded_blackstone.step;block.nether_gold_ore.fall;block.nether_gold_ore.hit;block.nether_gold_ore.step;block.nether_ore.fall;block.nether_ore.hit;block.nether_ore.step,已由Minecraft Java 1.20.1 asset index解析
47676e0ac57616b21d42e7d805a5ff8a5fa1305b,47/47676e0ac57616b21d42e7d805a5ff8a5fa1305b,20969,ogg,minecraft/sounds/block/basalt/break2.ogg,block.basalt.break;block.basalt.place,已由Minecraft Java 1.20.1 asset index解析
476ed5783a1e2256e98d6aef2c275e7b9fcfe9a2,47/476ed5783a1e2256e98d6aef2c275e7b9fcfe9a2,72877,ogg,minecraft/sounds/mob/allay/death1.ogg,entity.allay.death,已由Minecraft Java 1.20.1 asset index解析
47800737d078e751698df291054adc596ba8195a,47/47800737d078e751698df291054adc596ba8195a,9914930,ogg,minecraft/sounds/music/game/end/end.ogg,music.end,已由Minecraft Java 1.20.1 asset index解析
4780c6c2bb024acdb3a6e49b88b52768e4342b2d,47/4780c6c2bb024acdb3a6e49b88b52768e4342b2d,28060,ogg,minecraft/sounds/mob/strider/happy5.ogg,entity.strider.happy,已由Minecraft Java 1.20.1 asset index解析
478e408dfbdf80fbef0c01c00e13db9d30c6fdef,47/478e408dfbdf80fbef0c01c00e13db9d30c6fdef,20167,ogg,minecraft/sounds/mob/vex/charge1.ogg,entity.vex.charge,已由Minecraft Java 1.20.1 asset index解析
4790c6495323b987a81dd689e37cbf43a26db405,47/4790c6495323b987a81dd689e37cbf43a26db405,42334,ogg,minecraft/sounds/mob/sniffer/happy3.ogg,entity.sniffer.happy,已由Minecraft Java 1.20.1 asset index解析
47ab18c2789b99266f25672a7aeb453c59a1ccb8,47/47ab18c2789b99266f25672a7aeb453c59a1ccb8,16549,ogg,minecraft/sounds/block/hanging_sign/break3.ogg,block.hanging_sign.break;block.hanging_sign.place,已由Minecraft Java 1.20.1 asset index解析
47ad81223bcec870206484cd4d1a6202871df331,47/47ad81223bcec870206484cd4d1a6202871df331,9308,ogg,minecraft/sounds/mob/silverfish/step3.ogg,entity.endermite.step;entity.silverfish.step,已由Minecraft Java 1.20.1 asset index解析
47b90cea6e64d6f5ea8f21ec00a760f2ab16b7b2,47/47b90cea6e64d6f5ea8f21ec00a760f2ab16b7b2,64125,ogg,minecraft/sounds/block/conduit/deactivate.ogg,block.conduit.deactivate,已由Minecraft Java 1.20.1 asset index解析
47d640178306584d10213dbf05290150ff60a46b,47/47d640178306584d10213dbf05290150ff60a46b,13302,ogg,minecraft/sounds/entity/cow/milk2.ogg,entity.cow.milk,已由Minecraft Java 1.20.1 asset index解析
47e483a57a6058c7e5b5bb6a7667876c4a70dcd7,47/47e483a57a6058c7e5b5bb6a7667876c4a70dcd7,146747,ogg,minecraft/sounds/ambient/nether/nether_wastes/mood3.ogg,ambient.basalt_deltas.mood;ambient.nether_wastes.mood,已由Minecraft Java 1.20.1 asset index解析
48159596cd2e3df35587b2e99031af71ae45290e,48/48159596cd2e3df35587b2e99031af71ae45290e,18733,ogg,minecraft/sounds/item/ink_sac/ink_sac1.ogg,item.glow_ink_sac.use;item.ink_sac.use,已由Minecraft Java 1.20.1 asset index解析
482919bc631b317422ab44af3938259bea73fe83,48/482919bc631b317422ab44af3938259bea73fe83,7923,ogg,minecraft/sounds/mob/cow/step3.ogg,entity.cow.step,已由Minecraft Java 1.20.1 asset index解析
4832e2d96223ab0023d26f9a8b62bd178da7d034,48/4832e2d96223ab0023d26f9a8b62bd178da7d034,26679,ogg,,,未在Java 1.20.1 asset index中解析（可能来自其他版本/历史缓存）
483b94841625b64696d73b3934e5d2933a860c39,48/483b94841625b64696d73b3934e5d2933a860c39,16092,ogg,minecraft/sounds/mob/phantom/hurt3.ogg,entity.phantom.hurt,已由Minecraft Java 1.20.1 asset index解析
48540d7788ce3d9e780cb448ce5676c53dbcfd23,48/48540d7788ce3d9e780cb448ce5676c53dbcfd23,49499,ogg,minecraft/sounds/ambient/cave/cave4.ogg,ambient.cave,已由Minecraft Java 1.20.1 asset index解析
487dd072ac3d62348c57e255a9d800bd06f505af,48/487dd072ac3d62348c57e255a9d800bd06f505af,70180,ogg,minecraft/sounds/mob/dolphin/splash3.ogg,entity.axolotl.splash;entity.dolphin.splash,已由Minecraft Java 1.20.1 asset index解析
48d6cf4b8b1621ef0310e1f26551234c086b42d8,48/48d6cf4b8b1621ef0310e1f26551234c086b42d8,17713,ogg,,,未在Java 1.20.1 asset index中解析（可能来自其他版本/历史缓存）
48dd05ab2e4626d74206c2b09a628a3d59ce15e9,48/48dd05ab2e4626d74206c2b09a628a3d59ce15e9,7752,ogg,minecraft/sounds/step/stone5.ogg,block.anvil.fall;block.anvil.hit;block.anvil.step;block.glass.fall;block.glass.hit;block.glass.step;block.lodestone.fall;block.lodestone.hit;block.lodestone.step;block.metal.fall;block.metal.hit;block.metal.step;block.stone.fall;block.stone.hit;block.stone.step,已由Minecraft Java 1.20.1 asset index解析
48f7e1bb098abd36b9760cca27b9d4391a23de26,48/48f7e1bb098abd36b9760cca27b9d4391a23de26,6905,ogg,minecraft/sounds/dig/gravel3.ogg,block.gravel.break;block.gravel.place,已由Minecraft Java 1.20.1 asset index解析
48f9931bef7d3a07c7ea40126eb2bd9c71c4a0e7,48/48f9931bef7d3a07c7ea40126eb2bd9c71c4a0e7,7237,ogg,minecraft/sounds/entity/leashknot/break2.ogg,entity.leash_knot.break,已由Minecraft Java 1.20.1 asset index解析
48fc6c25d0f1c1f0edd4eaca2b6f934d4117f440,48/48fc6c25d0f1c1f0edd4eaca2b6f934d4117f440,14107,ogg,minecraft/sounds/mob/ghast/moan5.ogg,entity.ghast.ambient;entity.parrot.imitate.ghast,已由Minecraft Java 1.20.1 asset index解析
48febffe0acaccd3075fb2224131813567792a39,48/48febffe0acaccd3075fb2224131813567792a39,97645,ogg,minecraft/sounds/block/smoker/smoker2.ogg,block.smoker.smoke;entity.villager.work_butcher,已由Minecraft Java 1.20.1 asset index解析
4915df7706b31f979e742a9187cf99967371ad98,49/4915df7706b31f979e742a9187cf99967371ad98,22516,ogg,minecraft/sounds/block/nether_sprouts/break1.ogg,block.nether_sprouts.break;block.nether_sprouts.place,已由Minecraft Java 1.20.1 asset index解析
49874e07369c3bb0bc8a2fba4f2096d2e9a36c9a,49/49874e07369c3bb0bc8a2fba4f2096d2e9a36c9a,7080,ogg,minecraft/sounds/mob/chicken/say3.ogg,entity.chicken.ambient,已由Minecraft Java 1.20.1 asset index解析
49a757b3ffaf7217809c553ef71b3f5386ff4289,49/49a757b3ffaf7217809c553ef71b3f5386ff4289,25243,ogg,minecraft/sounds/block/pointed_dripstone/drip_lava_cauldron3.ogg,block.pointed_dripstone.drip_lava_into_cauldron,已由Minecraft Java 1.20.1 asset index解析
49aaa18e07b554c4760aa82ed3b87fcd8bc000fb,49/49aaa18e07b554c4760aa82ed3b87fcd8bc000fb,11353,ogg,,,未在Java 1.20.1 asset index中解析（可能来自其他版本/历史缓存）
49ac74489b7a0463f8f08d54db100762ffbe2532,49/49ac74489b7a0463f8f08d54db100762ffbe2532,19181,ogg,minecraft/sounds/mob/axolotl/idle_air2.ogg,entity.axolotl.idle_air,已由Minecraft Java 1.20.1 asset index解析
49ae543155e15b8115206f3bdcf1b929b7725b62,49/49ae543155e15b8115206f3bdcf1b929b7725b62,19575,ogg,minecraft/sounds/block/bone_block/step1.ogg,block.bone_block.fall;block.bone_block.hit;block.bone_block.step,已由Minecraft Java 1.20.1 asset index解析
49c71e06621ad56f69e99e0bbb9e82c37b8d8580,49/49c71e06621ad56f69e99e0bbb9e82c37b8d8580,20633,ogg,minecraft/sounds/mob/guardian/attack_loop.ogg,entity.guardian.attack,已由Minecraft Java 1.20.1 asset index解析
49d5826555c9f00e36c1e2e0386118f4e0a27c4f,49/49d5826555c9f00e36c1e2e0386118f4e0a27c4f,24366,ogg,minecraft/sounds/block/netherrack/break2.ogg,block.netherrack.break;block.netherrack.place,已由Minecraft Java 1.20.1 asset index解析
49ed3b28fccda37cbebd2d34de7353acb6acd2c6,49/49ed3b28fccda37cbebd2d34de7353acb6acd2c6,14093,ogg,,,未在Java 1.20.1 asset index中解析（可能来自其他版本/历史缓存）
49f9d8ea4a9392ea23b01d872284c6f67066d25c,49/49f9d8ea4a9392ea23b01d872284c6f67066d25c,25237,ogg,minecraft/sounds/block/netherwart/break3.ogg,block.wart_block.break;block.wart_block.place,已由Minecraft Java 1.20.1 asset index解析
49fad98686f1972b15ce93d10ff3b71a58758408,49/49fad98686f1972b15ce93d10ff3b71a58758408,9711,ogg,,,未在Java 1.20.1 asset index中解析（可能来自其他版本/历史缓存）
4a0ce0713583399108fad4698cbe63714fe5898f,4a/4a0ce0713583399108fad4698cbe63714fe5898f,7540,ogg,minecraft/sounds/entity/squid/ambient4.ogg,entity.squid.ambient,已由Minecraft Java 1.20.1 asset index解析
4a101c336082c530e93945b0e31ac818cfbf78a0,4a/4a101c336082c530e93945b0e31ac818cfbf78a0,775103,png,realms/textures/gui/images/14.png,,已由Minecraft Java 1.20.1 asset index解析
4a17b1adbdd910de67e2d812fcbad87f00a69912,4a/4a17b1adbdd910de67e2d812fcbad87f00a69912,16182,ogg,minecraft/sounds/block/copper/break3.ogg,block.copper.break;block.copper.place,已由Minecraft Java 1.20.1 asset index解析
4a17ecca2ce3fffc6817748fcae82da521e85b38,4a/4a17ecca2ce3fffc6817748fcae82da521e85b38,21670,ogg,minecraft/sounds/mob/drowned/water/hurt3.ogg,entity.drowned.hurt_water,已由Minecraft Java 1.20.1 asset index解析
4a17f13123024ae444e0d38cb414de1d32de674f,4a/4a17f13123024ae444e0d38cb414de1d32de674f,13782,ogg,,,未在Java 1.20.1 asset index中解析（可能来自其他版本/历史缓存）
4a1cd5bb70f5177dd5b0aeb03fe0a2c6e37fca4a,4a/4a1cd5bb70f5177dd5b0aeb03fe0a2c6e37fca4a,17665,ogg,minecraft/sounds/mob/polarbear_baby/idle3.ogg,entity.polar_bear.ambient_baby,已由Minecraft Java 1.20.1 asset index解析
4a2e3795ffd4d3aab0834b7e41903af3a8f7d197,4a/4a2e3795ffd4d3aab0834b7e41903af3a8f7d197,8012,ogg,minecraft/sounds/step/stone1.ogg,block.anvil.fall;block.anvil.hit;block.anvil.step;block.glass.fall;block.glass.hit;block.glass.step;block.lodestone.fall;block.lodestone.hit;block.lodestone.step;block.metal.fall;block.metal.hit;block.metal.step;block.stone.fall;block.stone.hit;block.stone.step,已由Minecraft Java 1.20.1 asset index解析
4a551fdc68b6cb6b486655c2f6e78c8decc6ad6f,4a/4a551fdc68b6cb6b486655c2f6e78c8decc6ad6f,20098,ogg,minecraft/sounds/block/mud/break3.ogg,block.mud.break;block.mud.place,已由Minecraft Java 1.20.1 asset index解析
4a578ad692287e7114cc7a726dd969b9aadfb2fe,4a/4a578ad692287e7114cc7a726dd969b9aadfb2fe,15713,ogg,minecraft/sounds/block/sign/waxed_interact_fail3.ogg,block.sign.waxed_interact_fail,已由Minecraft Java 1.20.1 asset index解析
4a5af65300334c4991a057990e9f8c23a2a1416b,4a/4a5af65300334c4991a057990e9f8c23a2a1416b,10483,ogg,minecraft/sounds/mob/polarbear/hurt3.ogg,entity.polar_bear.hurt,已由Minecraft Java 1.20.1 asset index解析
4a72600e93b9379d5b75b5278cceedefb68845cd,4a/4a72600e93b9379d5b75b5278cceedefb68845cd,11770,ogg,minecraft/sounds/block/packed_mud/break4.ogg,block.packed_mud.break;block.packed_mud.place,已由Minecraft Java 1.20.1 asset index解析
4a73e322395e001dd4e47da97ebd47600240e00b,4a/4a73e322395e001dd4e47da97ebd47600240e00b,31516,ogg,minecraft/sounds/item/honeycomb/wax_on1.ogg,item.honeycomb.wax_on,已由Minecraft Java 1.20.1 asset index解析
4a7ddf2a0a3e52ed407a37fe4e021212eea3ef39,4a/4a7ddf2a0a3e52ed407a37fe4e021212eea3ef39,12175,ogg,minecraft/sounds/block/netherite/step6.ogg,block.netherite_block.fall;block.netherite_block.hit;block.netherite_block.step,已由Minecraft Java 1.20.1 asset index解析
4a9076788d0ba64842998377ff5f86583c491b02,4a/4a9076788d0ba64842998377ff5f86583c491b02,47763,ogg,minecraft/sounds/mob/goat/scream1.ogg,entity.goat.screaming.ambient,已由Minecraft Java 1.20.1 asset index解析
4a9dd965158908b99241d945828dd976a8b8db58,4a/4a9dd965158908b99241d945828dd976a8b8db58,22142,ogg,minecraft/sounds/mob/turtle/egg/egg_crack3.ogg,block.sniffer_egg.crack;entity.turtle.egg_crack,已由Minecraft Java 1.20.1 asset index解析
4abdbf22b4552d6575d801e4f87077de35ee5f01,4a/4abdbf22b4552d6575d801e4f87077de35ee5f01,7173,ogg,minecraft/sounds/item/armor/equip_gold6.ogg,item.armor.equip_gold,已由Minecraft Java 1.20.1 asset index解析
4af9c72df6f67060c0dbff10feeb9aa13767b560,4a/4af9c72df6f67060c0dbff10feeb9aa13767b560,35912,ogg,minecraft/sounds/block/amethyst_cluster/place3.ogg,block.amethyst_cluster.place;block.large_amethyst_bud.place;block.medium_amethyst_bud.place;block.small_amethyst_bud.place,已由Minecraft Java 1.20.1 asset index解析
4b02fc032a7414ef45a1a1e545b9469791b25224,4b/4b02fc032a7414ef45a1a1e545b9469791b25224,13090,ogg,,,未在Java 1.20.1 asset index中解析（可能来自其他版本/历史缓存）
4b2d403365d008c2de04205429c57134a6238948,4b/4b2d403365d008c2de04205429c57134a6238948,22340,ogg,,,未在Java 1.20.1 asset index中解析（可能来自其他版本/历史缓存）
4b2e55a9c456755932eca2125a93054a6c0c4c7e,4b/4b2e55a9c456755932eca2125a93054a6c0c4c7e,720907,json/text,,,未在Java 1.20.1 asset index中解析；本对象不是已识别OGG音频
4b4507e022584fdb6d91ee128a5770aa94b8cdc3,4b/4b4507e022584fdb6d91ee128a5770aa94b8cdc3,574970,json/text,,,未在Java 1.20.1 asset index中解析；本对象不是已识别OGG音频
4b736a9adb36eda550acc630b51f32c5ddbca76f,4b/4b736a9adb36eda550acc630b51f32c5ddbca76f,15565,ogg,minecraft/sounds/block/composter/fill_success1.ogg,block.composter.fill_success;entity.villager.work_farmer,已由Minecraft Java 1.20.1 asset index解析
4b8537a426378b7c17bebcbd6604728d38f0c6d3,4b/4b8537a426378b7c17bebcbd6604728d38f0c6d3,30496,ogg,minecraft/sounds/mob/zoglin/angry2.ogg,entity.zoglin.angry,已由Minecraft Java 1.20.1 asset index解析
4b8adff22c2768fd50d860f41c6d82c5ac86d7e8,4b/4b8adff22c2768fd50d860f41c6d82c5ac86d7e8,13873,ogg,minecraft/sounds/mob/dolphin/idle_water8.ogg,entity.dolphin.ambient_water,已由Minecraft Java 1.20.1 asset index解析
4b8d2faef4ffd065905d4f4ab6f28a0664520601,4b/4b8d2faef4ffd065905d4f4ab6f28a0664520601,20096,ogg,minecraft/sounds/block/nylium/step2.ogg,block.nylium.fall;block.nylium.hit;block.nylium.step,已由Minecraft Java 1.20.1 asset index解析
4b90ff3a9b1486642bc0f15da0045d83a91df82e,4b/4b90ff3a9b1486642bc0f15da0045d83a91df82e,7268,ogg,minecraft/sounds/entity/rabbit/attack2.ogg,entity.rabbit.attack,已由Minecraft Java 1.20.1 asset index解析
4b9469a8a151cba0d28f14d87723244d8de74950,4b/4b9469a8a151cba0d28f14d87723244d8de74950,13273,ogg,minecraft/sounds/block/composter/fill1.ogg,block.composter.fill,已由Minecraft Java 1.20.1 asset index解析
4b9732e037f8e2e230fb1c29511a30aa41f86cd7,4b/4b9732e037f8e2e230fb1c29511a30aa41f86cd7,12431,ogg,minecraft/sounds/block/mud/step3.ogg,block.mud.fall;block.mud.hit;block.mud.step,已由Minecraft Java 1.20.1 asset index解析
4ba55627b6b9ce64b4a48a00c990d5855b6064cf,4b/4ba55627b6b9ce64b4a48a00c990d5855b6064cf,4766,ogg,minecraft/sounds/mob/wolf/step2.ogg,entity.wolf.step,已由Minecraft Java 1.20.1 asset index解析
4baf5caae944be0cacc81e52130a776005e58eeb,4b/4baf5caae944be0cacc81e52130a776005e58eeb,23013,ogg,minecraft/sounds/block/shroomlight/break5.ogg,block.shroomlight.break;block.shroomlight.place,已由Minecraft Java 1.20.1 asset index解析
4bb6b399df5efa0f3693285fc3ae6534b0d81ec3,4b/4bb6b399df5efa0f3693285fc3ae6534b0d81ec3,15632,ogg,minecraft/sounds/block/soul_soil/step1.ogg,block.soul_soil.fall;block.soul_soil.hit;block.soul_soil.step,已由Minecraft Java 1.20.1 asset index解析
4bc87ab869e17732a20c7518a327136baf5b2c26,4b/4bc87ab869e17732a20c7518a327136baf5b2c26,13694,ogg,minecraft/sounds/mob/pig/death.ogg,entity.pig.death,已由Minecraft Java 1.20.1 asset index解析
4bcc89bcd50c84f794a65ff740a4783b130281d4,4b/4bcc89bcd50c84f794a65ff740a4783b130281d4,14001,ogg,minecraft/sounds/mob/panda/step5.ogg,entity.panda.step,已由Minecraft Java 1.20.1 asset index解析
4be3b65372d2c36ea6579d5b87145714dc934480,4b/4be3b65372d2c36ea6579d5b87145714dc934480,27993,ogg,minecraft/sounds/item/axe/scrape3.ogg,item.axe.scrape,已由Minecraft Java 1.20.1 asset index解析
4be797a654ef7d62adbba23f531324f97b8f0da2,4b/4be797a654ef7d62adbba23f531324f97b8f0da2,15435,ogg,minecraft/sounds/mob/llama/hurt3.ogg,entity.llama.hurt,已由Minecraft Java 1.20.1 asset index解析
4c02a13757318403e7837260c1b30069dcb7be69,4c/4c02a13757318403e7837260c1b30069dcb7be69,7754,ogg,minecraft/sounds/entity/witch/death3.ogg,entity.witch.death,已由Minecraft Java 1.20.1 asset index解析
4c0fdad0f1b2462f5a0defbefd5d859f27e2342a,4c/4c0fdad0f1b2462f5a0defbefd5d859f27e2342a,69773,ogg,minecraft/sounds/enchant/soulspeed/soulspeed7.ogg,block.sculk_catalyst.bloom;particle.soul_escape,已由Minecraft Java 1.20.1 asset index解析
4c14c40542e249c902d0cac710ab4c6d6debba28,4c/4c14c40542e249c902d0cac710ab4c6d6debba28,16702,ogg,minecraft/sounds/liquid/splash.ogg,entity.generic.splash;entity.hostile.splash;entity.player.splash,已由Minecraft Java 1.20.1 asset index解析
4c26fd4c2774e7afcbda1e293a27595e04e87c47,4c/4c26fd4c2774e7afcbda1e293a27595e04e87c47,5238,ogg,minecraft/sounds/entity/player/attack/sweep3.ogg,entity.player.attack.sweep,已由Minecraft Java 1.20.1 asset index解析
4c4ac59c150e695fadecea3f2804a5bd6e253d36,4c/4c4ac59c150e695fadecea3f2804a5bd6e253d36,23757,ogg,minecraft/sounds/mob/panda/worried/worried5.ogg,entity.panda.worried_ambient,已由Minecraft Java 1.20.1 asset index解析
4c4bcc6905430286f32a862ce69665c51bd9938f,4c/4c4bcc6905430286f32a862ce69665c51bd9938f,7931,ogg,minecraft/sounds/mob/magmacube/big2.ogg,entity.magma_cube.squish;entity.parrot.imitate.magma_cube,已由Minecraft Java 1.20.1 asset index解析
4c51f308cb42bc51779a5461d317d5415c07b294,4c/4c51f308cb42bc51779a5461d317d5415c07b294,33056,ogg,minecraft/sounds/entity/fish/swim6.ogg,entity.axolotl.swim;entity.dolphin.swim;entity.fish.swim,已由Minecraft Java 1.20.1 asset index解析
4c63a48e2f1812460d0330976cb89a845476cf6f,4c/4c63a48e2f1812460d0330976cb89a845476cf6f,567735,json/text,,,未在Java 1.20.1 asset index中解析；本对象不是已识别OGG音频
4c69a6edc25d973999aa0db2bb46b583a31da278,4c/4c69a6edc25d973999aa0db2bb46b583a31da278,14380,ogg,minecraft/sounds/mob/spider/death.ogg,entity.spider.death,已由Minecraft Java 1.20.1 asset index解析
4c6ef668e5a68fec125882632b143a5ffc3f4438,4c/4c6ef668e5a68fec125882632b143a5ffc3f4438,57431,ogg,,,未在Java 1.20.1 asset index中解析（可能来自其他版本/历史缓存）
4c9fdb43eabba380d31845650c3b4d25b733e564,4c/4c9fdb43eabba380d31845650c3b4d25b733e564,36294,ogg,minecraft/sounds/mob/piglin/death1.ogg,entity.piglin.death,已由Minecraft Java 1.20.1 asset index解析
4ca1257ef1016a84d9c3b1c0d338aee2785fecfb,4c/4ca1257ef1016a84d9c3b1c0d338aee2785fecfb,22845,ogg,minecraft/sounds/mob/hoglin/angry6.ogg,entity.hoglin.angry,已由Minecraft Java 1.20.1 asset index解析
4cbab94ac2da642d15acfa6ffff8621ac7d81cfd,4c/4cbab94ac2da642d15acfa6ffff8621ac7d81cfd,15215,ogg,minecraft/sounds/block/packed_mud/break5.ogg,block.packed_mud.break;block.packed_mud.place,已由Minecraft Java 1.20.1 asset index解析
4cc773374c87bd4743e2470a4acc0403f834ae9e,4c/4cc773374c87bd4743e2470a4acc0403f834ae9e,54404,ogg,minecraft/sounds/ambient/underwater/additions/bubbles5.ogg,ambient.underwater.loop.additions,已由Minecraft Java 1.20.1 asset index解析
4cf4080d1730f61584808e8d0afa916a6f0332ca,4c/4cf4080d1730f61584808e8d0afa916a6f0332ca,61142,ogg,minecraft/sounds/mob/warden/ambient_5.ogg,entity.warden.ambient,已由Minecraft Java 1.20.1 asset index解析
4cf6992a99518dfac836228cffbbc7e8344d969b,4c/4cf6992a99518dfac836228cffbbc7e8344d969b,11754,ogg,minecraft/sounds/block/wooden_door/close2.ogg,block.wooden_door.close,已由Minecraft Java 1.20.1 asset index解析
4d03069c0e14794b463f563044da46433776da60,4d/4d03069c0e14794b463f563044da46433776da60,9986,ogg,minecraft/sounds/mob/skeleton/hurt1.ogg,entity.skeleton.hurt,已由Minecraft Java 1.20.1 asset index解析
4d177a9ab02e514a9b72dd3352e126f63822dce3,4d/4d177a9ab02e514a9b72dd3352e126f63822dce3,13830,ogg,minecraft/sounds/mob/fox/eat1.ogg,entity.fox.eat,已由Minecraft Java 1.20.1 asset index解析
4d1d157536fd24989860a8adaa615c6d2dba5c9d,4d/4d1d157536fd24989860a8adaa615c6d2dba5c9d,97682,ogg,minecraft/sounds/block/blastfurnace/blastfurnace2.ogg,block.blastfurnace.fire_crackle;entity.villager.work_armorer,已由Minecraft Java 1.20.1 asset index解析
4d270722140425e172a192d4393676b1f65e15d5,4d/4d270722140425e172a192d4393676b1f65e15d5,6862,ogg,minecraft/sounds/entity/armorstand/break2.ogg,entity.armor_stand.break,已由Minecraft Java 1.20.1 asset index解析
4d279a6cc6dd3161ed273cc6796ae99d1a3a2175,4d/4d279a6cc6dd3161ed273cc6796ae99d1a3a2175,6764,ogg,minecraft/sounds/mob/vindication_illager/hurt3.ogg,entity.vindicator.hurt,已由Minecraft Java 1.20.1 asset index解析
4d56986efbd9f0c9f6c8a2c4916f17d863456d06,4d/4d56986efbd9f0c9f6c8a2c4916f17d863456d06,55324,ogg,minecraft/sounds/mob/sniffer/step1.ogg,entity.sniffer.step,已由Minecraft Java 1.20.1 asset index解析
4d6241f47eef81d850941f48d657244a4a5ebd64,4d/4d6241f47eef81d850941f48d657244a4a5ebd64,21727,ogg,minecraft/sounds/block/sculk_sensor/sculk_clicking_stop2.ogg,block.sculk_sensor.clicking_stop,已由Minecraft Java 1.20.1 asset index解析
4d68e519f69b99c678870b71d7a8dcdbfda153b3,4d/4d68e519f69b99c678870b71d7a8dcdbfda153b3,19992,ogg,minecraft/sounds/block/deepslate_bricks/place5.ogg,block.deepslate_bricks.break;block.deepslate_bricks.place;block.deepslate_tiles.break;block.deepslate_tiles.place,已由Minecraft Java 1.20.1 asset index解析
4d6fbd39a70f04444eb76f2c873de7c524e13fc7,4d/4d6fbd39a70f04444eb76f2c873de7c524e13fc7,20043,ogg,minecraft/sounds/item/armor/equip_netherite3.ogg,item.armor.equip_netherite,已由Minecraft Java 1.20.1 asset index解析
4da9f12f979eba012c6f62e0820ca58cc49d8834,4d/4da9f12f979eba012c6f62e0820ca58cc49d8834,5988,ogg,minecraft/sounds/mob/rabbit/hurt2.ogg,entity.rabbit.hurt,已由Minecraft Java 1.20.1 asset index解析
4dabe9a76dae4e7373854bf525276591c69356eb,4d/4dabe9a76dae4e7373854bf525276591c69356eb,26700,ogg,minecraft/sounds/mob/dolphin/idle6.ogg,entity.dolphin.ambient,已由Minecraft Java 1.20.1 asset index解析
4dbe4df94e8c2433b4e046b0493b47db1272b995,4d/4dbe4df94e8c2433b4e046b0493b47db1272b995,9133,ogg,minecraft/sounds/item/bottle/fill1.ogg,item.bottle.fill,已由Minecraft Java 1.20.1 asset index解析
4dc37b67b1ea253dfefecb05961b63955edf43e5,4d/4dc37b67b1ea253dfefecb05961b63955edf43e5,65312,ogg,minecraft/sounds/mob/warden/agitated_4.ogg,entity.warden.agitated,已由Minecraft Java 1.20.1 asset index解析
4dc5acc50501a33b6f85216e3344a9c08d0b0570,4d/4dc5acc50501a33b6f85216e3344a9c08d0b0570,36678,ogg,minecraft/sounds/block/beehive/enter.ogg,block.beehive.enter,已由Minecraft Java 1.20.1 asset index解析
4dc84fa4d1c693ef0dc6156bf3bc51575286a897,4d/4dc84fa4d1c693ef0dc6156bf3bc51575286a897,19611,ogg,minecraft/sounds/mob/frog/hurt3.ogg,entity.frog.hurt,已由Minecraft Java 1.20.1 asset index解析
4dd03c1c7eb0f61d8b63f7e95e2405928310c0a2,4d/4dd03c1c7eb0f61d8b63f7e95e2405928310c0a2,10495,ogg,minecraft/sounds/block/bamboo/step5.ogg,block.bamboo.fall;block.bamboo.hit;block.bamboo.step,已由Minecraft Java 1.20.1 asset index解析
4dde7bcaca14f997cd72c638c651ca293bf4411a,4d/4dde7bcaca14f997cd72c638c651ca293bf4411a,8912,ogg,minecraft/sounds/block/cherrywood_button/cherrywood_click.ogg,block.cherry_wood_button.click_off;block.cherry_wood_button.click_on,已由Minecraft Java 1.20.1 asset index解析
4de69ee2f8f87a99453b1cd8c301b399d62c8085,4d/4de69ee2f8f87a99453b1cd8c301b399d62c8085,562296,json/text,,,未在Java 1.20.1 asset index中解析；本对象不是已识别OGG音频
4debec9dc62d068117353faa457d79cbbc91c82e,4d/4debec9dc62d068117353faa457d79cbbc91c82e,11666,ogg,minecraft/sounds/mob/camel/step6.ogg,entity.camel.step,已由Minecraft Java 1.20.1 asset index解析
4df76f25e0b77b3e27b7c6717f6fcc117cdcc4c2,4d/4df76f25e0b77b3e27b7c6717f6fcc117cdcc4c2,555785,json/text,,,未在Java 1.20.1 asset index中解析；本对象不是已识别OGG音频
4dfdc01898b95663dc1ddd0abdb259dd61b4b4d8,4d/4dfdc01898b95663dc1ddd0abdb259dd61b4b4d8,87915,ogg,minecraft/sounds/ambient/nether/warped_forest/mood4.ogg,ambient.warped_forest.mood,已由Minecraft Java 1.20.1 asset index解析
4dfe0b607c5de2e47f3b7950c56bbebbf3115957,4d/4dfe0b607c5de2e47f3b7950c56bbebbf3115957,5387,ogg,minecraft/sounds/mob/slime/small4.ogg,block.slime_block.fall;block.slime_block.hit;block.slime_block.step;entity.magma_cube.death_small;entity.magma_cube.hurt_small;entity.slime.death_small;entity.slime.hurt_small;entity.slime.jump_small;entity.slime.squish_small,已由Minecraft Java 1.20.1 asset index解析
4e094ed8dfa98656d8fec52a7d20c5ee6098b6ad,4e/4e094ed8dfa98656d8fec52a7d20c5ee6098b6ad,6695,ogg,minecraft/sounds/dig/stone1.ogg,block.anvil.break;block.glass.place;block.lodestone.break;block.metal.break;block.metal.place;block.stone.break;block.stone.place;entity.armor_stand.place,已由Minecraft Java 1.20.1 asset index解析
4e0d0837a0fbdcd1b627e1717fbca9dfdee81dc4,4e/4e0d0837a0fbdcd1b627e1717fbca9dfdee81dc4,887607,ogg,minecraft/sounds/ambient/nether/basalt_deltas/debris3.ogg,ambient.basalt_deltas.additions,已由Minecraft Java 1.20.1 asset index解析
4e22b9a399bd3e921027aab36dc329e884275e7e,4e/4e22b9a399bd3e921027aab36dc329e884275e7e,19015,ogg,minecraft/sounds/block/hanging_sign/step2.ogg,block.hanging_sign.fall;block.hanging_sign.hit;block.hanging_sign.step,已由Minecraft Java 1.20.1 asset index解析
4e27071e0aeeb6a07c23f64fd0593cc07066197c,4e/4e27071e0aeeb6a07c23f64fd0593cc07066197c,34746,ogg,minecraft/sounds/mob/strider/happy2.ogg,entity.strider.happy,已由Minecraft Java 1.20.1 asset index解析
4e3474c7b3857ede4c051bfccc2ea1d602bef229,4e/4e3474c7b3857ede4c051bfccc2ea1d602bef229,13857,ogg,minecraft/sounds/block/mud_bricks/step6.ogg,block.mud_bricks.fall;block.mud_bricks.hit;block.mud_bricks.step,已由Minecraft Java 1.20.1 asset index解析
4e398c518ae706ad4d90afd6914f748faf18a7b5,4e/4e398c518ae706ad4d90afd6914f748faf18a7b5,22308,ogg,minecraft/sounds/mob/blaze/breathe1.ogg,entity.blaze.ambient;entity.parrot.imitate.blaze,已由Minecraft Java 1.20.1 asset index解析
4e3e9f37c1e0c12c2993d25c28b89e2f0797ba5a,4e/4e3e9f37c1e0c12c2993d25c28b89e2f0797ba5a,7064,ogg,minecraft/sounds/mob/irongolem/walk1.ogg,entity.iron_golem.step,已由Minecraft Java 1.20.1 asset index解析
4e408f2dff4386951d1240c316a975c84918e92d,4e/4e408f2dff4386951d1240c316a975c84918e92d,9572,ogg,minecraft/sounds/block/pointed_dripstone/drip_water10.ogg,block.pointed_dripstone.drip_water,已由Minecraft Java 1.20.1 asset index解析
4e477f55b9c4875f69cb44a2aabab4b14aefd129,4e/4e477f55b9c4875f69cb44a2aabab4b14aefd129,6891,ogg,minecraft/sounds/mob/villager/haggle3.ogg,entity.villager.trade,已由Minecraft Java 1.20.1 asset index解析
4e650cb9e5ab7c6095eb2248c4deb475cae26e6a,4e/4e650cb9e5ab7c6095eb2248c4deb475cae26e6a,33354,ogg,minecraft/sounds/mob/drowned/step1.ogg,entity.drowned.step,已由Minecraft Java 1.20.1 asset index解析
4e7472536275a5afcfbc2496eb35929843b0c655,4e/4e7472536275a5afcfbc2496eb35929843b0c655,24513,ogg,,,未在Java 1.20.1 asset index中解析（可能来自其他版本/历史缓存）
4e78551d06e0e7c120586d9e3dbdbe735e937915,4e/4e78551d06e0e7c120586d9e3dbdbe735e937915,21702,ogg,minecraft/sounds/block/stem/step2.ogg,block.stem.fall;block.stem.hit;block.stem.step,已由Minecraft Java 1.20.1 asset index解析
4e790ff39c9c69d9f1c281a57e14f3596ffc1d0b,4e/4e790ff39c9c69d9f1c281a57e14f3596ffc1d0b,46537,ogg,minecraft/sounds/block/sculk_catalyst/break5.ogg,block.sculk_catalyst.break,已由Minecraft Java 1.20.1 asset index解析
4e80a3bd26a9e5dfbf62f29acf5527c3240c9f25,4e/4e80a3bd26a9e5dfbf62f29acf5527c3240c9f25,683930,json/text,,,未在Java 1.20.1 asset index中解析；本对象不是已识别OGG音频
4e94ed53b6059d150c3bb2322b4af9ca9514bae1,4e/4e94ed53b6059d150c3bb2322b4af9ca9514bae1,10929,ogg,minecraft/sounds/mob/zombie/woodbreak.ogg,entity.wither.break_block;entity.zombie.break_wooden_door,已由Minecraft Java 1.20.1 asset index解析
4e9de2d8bc053581711a1578a5949386c7b24a39,4e/4e9de2d8bc053581711a1578a5949386c7b24a39,37378,ogg,minecraft/sounds/block/amethyst/step10.ogg,block.amethyst_block.fall;block.amethyst_block.hit;block.amethyst_block.step;block.amethyst_cluster.fall;block.amethyst_cluster.hit;block.amethyst_cluster.step,已由Minecraft Java 1.20.1 asset index解析
4ebf0ae943f5881bb81af674e8596341e52015eb,4e/4ebf0ae943f5881bb81af674e8596341e52015eb,12793,ogg,minecraft/sounds/entity/guardian/ambient4.ogg,entity.guardian.ambient;entity.parrot.imitate.guardian,已由Minecraft Java 1.20.1 asset index解析
4ecfe93a57707c258fbd48b0b4c100686169dcce,4e/4ecfe93a57707c258fbd48b0b4c100686169dcce,89094,ogg,minecraft/sounds/ambient/underwater/additions/water2.ogg,ambient.underwater.loop.additions,已由Minecraft Java 1.20.1 asset index解析
4ed1f29f3e1378811f7fcc49db743400b8e3284f,4e/4ed1f29f3e1378811f7fcc49db743400b8e3284f,8011,ogg,minecraft/sounds/block/chest/open_locked.ogg,block.chest.locked,已由Minecraft Java 1.20.1 asset index解析
4ed7023a970b7f6a6d03558c3125fe85fea4ecd8,4e/4ed7023a970b7f6a6d03558c3125fe85fea4ecd8,9344,ogg,minecraft/sounds/entity/squid/ambient2.ogg,entity.squid.ambient,已由Minecraft Java 1.20.1 asset index解析
4ee5fde6bf85cd6a777aa2fcc56ed33e1c574f04,4e/4ee5fde6bf85cd6a777aa2fcc56ed33e1c574f04,11186,ogg,minecraft/sounds/entity/shulker_bullet/hit2.ogg,entity.shulker_bullet.hit;entity.shulker_bullet.hurt,已由Minecraft Java 1.20.1 asset index解析
4efb7a628933ffe723378877f657e1988c189d68,4e/4efb7a628933ffe723378877f657e1988c189d68,811311,json/text,,,未在Java 1.20.1 asset index中解析；本对象不是已识别OGG音频
4f1d7eed78371293d49c31c7a39bfdd4b4bd1e51,4f/4f1d7eed78371293d49c31c7a39bfdd4b4bd1e51,10833,ogg,minecraft/sounds/block/bamboo/sapling_hit4.ogg,block.bamboo_sapling.hit;block.cherry_sapling.fall;block.cherry_sapling.hit;block.cherry_sapling.step,已由Minecraft Java 1.20.1 asset index解析
4f364a1830be79a2827a8c043e7dceaf648918eb,4f/4f364a1830be79a2827a8c043e7dceaf648918eb,598770,json/text,,,未在Java 1.20.1 asset index中解析；本对象不是已识别OGG音频
4f380fccd5258b882bb7d5a471a7906ef0a5a0e5,4f/4f380fccd5258b882bb7d5a471a7906ef0a5a0e5,15839,ogg,minecraft/sounds/mob/vex/hurt2.ogg,entity.vex.hurt,已由Minecraft Java 1.20.1 asset index解析
4f3a2c3edf64d8559d3ecd79b0cd14d54ec3d51f,4f/4f3a2c3edf64d8559d3ecd79b0cd14d54ec3d51f,10759,ogg,minecraft/sounds/mob/fox/hurt2.ogg,entity.fox.hurt,已由Minecraft Java 1.20.1 asset index解析
4f48c9696dd3b8dd08713e3bc75002599d382de5,4f/4f48c9696dd3b8dd08713e3bc75002599d382de5,8174,ogg,,,未在Java 1.20.1 asset index中解析（可能来自其他版本/历史缓存）
4f52f8cbcb402c38d5bfe523513120b113c4e571,4f/4f52f8cbcb402c38d5bfe523513120b113c4e571,424898,ogg,minecraft/sounds/ambient/nether/warped_forest/addition4.ogg,ambient.warped_forest.additions,已由Minecraft Java 1.20.1 asset index解析
4f844e1bc49fde5ea93fa45958761b50c50c0dad,4f/4f844e1bc49fde5ea93fa45958761b50c50c0dad,16658,ogg,minecraft/sounds/item/crossbow/shoot3.ogg,item.crossbow.shoot,已由Minecraft Java 1.20.1 asset index解析
4f8c3f9b4f290f63c78bf3bbaad16906a3ccff29,4f/4f8c3f9b4f290f63c78bf3bbaad16906a3ccff29,3834148,ogg,minecraft/sounds/music/game/creative/creative3.ogg,music.creative,已由Minecraft Java 1.20.1 asset index解析
4fce41a2d0890418ae1efb03d1142ca74d00aa61,4f/4fce41a2d0890418ae1efb03d1142ca74d00aa61,6394,ogg,minecraft/sounds/mob/silverfish/say4.ogg,entity.endermite.ambient;entity.parrot.imitate.endermite;entity.parrot.imitate.silverfish;entity.silverfish.ambient,已由Minecraft Java 1.20.1 asset index解析
4fd5e63658d0c3f6495b8a56ed266f9923b404e2,4f/4fd5e63658d0c3f6495b8a56ed266f9923b404e2,12528,ogg,minecraft/sounds/mob/turtle/egg/jump_egg1.ogg,entity.zombie.destroy_egg,已由Minecraft Java 1.20.1 asset index解析
4feea37a3f783e2c9ea844ef2b4ee9f3cc20698d,4f/4feea37a3f783e2c9ea844ef2b4ee9f3cc20698d,11959,ogg,,,未在Java 1.20.1 asset index中解析（可能来自其他版本/历史缓存）
4ffe33bbde7ac1eabb9bd4abe997161d6643e268,4f/4ffe33bbde7ac1eabb9bd4abe997161d6643e268,17529,ogg,minecraft/sounds/block/azalea_leaves/break2.ogg,block.azalea_leaves.break;block.azalea_leaves.place,已由Minecraft Java 1.20.1 asset index解析
500e2543034b4c026fb175d48c47196c5d013fe8,50/500e2543034b4c026fb175d48c47196c5d013fe8,12902,ogg,minecraft/sounds/mob/magmacube/jump4.ogg,entity.magma_cube.jump,已由Minecraft Java 1.20.1 asset index解析
501b40b97ee55cb7a97943ee620aa05131089fc2,50/501b40b97ee55cb7a97943ee620aa05131089fc2,7405,ogg,minecraft/sounds/mob/spider/say2.ogg,entity.parrot.imitate.spider;entity.spider.ambient;entity.spider.hurt,已由Minecraft Java 1.20.1 asset index解析
503833660c919c6a48c885b601fc95f66c56db1e,50/503833660c919c6a48c885b601fc95f66c56db1e,10846,ogg,minecraft/sounds/block/bell/bell_use01.ogg,block.bell.use,已由Minecraft Java 1.20.1 asset index解析
5041867a91a67cec2fa1ab572c351d2796a6f050,50/5041867a91a67cec2fa1ab572c351d2796a6f050,7443,ogg,minecraft/sounds/entity/rabbit/attack1.ogg,entity.rabbit.attack,已由Minecraft Java 1.20.1 asset index解析
504362657a72f3ecb1d694989c23c497310cc471,50/504362657a72f3ecb1d694989c23c497310cc471,6503,ogg,minecraft/sounds/entity/armorstand/hit2.ogg,entity.armor_stand.hit,已由Minecraft Java 1.20.1 asset index解析
50531351c7ce60a35aa0f7b3728f8fd91348f0b0,50/50531351c7ce60a35aa0f7b3728f8fd91348f0b0,18837,ogg,minecraft/sounds/block/spore_blossom/break1.ogg,block.spore_blossom.break;block.spore_blossom.place,已由Minecraft Java 1.20.1 asset index解析
5066b310fd288cf443497dd362ff151923525213,50/5066b310fd288cf443497dd362ff151923525213,20573,ogg,minecraft/sounds/block/netherrack/break3.ogg,block.netherrack.break;block.netherrack.place,已由Minecraft Java 1.20.1 asset index解析
506c9584d42b00565f7afa4e6e1bb094030fa97d,50/506c9584d42b00565f7afa4e6e1bb094030fa97d,34121,ogg,minecraft/sounds/mob/piglin/retreat2.ogg,entity.piglin.retreat,已由Minecraft Java 1.20.1 asset index解析
50733b9cb1042acc3bc38182d7ccaa65e538bb57,50/50733b9cb1042acc3bc38182d7ccaa65e538bb57,6995,ogg,minecraft/sounds/mob/horse/wood3.ogg,entity.horse.step_wood,已由Minecraft Java 1.20.1 asset index解析
50775dd4c91553d43b7c9c1d409002f3ee582354,50/50775dd4c91553d43b7c9c1d409002f3ee582354,19034,ogg,minecraft/sounds/block/powder_snow/break7.ogg,block.powder_snow.break;block.powder_snow.place,已由Minecraft Java 1.20.1 asset index解析
509656b6d02a4491f46c686e66b615950c6c1408,50/509656b6d02a4491f46c686e66b615950c6c1408,8223,ogg,minecraft/sounds/entity/player/attack/crit1.ogg,entity.player.attack.crit,已由Minecraft Java 1.20.1 asset index解析
50a317f837b0604c3ebe8224951c1a0d7a94516a,50/50a317f837b0604c3ebe8224951c1a0d7a94516a,5329,ogg,minecraft/sounds/entity/player/attack/sweep5.ogg,entity.player.attack.sweep,已由Minecraft Java 1.20.1 asset index解析
50a59a4f56e4046701b758ddbb1c1587efa4cadf,50/50a59a4f56e4046701b758ddbb1c1587efa4cadf,2530812,ogg,minecraft/sounds/music/game/calm1.ogg,music.creative;music.game;music.overworld.cherry_grove;music.overworld.forest;music.overworld.grove;music.overworld.lush_caves;music.overworld.old_growth_taiga,已由Minecraft Java 1.20.1 asset index解析
50b8c5f86880ac8ae12edf9e5ca21c857c187589,50/50b8c5f86880ac8ae12edf9e5ca21c857c187589,34534,ogg,minecraft/sounds/entity/player/hurt/freeze_hurt4.ogg,entity.player.hurt_freeze,已由Minecraft Java 1.20.1 asset index解析
50bf881d5a1a484f15f009bf0b86703111834516,50/50bf881d5a1a484f15f009bf0b86703111834516,7087,ogg,minecraft/sounds/entity/snowman/hurt2.ogg,entity.snow_golem.hurt,已由Minecraft Java 1.20.1 asset index解析
50c9b5b23ecf10df2f0301dc78a2dfa30c084fe7,50/50c9b5b23ecf10df2f0301dc78a2dfa30c084fe7,12582,ogg,minecraft/sounds/block/bamboo/sapling_hit2.ogg,block.bamboo_sapling.hit;block.cherry_sapling.fall;block.cherry_sapling.hit;block.cherry_sapling.step,已由Minecraft Java 1.20.1 asset index解析
50d0a8b501e0aa54787623f8a33f27dc322c4867,50/50d0a8b501e0aa54787623f8a33f27dc322c4867,32224,ogg,minecraft/sounds/mob/pillager/idle4.ogg,entity.parrot.imitate.pillager;entity.pillager.ambient,已由Minecraft Java 1.20.1 asset index解析
50dc781ac900945b3e03fd265a835c1bd03ce04d,50/50dc781ac900945b3e03fd265a835c1bd03ce04d,12946,ogg,minecraft/sounds/block/cherry_wood_hanging_sign/break2.ogg,block.cherry_wood_hanging_sign.break;block.cherry_wood_hanging_sign.place,已由Minecraft Java 1.20.1 asset index解析
51039b43df5ee148dfc79b47c94a9d9adf2fd71c,51/51039b43df5ee148dfc79b47c94a9d9adf2fd71c,579828,json/text,,,未在Java 1.20.1 asset index中解析；本对象不是已识别OGG音频
510b03b2e3acaca0d7f16c401c50d079dc89ccd7,51/510b03b2e3acaca0d7f16c401c50d079dc89ccd7,18936,ogg,minecraft/sounds/mob/hoglin/attack1.ogg,entity.hoglin.attack,已由Minecraft Java 1.20.1 asset index解析
511066b52f3ce5adbfae84cbd97b80c93ef815ba,51/511066b52f3ce5adbfae84cbd97b80c93ef815ba,124840,ogg,minecraft/sounds/block/sculk_shrieker/shriek4.ogg,block.sculk_shrieker.shriek,已由Minecraft Java 1.20.1 asset index解析
5113d371aa9886c4e2804be55e30fc2ec16d3dcc,51/5113d371aa9886c4e2804be55e30fc2ec16d3dcc,13262,ogg,minecraft/sounds/block/pointed_dripstone/drip_water8.ogg,block.pointed_dripstone.drip_water,已由Minecraft Java 1.20.1 asset index解析
51151ce3073683d4054a8f1207ac3d8c0d808fa9,51/51151ce3073683d4054a8f1207ac3d8c0d808fa9,36204,ogg,minecraft/sounds/block/soul_soil/break5.ogg,block.soul_soil.break;block.soul_soil.place,已由Minecraft Java 1.20.1 asset index解析
511d6f0a49cfeb40ed90b473147534a5402054c7,51/511d6f0a49cfeb40ed90b473147534a5402054c7,71518,ogg,minecraft/sounds/entity/glow_squid/ambient3.ogg,entity.glow_squid.ambient,已由Minecraft Java 1.20.1 asset index解析
513c5616deab01a39e4c22cf1469765e1e36af2a,51/513c5616deab01a39e4c22cf1469765e1e36af2a,1691320,ogg,minecraft/sounds/ambient/nether/warped_forest/ambience.ogg,ambient.warped_forest.loop,已由Minecraft Java 1.20.1 asset index解析
514185914aceffef29a78d7c4aabacd12e1a6cd1,51/514185914aceffef29a78d7c4aabacd12e1a6cd1,5032,ogg,minecraft/sounds/mob/parrot/hurt2.ogg,entity.parrot.hurt,已由Minecraft Java 1.20.1 asset index解析
5151481560a5d00226e5fc40cd0ae4d5317f32d3,51/5151481560a5d00226e5fc40cd0ae4d5317f32d3,22145,ogg,minecraft/sounds/block/nylium/break3.ogg,block.nylium.break;block.nylium.place,已由Minecraft Java 1.20.1 asset index解析
515a65dd950cbf5113aed3aba93cf646b55223ab,51/515a65dd950cbf5113aed3aba93cf646b55223ab,40211,ogg,minecraft/sounds/mob/strider/retreat3.ogg,entity.strider.retreat,已由Minecraft Java 1.20.1 asset index解析
515dffc5d6dd216550d69e61b2eb9c3593b19a20,51/515dffc5d6dd216550d69e61b2eb9c3593b19a20,6584,ogg,minecraft/sounds/mob/silverfish/say1.ogg,entity.endermite.ambient;entity.parrot.imitate.endermite;entity.parrot.imitate.silverfish;entity.silverfish.ambient,已由Minecraft Java 1.20.1 asset index解析
51646cd9bdfc091ec589875f1da8786c85ebff79,51/51646cd9bdfc091ec589875f1da8786c85ebff79,15801,ogg,minecraft/sounds/block/bamboo_wood/break5.ogg,block.bamboo_wood.break;block.bamboo_wood.place,已由Minecraft Java 1.20.1 asset index解析
517d2ef3d3c8d5352a12552430603aff1addce22,51/517d2ef3d3c8d5352a12552430603aff1addce22,28999,ogg,minecraft/sounds/mob/wandering_trader/disappeared2.ogg,entity.wandering_trader.disappeared,已由Minecraft Java 1.20.1 asset index解析
519869b2c2c12de133a572934b88c0b45f257f9b,51/519869b2c2c12de133a572934b88c0b45f257f9b,33990,ogg,minecraft/sounds/mob/horse/skeleton/water/idle5.ogg,entity.skeleton_horse.ambient_water,已由Minecraft Java 1.20.1 asset index解析
51a01c7de5d3f48c70c76fd031ead3802cbe1219,51/51a01c7de5d3f48c70c76fd031ead3802cbe1219,14710,ogg,minecraft/sounds/mob/camel/hurt3.ogg,entity.camel.hurt,已由Minecraft Java 1.20.1 asset index解析
51fdfccc9a4d0e0d92f4a6aaafa68d8257c1d50e,51/51fdfccc9a4d0e0d92f4a6aaafa68d8257c1d50e,1614568,ogg,minecraft/sounds/ambient/nether/crimson_forest/ambience.ogg,ambient.crimson_forest.loop,已由Minecraft Java 1.20.1 asset index解析
51fff105f89bb1a21a59c621911d80ae231214d9,51/51fff105f89bb1a21a59c621911d80ae231214d9,14950,ogg,,,未在Java 1.20.1 asset index中解析（可能来自其他版本/历史缓存）
520aa25be86567d4b6f22aebd2a6add3aad7943d,52/520aa25be86567d4b6f22aebd2a6add3aad7943d,27033,ogg,minecraft/sounds/item/crossbow/quick_charge/quick2_1.ogg,item.crossbow.quick_charge_2,已由Minecraft Java 1.20.1 asset index解析
5214b44cbc6aa25d07f9fe146d92a68abfc967ca,52/5214b44cbc6aa25d07f9fe146d92a68abfc967ca,17238,ogg,minecraft/sounds/mob/camel/step_sand2.ogg,entity.camel.step_sand,已由Minecraft Java 1.20.1 asset index解析
523b26312932ea8088f95beb3a2053ecd6863e65,52/523b26312932ea8088f95beb3a2053ecd6863e65,36288,ogg,minecraft/sounds/block/nether_ore/step2.ogg,block.gilded_blackstone.fall;block.gilded_blackstone.hit;block.gilded_blackstone.step;block.nether_gold_ore.fall;block.nether_gold_ore.hit;block.nether_gold_ore.step;block.nether_ore.fall;block.nether_ore.hit;block.nether_ore.step,已由Minecraft Java 1.20.1 asset index解析
525fd849fade3a4f769c11acf0ef96a4ebca9a9f,52/525fd849fade3a4f769c11acf0ef96a4ebca9a9f,16030,ogg,minecraft/sounds/item/ink_sac/ink_sac3.ogg,item.glow_ink_sac.use;item.ink_sac.use,已由Minecraft Java 1.20.1 asset index解析
5288cab96e26207edd31307c9c01b6902306e4f6,52/5288cab96e26207edd31307c9c01b6902306e4f6,4838,ogg,minecraft/sounds/mob/sheep/step1.ogg,entity.sheep.step,已由Minecraft Java 1.20.1 asset index解析
529abcb09220f0ebeb595f32bb663d026a7e0ae5,52/529abcb09220f0ebeb595f32bb663d026a7e0ae5,8485,ogg,minecraft/sounds/mob/skeleton/say2.ogg,block.note_block.imitate.skeleton;entity.parrot.imitate.skeleton;entity.skeleton.ambient,已由Minecraft Java 1.20.1 asset index解析
529e4602466f3752d66bf34eb8e5b92f7d602ccc,52/529e4602466f3752d66bf34eb8e5b92f7d602ccc,538830,png,realms/textures/gui/images/15.png,,已由Minecraft Java 1.20.1 asset index解析
52a7472cf6668455a36ba0f983ae5a6070d281d3,52/52a7472cf6668455a36ba0f983ae5a6070d281d3,21673,ogg,minecraft/sounds/mob/hoglin/step3.ogg,entity.hoglin.step,已由Minecraft Java 1.20.1 asset index解析
52b923b1b552936f2ac5fbd510bfbdd4cf7b14e7,52/52b923b1b552936f2ac5fbd510bfbdd4cf7b14e7,8712,ogg,minecraft/sounds/mob/llama/death1.ogg,entity.llama.death,已由Minecraft Java 1.20.1 asset index解析
52f58da2e750cf03137c968261b7af5cef599a00,52/52f58da2e750cf03137c968261b7af5cef599a00,7930,ogg,minecraft/sounds/mob/horse/wood5.ogg,entity.horse.step_wood,已由Minecraft Java 1.20.1 asset index解析
52ff5e2c9ff808388c76e2ad1b2b805cb53ebd38,52/52ff5e2c9ff808388c76e2ad1b2b805cb53ebd38,20931,ogg,minecraft/sounds/block/deepslate/step4.ogg,block.deepslate.fall;block.deepslate.hit;block.deepslate.step;block.polished_deepslate.fall;block.polished_deepslate.hit;block.polished_deepslate.step,已由Minecraft Java 1.20.1 asset index解析
5314c31c0e041d9356558c085442aed9fda0000b,53/5314c31c0e041d9356558c085442aed9fda0000b,36181,ogg,minecraft/sounds/liquid/swim12.ogg,entity.player.swim;entity.skeleton_horse.swim,已由Minecraft Java 1.20.1 asset index解析
5354a53dca159cb8ae9151b05eb7224571c14d9b,53/5354a53dca159cb8ae9151b05eb7224571c14d9b,23778,ogg,minecraft/sounds/block/nylium/step1.ogg,block.nylium.fall;block.nylium.hit;block.nylium.step,已由Minecraft Java 1.20.1 asset index解析
5379211dba68d17e573ce9cbd268634eae24148e,53/5379211dba68d17e573ce9cbd268634eae24148e,11965,ogg,minecraft/sounds/mob/warden/attack_impact_1.ogg,entity.warden.attack_impact,已由Minecraft Java 1.20.1 asset index解析
53994743817a68885a2ded1f9857bb254c00a70a,53/53994743817a68885a2ded1f9857bb254c00a70a,53348,ogg,minecraft/sounds/liquid/swim9.ogg,entity.player.swim;entity.skeleton_horse.swim,已由Minecraft Java 1.20.1 asset index解析
539fe34036caba1b247df3360c688960e4defd81,53/539fe34036caba1b247df3360c688960e4defd81,6662,ogg,minecraft/sounds/enchant/thorns/hit1.ogg,enchant.thorns.hit,已由Minecraft Java 1.20.1 asset index解析
53cc1890ebea833d3964c7dd1c90676650e34404,53/53cc1890ebea833d3964c7dd1c90676650e34404,257102,ogg,minecraft/sounds/mob/enderdragon/end.ogg,entity.ender_dragon.death,已由Minecraft Java 1.20.1 asset index解析
53e15b2f69a51d0c4291d4d453acd81a1828f416,53/53e15b2f69a51d0c4291d4d453acd81a1828f416,657570,json/text,,,未在Java 1.20.1 asset index中解析；本对象不是已识别OGG音频
5428d773dc84f7ffe1eecfd4882e6f7dc614fe91,54/5428d773dc84f7ffe1eecfd4882e6f7dc614fe91,12664,ogg,minecraft/sounds/mob/illusion_illager/death1.ogg,entity.illusioner.death,已由Minecraft Java 1.20.1 asset index解析
54290ce87fb0ebac606f497ac8a12c107b74a586,54/54290ce87fb0ebac606f497ac8a12c107b74a586,9211,ogg,minecraft/sounds/item/bucket/fill_lava2.ogg,item.bucket.fill_lava,已由Minecraft Java 1.20.1 asset index解析
5429b1163d1d574a1f6ac06586d1873b1d35653d,54/5429b1163d1d574a1f6ac06586d1873b1d35653d,169695,ogg,minecraft/sounds/ambient/nether/crimson_forest/shroom1.ogg,ambient.crimson_forest.additions,已由Minecraft Java 1.20.1 asset index解析
542bf9c878ccc7c7cd4711f04c24548aee697d24,54/542bf9c878ccc7c7cd4711f04c24548aee697d24,24047,ogg,minecraft/sounds/mob/piglin_brute/hurt3.ogg,entity.piglin_brute.hurt,已由Minecraft Java 1.20.1 asset index解析
542e425cc25aca4e3be5ab3c55c64f55a4ea0faf,54/542e425cc25aca4e3be5ab3c55c64f55a4ea0faf,16759,ogg,minecraft/sounds/block/bamboo_wood_hanging_sign/break2.ogg,block.bamboo_wood_hanging_sign.break;block.bamboo_wood_hanging_sign.place,已由Minecraft Java 1.20.1 asset index解析
543a126bcca9c482b75f61adec9aa2f60e146e2d,54/543a126bcca9c482b75f61adec9aa2f60e146e2d,29466,ogg,minecraft/sounds/mob/drowned/step2.ogg,entity.drowned.step,已由Minecraft Java 1.20.1 asset index解析
5447b5165697eb5e2b4724a9dc5b345ba5cce111,54/5447b5165697eb5e2b4724a9dc5b345ba5cce111,22244,ogg,minecraft/sounds/block/deepslate/step5.ogg,block.deepslate.fall;block.deepslate.hit;block.deepslate.step;block.polished_deepslate.fall;block.polished_deepslate.hit;block.polished_deepslate.step,已由Minecraft Java 1.20.1 asset index解析
54488c4207d033bd6fb75def4869cb6e1f7926f1,54/54488c4207d033bd6fb75def4869cb6e1f7926f1,40595,ogg,minecraft/sounds/block/amethyst/step4.ogg,block.amethyst_block.fall;block.amethyst_block.hit;block.amethyst_block.step;block.amethyst_cluster.fall;block.amethyst_cluster.hit;block.amethyst_cluster.step,已由Minecraft Java 1.20.1 asset index解析
54672893a12a81d48275185f9d718cbed21dc53a,54/54672893a12a81d48275185f9d718cbed21dc53a,20433,ogg,minecraft/sounds/block/nylium/step5.ogg,block.nylium.fall;block.nylium.hit;block.nylium.step,已由Minecraft Java 1.20.1 asset index解析
546fddb67d3e27c613d236d210baef4224c3dbc5,54/546fddb67d3e27c613d236d210baef4224c3dbc5,16268,ogg,minecraft/sounds/block/netherite/break3.ogg,block.netherite_block.break;block.netherite_block.place,已由Minecraft Java 1.20.1 asset index解析
5481fa7661670b3bdb942a15b7c3639f64be9961,54/5481fa7661670b3bdb942a15b7c3639f64be9961,15619,ogg,minecraft/sounds/mob/turtle/egg/jump_egg2.ogg,entity.zombie.destroy_egg,已由Minecraft Java 1.20.1 asset index解析
5488a01c534a16c2138c2f7072343d4179695477,54/5488a01c534a16c2138c2f7072343d4179695477,5114,ogg,minecraft/sounds/block/waterlily/place4.ogg,block.lily_pad.place,已由Minecraft Java 1.20.1 asset index解析
548b24e7e67c0f0fd9d995a9539559e13ab18930,54/548b24e7e67c0f0fd9d995a9539559e13ab18930,7591,ogg,minecraft/sounds/item/armor/equip_diamond1.ogg,item.armor.equip_diamond,已由Minecraft Java 1.20.1 asset index解析
548e9ea467f515020e664f5fddf026c45c8f16a3,54/548e9ea467f515020e664f5fddf026c45c8f16a3,271477,ogg,minecraft/sounds/ambient/nether/soulsand_valley/voices2.ogg,ambient.soul_sand_valley.additions,已由Minecraft Java 1.20.1 asset index解析
5491bbc4482b2e8d8382fc7623828b7764693f4d,54/5491bbc4482b2e8d8382fc7623828b7764693f4d,4583,ogg,minecraft/sounds/entity/shulker/hurt_closed1.ogg,entity.shulker.hurt_closed,已由Minecraft Java 1.20.1 asset index解析
54a0745233e57a5c3e046fe4948329beb2a701b1,54/54a0745233e57a5c3e046fe4948329beb2a701b1,33978,ogg,minecraft/sounds/mob/strider/death4.ogg,entity.strider.death,已由Minecraft Java 1.20.1 asset index解析
54ab71a9e53979af80cbfbfdb3d542ae14b66d0a,54/54ab71a9e53979af80cbfbfdb3d542ae14b66d0a,20658,ogg,minecraft/sounds/item/bucket/empty_powder_snow2.ogg,item.bucket.empty_powder_snow,已由Minecraft Java 1.20.1 asset index解析
54ae8bae3da40ea9a80739d7b36106bffaf8854c,54/54ae8bae3da40ea9a80739d7b36106bffaf8854c,4347,ogg,minecraft/sounds/entity/itemframe/remove_item3.ogg,entity.glow_item_frame.remove_item;entity.item_frame.remove_item,已由Minecraft Java 1.20.1 asset index解析
54baa0ef965b9d87ccbdc1e2cc10e4c96f01c6db,54/54baa0ef965b9d87ccbdc1e2cc10e4c96f01c6db,21169,ogg,minecraft/sounds/block/nether_ore/break1.ogg,block.gilded_blackstone.break;block.gilded_blackstone.place;block.nether_gold_ore.break;block.nether_gold_ore.place;block.nether_ore.break;block.nether_ore.place,已由Minecraft Java 1.20.1 asset index解析
54bec018a6299995d114c41638fbf90dab400102,54/54bec018a6299995d114c41638fbf90dab400102,14979,ogg,,,未在Java 1.20.1 asset index中解析（可能来自其他版本/历史缓存）
54c0df99cb6b487e3dc0b73bc5574c31869d844b,54/54c0df99cb6b487e3dc0b73bc5574c31869d844b,39023,ogg,minecraft/sounds/mob/pillager/celebrate1.ogg,entity.pillager.celebrate,已由Minecraft Java 1.20.1 asset index解析
54cb246bb63ad741d06c4cacb75d1b9f6a5bc2f1,54/54cb246bb63ad741d06c4cacb75d1b9f6a5bc2f1,24814,ogg,,,未在Java 1.20.1 asset index中解析（可能来自其他版本/历史缓存）
54d3edb3a90389d75f69987bfc678cabc4c87e26,54/54d3edb3a90389d75f69987bfc678cabc4c87e26,20383,ogg,minecraft/sounds/mob/evocation_illager/cast1.ogg,entity.evoker.cast_spell;entity.illusioner.cast_spell;entity.parrot.imitate.evoker,已由Minecraft Java 1.20.1 asset index解析
54d86634de079d8e52cc0129fa7cfe269a8fec17,54/54d86634de079d8e52cc0129fa7cfe269a8fec17,13128,ogg,minecraft/sounds/block/calcite/place2.ogg,block.calcite.place,已由Minecraft Java 1.20.1 asset index解析
54dcde12a230e188c268653a1def01aa2f63a124,54/54dcde12a230e188c268653a1def01aa2f63a124,18147,ogg,,,未在Java 1.20.1 asset index中解析（可能来自其他版本/历史缓存）
54f9f134ba3101bd8e3f53d8a5039e03236687cb,54/54f9f134ba3101bd8e3f53d8a5039e03236687cb,40638,ogg,minecraft/sounds/mob/pillager/celebrate3.ogg,entity.pillager.celebrate,已由Minecraft Java 1.20.1 asset index解析
550da80d936e05a7bfda43ca5d8af5b3779320f1,55/550da80d936e05a7bfda43ca5d8af5b3779320f1,16650,ogg,minecraft/sounds/mob/wither/hurt1.ogg,entity.wither.hurt,已由Minecraft Java 1.20.1 asset index解析
551503a0d4dea7a2c3344445ec3c2096bc41d93a,55/551503a0d4dea7a2c3344445ec3c2096bc41d93a,66133,ogg,minecraft/sounds/item/goat_horn/call4.ogg,item.goat_horn.sound.4,已由Minecraft Java 1.20.1 asset index解析
552fb2189cbcb1c0c9b97ffbe2ec0a722f8d64a2,55/552fb2189cbcb1c0c9b97ffbe2ec0a722f8d64a2,42808,ogg,minecraft/sounds/mob/drowned/convert2.ogg,entity.zombie.converted_to_drowned,已由Minecraft Java 1.20.1 asset index解析
5533b88fcbc575b8a7a83c2a281c59979824fd57,55/5533b88fcbc575b8a7a83c2a281c59979824fd57,16423,ogg,minecraft/sounds/block/moss/step4.ogg,block.moss.fall;block.moss.hit;block.moss.step;block.moss_carpet.fall;block.moss_carpet.hit;block.moss_carpet.step,已由Minecraft Java 1.20.1 asset index解析
55516c3a37d4812db690b6da28ce9804aede9da3,55/55516c3a37d4812db690b6da28ce9804aede9da3,16186,ogg,minecraft/sounds/mob/panda/eat12.ogg,entity.panda.eat,已由Minecraft Java 1.20.1 asset index解析
555d33de143e6dcef2aa80ebf9a8f8b1481d42d0,55/555d33de143e6dcef2aa80ebf9a8f8b1481d42d0,7885,ogg,minecraft/sounds/mob/cow/step2.ogg,entity.cow.step,已由Minecraft Java 1.20.1 asset index解析
5561e168924657cd67edfd095725cf4f00c92e62,55/5561e168924657cd67edfd095725cf4f00c92e62,19746,ogg,,,未在Java 1.20.1 asset index中解析（可能来自其他版本/历史缓存）
556a88f3a8e8f407a94ad37b131dc8d5c3f236c0,55/556a88f3a8e8f407a94ad37b131dc8d5c3f236c0,10844,ogg,minecraft/sounds/item/bucket/fill3.ogg,item.bucket.fill,已由Minecraft Java 1.20.1 asset index解析
556e7d997332a802ac7432853f9b0e46aefc0ea8,55/556e7d997332a802ac7432853f9b0e46aefc0ea8,17882,ogg,minecraft/sounds/block/netherite/step5.ogg,block.netherite_block.fall;block.netherite_block.hit;block.netherite_block.step,已由Minecraft Java 1.20.1 asset index解析
55794468b06bc08bd9d817b38591e7a0dad346b8,55/55794468b06bc08bd9d817b38591e7a0dad346b8,42909,ogg,minecraft/sounds/mob/warden/ambient_4.ogg,entity.warden.ambient,已由Minecraft Java 1.20.1 asset index解析
55806e7597c378deac9b308f52d6375b03d41eda,55/55806e7597c378deac9b308f52d6375b03d41eda,384986,ogg,minecraft/sounds/ambient/nether/basalt_deltas/twist1.ogg,ambient.basalt_deltas.additions,已由Minecraft Java 1.20.1 asset index解析
559a1c7dbf17f8357b6d505f2a072f22efe0f43c,55/559a1c7dbf17f8357b6d505f2a072f22efe0f43c,6227,ogg,minecraft/sounds/mob/horse/hit3.ogg,entity.horse.hurt,已由Minecraft Java 1.20.1 asset index解析
559dd086a17d5da60c3b24f0f3316f7590e02642,55/559dd086a17d5da60c3b24f0f3316f7590e02642,24014,ogg,minecraft/sounds/block/nether_sprouts/break2.ogg,block.nether_sprouts.break;block.nether_sprouts.place,已由Minecraft Java 1.20.1 asset index解析
559e74952ee4642bf5619670ee0f9eeceb503bfa,55/559e74952ee4642bf5619670ee0f9eeceb503bfa,10165,ogg,minecraft/sounds/entity/boat/paddle_water7.ogg,entity.boat.paddle_water,已由Minecraft Java 1.20.1 asset index解析
55a1980f05271af3adaef0a0de95c7643dc30398,55/55a1980f05271af3adaef0a0de95c7643dc30398,15225,ogg,minecraft/sounds/block/candle/ambient7.ogg,block.candle.ambient,已由Minecraft Java 1.20.1 asset index解析
55b476eb77d7aed2758913e1540680b48d373828,55/55b476eb77d7aed2758913e1540680b48d373828,9302,ogg,minecraft/sounds/entity/boat/paddle_land5.ogg,entity.boat.paddle_land,已由Minecraft Java 1.20.1 asset index解析
55b674d88ee9b6969ef58c3941b033099f95f45f,55/55b674d88ee9b6969ef58c3941b033099f95f45f,291518,ogg,minecraft/sounds/ambient/nether/soulsand_valley/mood2.ogg,ambient.soul_sand_valley.mood,已由Minecraft Java 1.20.1 asset index解析
55c13776e0088b225feec12d286af7518f88021b,55/55c13776e0088b225feec12d286af7518f88021b,21258,ogg,minecraft/sounds/mob/drowned/hurt3.ogg,entity.drowned.hurt,已由Minecraft Java 1.20.1 asset index解析
55cfb1b3422f9f66e85656ee12723a1cfb7370cb,55/55cfb1b3422f9f66e85656ee12723a1cfb7370cb,40373,ogg,minecraft/sounds/block/amethyst/step6.ogg,block.amethyst_block.fall;block.amethyst_block.hit;block.amethyst_block.step;block.amethyst_cluster.fall;block.amethyst_cluster.hit;block.amethyst_cluster.step,已由Minecraft Java 1.20.1 asset index解析
55da1856e77cfd31a7e8c3d358e1f856c5583198,55/55da1856e77cfd31a7e8c3d358e1f856c5583198,4844,ogg,minecraft/sounds/dig/cloth4.ogg;minecraft/sounds/step/cloth4.ogg,block.wool.break;block.wool.fall;block.wool.hit;block.wool.place;block.wool.step,已由Minecraft Java 1.20.1 asset index解析
55e6cef05aa518834aebc5a4784bb758614f1a79,55/55e6cef05aa518834aebc5a4784bb758614f1a79,16653,ogg,minecraft/sounds/mob/goat/horn_break1.ogg,entity.goat.horn_break,已由Minecraft Java 1.20.1 asset index解析
55f06c5d247175cd1b819b53360f8c99f670a722,55/55f06c5d247175cd1b819b53360f8c99f670a722,37807,ogg,minecraft/sounds/block/suspicious_sand/step1.ogg,block.suspicious_sand.fall;block.suspicious_sand.hit;block.suspicious_sand.step,已由Minecraft Java 1.20.1 asset index解析
560dd97e6da8badbc8ac00b28c45312e60a525f2,56/560dd97e6da8badbc8ac00b28c45312e60a525f2,4826,ogg,minecraft/sounds/mob/magmacube/small5.ogg,entity.magma_cube.squish_small,已由Minecraft Java 1.20.1 asset index解析
5628a7a3a5ce397716dc8f4bab5d2a998af0eff0,56/5628a7a3a5ce397716dc8f4bab5d2a998af0eff0,23997,ogg,minecraft/sounds/block/powder_snow/step6.ogg,block.powder_snow.fall;block.powder_snow.hit;block.powder_snow.step,已由Minecraft Java 1.20.1 asset index解析
562f63e81572019a66cf795cea914ed6910edb53,56/562f63e81572019a66cf795cea914ed6910edb53,11139,ogg,minecraft/sounds/note/icechime.ogg,block.note_block.chime,已由Minecraft Java 1.20.1 asset index解析
5635776460105599ec6894eb01aafdfaf2f99896,56/5635776460105599ec6894eb01aafdfaf2f99896,61603,ogg,minecraft/sounds/mob/drowned/idle1.ogg,entity.drowned.ambient;entity.parrot.imitate.drowned,已由Minecraft Java 1.20.1 asset index解析
5645a0271b59de40793a6e6413bf2e6478702d9c,56/5645a0271b59de40793a6e6413bf2e6478702d9c,40999,ogg,minecraft/sounds/mob/piglin_brute/death3.ogg,entity.piglin_brute.death,已由Minecraft Java 1.20.1 asset index解析
5679fb4fd184e9e3e4199ade7d03c64465bbe4bd,56/5679fb4fd184e9e3e4199ade7d03c64465bbe4bd,20725,ogg,minecraft/sounds/block/chiseled_bookshelf/insert_enchanted2.ogg,block.chiseled_bookshelf.insert.enchanted,已由Minecraft Java 1.20.1 asset index解析
5680749048457f5772ec95a73d856ad792fa1717,56/5680749048457f5772ec95a73d856ad792fa1717,48741,ogg,minecraft/sounds/ambient/cave/cave2.ogg,ambient.cave,已由Minecraft Java 1.20.1 asset index解析
56880bed78b91dddde4a84e10402f957cfc05144,56/56880bed78b91dddde4a84e10402f957cfc05144,44769,ogg,,,未在Java 1.20.1 asset index中解析（可能来自其他版本/历史缓存）
56a9d10117ef0f9d3beb431440382a258820569d,56/56a9d10117ef0f9d3beb431440382a258820569d,243189,ogg,minecraft/sounds/ambient/nether/crimson_forest/shine3.ogg,ambient.crimson_forest.additions,已由Minecraft Java 1.20.1 asset index解析
56afe99ff911f7c56fb923cd85427a719c2a1424,56/56afe99ff911f7c56fb923cd85427a719c2a1424,5782,ogg,minecraft/sounds/entity/player/attack/strong2.ogg,entity.player.attack.strong,已由Minecraft Java 1.20.1 asset index解析
56b9f15306b40fe0e6b6eff83a41d38184b27592,56/56b9f15306b40fe0e6b6eff83a41d38184b27592,20934,ogg,,,未在Java 1.20.1 asset index中解析（可能来自其他版本/历史缓存）
56beb0dbd524e0ac7f56c4458d9bf4083b5370d8,56/56beb0dbd524e0ac7f56c4458d9bf4083b5370d8,31378,ogg,minecraft/sounds/block/soul_soil/break6.ogg,block.soul_soil.break;block.soul_soil.place,已由Minecraft Java 1.20.1 asset index解析
56c1d0ac0de2265018b2c41cb571cc6631101484,56/56c1d0ac0de2265018b2c41cb571cc6631101484,4862,ogg,minecraft/sounds/dig/cloth2.ogg;minecraft/sounds/step/cloth2.ogg,block.wool.break;block.wool.fall;block.wool.hit;block.wool.place;block.wool.step,已由Minecraft Java 1.20.1 asset index解析
56d6fd65958fb25bf9b4033a87655b591e222005,56/56d6fd65958fb25bf9b4033a87655b591e222005,5493,ogg,minecraft/sounds/mob/pig/step5.ogg,entity.pig.step,已由Minecraft Java 1.20.1 asset index解析
56ed141e6438cec8b57604c9e75bcf0cf87d409b,56/56ed141e6438cec8b57604c9e75bcf0cf87d409b,19837,ogg,,,未在Java 1.20.1 asset index中解析（可能来自其他版本/历史缓存）
57008a7f564443d563968fd040fc13ab226fc8d1,57/57008a7f564443d563968fd040fc13ab226fc8d1,11455,ogg,minecraft/sounds/mob/ghast/scream2.ogg,entity.ghast.hurt,已由Minecraft Java 1.20.1 asset index解析
5716954e6041e0ec81b8d13b18b31b576d0067ee,57/5716954e6041e0ec81b8d13b18b31b576d0067ee,14233,ogg,minecraft/sounds/block/decorated_pot/shatter6.ogg,block.decorated_pot.shatter,已由Minecraft Java 1.20.1 asset index解析
5738d7f49ef30adcfc4f2ab13e0b1d74f09a1289,57/5738d7f49ef30adcfc4f2ab13e0b1d74f09a1289,127738,ogg,minecraft/sounds/mob/endermen/stare.ogg,entity.enderman.stare,已由Minecraft Java 1.20.1 asset index解析
573e565b7fda2c34fc972edd21a82fd2e09200f8,57/573e565b7fda2c34fc972edd21a82fd2e09200f8,5530,ogg,minecraft/sounds/mob/bat/hurt2.ogg,entity.bat.hurt,已由Minecraft Java 1.20.1 asset index解析
574374a17842b530c5932bea1f13066aeeb9c382,57/574374a17842b530c5932bea1f13066aeeb9c382,15829,ogg,minecraft/sounds/block/chain/step2.ogg,block.chain.fall;block.chain.hit;block.chain.step,已由Minecraft Java 1.20.1 asset index解析
574ee01c1617c1cd9d2111822637f3da9d5a34f0,57/574ee01c1617c1cd9d2111822637f3da9d5a34f0,16374197,ogg,minecraft/sounds/music/game/nether/soulsand_valley/so_below.ogg,music.nether.basalt_deltas;music.nether.soul_sand_valley,已由Minecraft Java 1.20.1 asset index解析
57596c7d8cf8d99cc06ed333fad846be58ec2fe3,57/57596c7d8cf8d99cc06ed333fad846be58ec2fe3,7729,ogg,minecraft/sounds/entity/boat/paddle_land1.ogg,entity.boat.paddle_land,已由Minecraft Java 1.20.1 asset index解析
575f63a30d3e0c623b3d9a5c34eadd73ec7558b3,57/575f63a30d3e0c623b3d9a5c34eadd73ec7558b3,16818,ogg,minecraft/sounds/block/chiseled_bookshelf/break5.ogg,block.chiseled_bookshelf.break;block.chiseled_bookshelf.place,已由Minecraft Java 1.20.1 asset index解析
5773e41833f3dfd4882bc470a6dd3302a4c63950,57/5773e41833f3dfd4882bc470a6dd3302a4c63950,18685,ogg,minecraft/sounds/item/trident/throw2.ogg,entity.drowned.shoot;item.trident.throw,已由Minecraft Java 1.20.1 asset index解析
5797e5fa721295e35de33d132ae6de002ad1c378,57/5797e5fa721295e35de33d132ae6de002ad1c378,18176,ogg,minecraft/sounds/block/nether_sprouts/step4.ogg,block.nether_sprouts.fall;block.nether_sprouts.hit;block.nether_sprouts.step,已由Minecraft Java 1.20.1 asset index解析
57aead4d024109b4ed37dcf4c73ae44ed06f04a8,57/57aead4d024109b4ed37dcf4c73ae44ed06f04a8,7104,ogg,minecraft/sounds/mob/villager/haggle1.ogg,entity.villager.trade,已由Minecraft Java 1.20.1 asset index解析
57b54789999ded5a14976061ec741ec722061661,57/57b54789999ded5a14976061ec741ec722061661,32809,ogg,minecraft/sounds/item/trident/riptide1.ogg,item.trident.riptide_1,已由Minecraft Java 1.20.1 asset index解析
5803b4caae0b3e7895f6e7f7be0b2d0b4066a92f,58/5803b4caae0b3e7895f6e7f7be0b2d0b4066a92f,11342,ogg,,,未在Java 1.20.1 asset index中解析（可能来自其他版本/历史缓存）
580a2de441d8caa949758dfb193ba3e6ab4ee61d,58/580a2de441d8caa949758dfb193ba3e6ab4ee61d,11975,ogg,minecraft/sounds/mob/polarbear/warning2.ogg,entity.polar_bear.warning,已由Minecraft Java 1.20.1 asset index解析
58516e499854a37b0ef09a4a94e57ac2825a5ab7,58/58516e499854a37b0ef09a4a94e57ac2825a5ab7,30165,ogg,,,未在Java 1.20.1 asset index中解析（可能来自其他版本/历史缓存）
586020ef70393701adbdef23720da91022ebd676,58/586020ef70393701adbdef23720da91022ebd676,21026,ogg,minecraft/sounds/block/ancient_debris/break5.ogg,block.ancient_debris.break;block.ancient_debris.place,已由Minecraft Java 1.20.1 asset index解析
5865f90b323d89b3434a5b5c3bbb75028c5ed4d0,58/5865f90b323d89b3434a5b5c3bbb75028c5ed4d0,30394,ogg,minecraft/sounds/mob/wandering_trader/no3.ogg,entity.wandering_trader.no,已由Minecraft Java 1.20.1 asset index解析
586aaa54702dbad12becc220b9142970a6cf783b,58/586aaa54702dbad12becc220b9142970a6cf783b,23915,ogg,minecraft/sounds/block/chiseled_bookshelf/insert_enchanted4.ogg,block.chiseled_bookshelf.insert.enchanted,已由Minecraft Java 1.20.1 asset index解析
5887d10234c4f244ec5468080412f3e6ef9522f3,58/5887d10234c4f244ec5468080412f3e6ef9522f3,6567,ogg,minecraft/sounds/dig/snow2.ogg;minecraft/sounds/step/snow2.ogg,block.snow.break;block.snow.fall;block.snow.hit;block.snow.place;block.snow.step,已由Minecraft Java 1.20.1 asset index解析
588db45a8132cda050dfa447345b7d1a46774818,58/588db45a8132cda050dfa447345b7d1a46774818,23643,ogg,minecraft/sounds/mob/axolotl/hurt2.ogg,entity.axolotl.hurt,已由Minecraft Java 1.20.1 asset index解析
58d63232621aaa03e4d09598700561214e7c2477,58/58d63232621aaa03e4d09598700561214e7c2477,6649,ogg,minecraft/sounds/block/fence_gate/close2.ogg,block.fence_gate.close,已由Minecraft Java 1.20.1 asset index解析
58df3bb172e31b3e9df0aba6670f6f373bb44f6b,58/58df3bb172e31b3e9df0aba6670f6f373bb44f6b,17307,ogg,minecraft/sounds/mob/goat/impact2.ogg,entity.goat.ram_impact;entity.goat.screaming.ram_impact,已由Minecraft Java 1.20.1 asset index解析
58efedf302e0203a6ff9e59a6535d300286c5594,58/58efedf302e0203a6ff9e59a6535d300286c5594,5602,ogg,minecraft/sounds/mob/pig/say3.ogg,entity.pig.ambient;entity.pig.hurt,已由Minecraft Java 1.20.1 asset index解析
58f044e833493dcc6d8963b56cae23c8e0d2eee3,58/58f044e833493dcc6d8963b56cae23c8e0d2eee3,10677,ogg,minecraft/sounds/mob/polarbear/warning3.ogg,entity.polar_bear.warning,已由Minecraft Java 1.20.1 asset index解析
58fc87d6d9ea1b8967ad1ec6976864c802fe1519,58/58fc87d6d9ea1b8967ad1ec6976864c802fe1519,15859,ogg,,,未在Java 1.20.1 asset index中解析（可能来自其他版本/历史缓存）
58fdda424b9be880eca4a9da0d0aaf6ede10b4d2,58/58fdda424b9be880eca4a9da0d0aaf6ede10b4d2,55424,ogg,,,未在Java 1.20.1 asset index中解析（可能来自其他版本/历史缓存）
59034eb696e186d973dcea0b162f01e38f1b4f31,59/59034eb696e186d973dcea0b162f01e38f1b4f31,4819,ogg,minecraft/sounds/mob/sheep/step2.ogg,entity.sheep.step,已由Minecraft Java 1.20.1 asset index解析
591bb8451ac56723d2b689d9bc95c8020bb4809b,59/591bb8451ac56723d2b689d9bc95c8020bb4809b,6834,ogg,minecraft/sounds/entity/witch/hurt3.ogg,entity.witch.hurt,已由Minecraft Java 1.20.1 asset index解析
591f41a2c5f53bcc60d7ded982fe29e76223a8ca,59/591f41a2c5f53bcc60d7ded982fe29e76223a8ca,3704574,ogg,minecraft/sounds/music/game/creative/creative2.ogg,music.creative,已由Minecraft Java 1.20.1 asset index解析
5924db8c7a85e9eb03cc3bb2b2c297ef5930e521,59/5924db8c7a85e9eb03cc3bb2b2c297ef5930e521,30225,ogg,minecraft/sounds/block/pointed_dripstone/land4.ogg,block.pointed_dripstone.land,已由Minecraft Java 1.20.1 asset index解析
593ab48f7f92d6b84589222afdb2953f383cc78c,59/593ab48f7f92d6b84589222afdb2953f383cc78c,36440,ogg,minecraft/sounds/mob/zoglin/attack2.ogg,entity.zoglin.attack,已由Minecraft Java 1.20.1 asset index解析
5945ead240913eb66d8c78968a3fc775bbb5fec1,59/5945ead240913eb66d8c78968a3fc775bbb5fec1,55636,ogg,minecraft/sounds/block/sculk_shrieker/break5.ogg,block.sculk_shrieker.break,已由Minecraft Java 1.20.1 asset index解析
594be3eaea9a2b92095eeeb3b1e01e755dcb8ce2,59/594be3eaea9a2b92095eeeb3b1e01e755dcb8ce2,5900,ogg,minecraft/sounds/tile/piston/in.ogg,block.piston.contract,已由Minecraft Java 1.20.1 asset index解析
595b687c4da88dfafee324b6c500e1df7dead0eb,59/595b687c4da88dfafee324b6c500e1df7dead0eb,18881,ogg,minecraft/sounds/block/roots/step3.ogg,block.roots.fall;block.roots.hit;block.roots.step;block.weeping_vines.step,已由Minecraft Java 1.20.1 asset index解析
5973ab489e78ff58ffaf41225778758a1582c540,59/5973ab489e78ff58ffaf41225778758a1582c540,15414,ogg,minecraft/sounds/step/wet_grass6.ogg,block.wet_grass.fall;block.wet_grass.hit;block.wet_grass.step,已由Minecraft Java 1.20.1 asset index解析
597b939d2fc17a6746d854b38b6f020a09d607c5,59/597b939d2fc17a6746d854b38b6f020a09d607c5,14813,ogg,minecraft/sounds/mob/tadpole/hurt3.ogg,entity.tadpole.hurt,已由Minecraft Java 1.20.1 asset index解析
5982988ed5219cc0531f84784cfece94eec3f569,59/5982988ed5219cc0531f84784cfece94eec3f569,40705,ogg,minecraft/sounds/mob/turtle/baby/egg_hatched1.ogg,entity.turtle.egg_hatch,已由Minecraft Java 1.20.1 asset index解析
5985e73faa571a80ce67ea3ced8f90483bf942d6,59/5985e73faa571a80ce67ea3ced8f90483bf942d6,12219,ogg,minecraft/sounds/block/decorated_pot/step2.ogg,block.decorated_pot.fall;block.decorated_pot.hit;block.decorated_pot.step,已由Minecraft Java 1.20.1 asset index解析
598c94848e3e66bc34b3dde36ee29ac51146cf8c,59/598c94848e3e66bc34b3dde36ee29ac51146cf8c,28604,ogg,minecraft/sounds/mob/cat/beg3.ogg,entity.cat.beg_for_food,已由Minecraft Java 1.20.1 asset index解析
598e89c3a8b5049179e11e8501d90a44c89fa2b6,59/598e89c3a8b5049179e11e8501d90a44c89fa2b6,42169,ogg,minecraft/sounds/mob/sniffer/happy5.ogg,entity.sniffer.happy,已由Minecraft Java 1.20.1 asset index解析
59b19db75e4d9c5bc98d36bf2ad95fea9695c9be,59/59b19db75e4d9c5bc98d36bf2ad95fea9695c9be,40204,ogg,minecraft/sounds/mob/ravager/idle7.ogg,entity.parrot.imitate.ravager;entity.ravager.ambient,已由Minecraft Java 1.20.1 asset index解析
59b72a547ac80457463715a7cc24b03197653f60,59/59b72a547ac80457463715a7cc24b03197653f60,6572,ogg,minecraft/sounds/mob/vindication_illager/idle3.ogg,entity.parrot.imitate.vindicator;entity.vindicator.ambient,已由Minecraft Java 1.20.1 asset index解析
59c5e6354e6693e911641b68d0cbd9bd64bcc9dc,59/59c5e6354e6693e911641b68d0cbd9bd64bcc9dc,15248,ogg,minecraft/sounds/mob/frog/step2.ogg,entity.frog.step,已由Minecraft Java 1.20.1 asset index解析
59cc8b47d9e893e6e329ae8477f3bcb7ef71166f,59/59cc8b47d9e893e6e329ae8477f3bcb7ef71166f,13683,ogg,,,未在Java 1.20.1 asset index中解析（可能来自其他版本/历史缓存）
59eba31f2283b74b3683d7d2759f83e412342421,59/59eba31f2283b74b3683d7d2759f83e412342421,20197,ogg,minecraft/sounds/block/nether_wood_door/toggle2.ogg,block.nether_wood_door.close;block.nether_wood_door.open,已由Minecraft Java 1.20.1 asset index解析
59f4b7fc2d26a2c35125c97c6c535f545ea92fd8,59/59f4b7fc2d26a2c35125c97c6c535f545ea92fd8,54774,ogg,,,未在Java 1.20.1 asset index中解析（可能来自其他版本/历史缓存）
59f54257a2c6f7aced62b589fd7df46efc3a9a9b,59/59f54257a2c6f7aced62b589fd7df46efc3a9a9b,37043,ogg,minecraft/sounds/mob/frog/idle7.ogg,entity.frog.ambient;entity.tadpole.grow_up,已由Minecraft Java 1.20.1 asset index解析
5a01ef120c2b29f2f4bfabc5febf25fbe38620bc,5a/5a01ef120c2b29f2f4bfabc5febf25fbe38620bc,17298,ogg,,,未在Java 1.20.1 asset index中解析（可能来自其他版本/历史缓存）
5a1746448c594e0a59941912bce82bb8fa0406ea,5a/5a1746448c594e0a59941912bce82bb8fa0406ea,16156,ogg,minecraft/sounds/block/cherry_wood_hanging_sign/step1.ogg,block.cherry_wood_hanging_sign.fall;block.cherry_wood_hanging_sign.hit;block.cherry_wood_hanging_sign.step,已由Minecraft Java 1.20.1 asset index解析
5a2449cc3d4a6ad36598847e501f956e5a3528bd,5a/5a2449cc3d4a6ad36598847e501f956e5a3528bd,12258,ogg,minecraft/sounds/mob/magmacube/jump3.ogg,entity.magma_cube.jump,已由Minecraft Java 1.20.1 asset index解析
5a25e46c2e04a151df997af3824a8f37eb0a6826,5a/5a25e46c2e04a151df997af3824a8f37eb0a6826,22166,ogg,minecraft/sounds/mob/fox/sniff1.ogg,entity.fox.sniff,已由Minecraft Java 1.20.1 asset index解析
5a3407cf5481a839159f7ebd1d32e245ae888cfc,5a/5a3407cf5481a839159f7ebd1d32e245ae888cfc,25132,ogg,minecraft/sounds/mob/irongolem/damage1.ogg,entity.iron_golem.damage,已由Minecraft Java 1.20.1 asset index解析
5a368ed32b3357e31629451ace57eb30d90e8874,5a/5a368ed32b3357e31629451ace57eb30d90e8874,10617,ogg,minecraft/sounds/mob/enderdragon/wings1.ogg,entity.ender_dragon.flap,已由Minecraft Java 1.20.1 asset index解析
5a7ce2181203dd558cbd55d02081b9e95a07f16f,5a/5a7ce2181203dd558cbd55d02081b9e95a07f16f,2783300,ogg,minecraft/sounds/music/game/nether/nether2.ogg,music.nether.basalt_deltas;music.nether.crimson_forest;music.nether.nether_wastes;music.nether.soul_sand_valley,已由Minecraft Java 1.20.1 asset index解析
5a8e96c767176eed1659a3a66b557f01b23a5563,5a/5a8e96c767176eed1659a3a66b557f01b23a5563,49560,ogg,minecraft/sounds/item/brush/brushing_gravel_complete3.ogg,item.brush.brushing.gravel.complete,已由Minecraft Java 1.20.1 asset index解析
5ab2c3c68f400aecbabf63706e39c5b9d2f9e012,5a/5ab2c3c68f400aecbabf63706e39c5b9d2f9e012,20024,ogg,minecraft/sounds/block/sculk_sensor/sculk_clicking_stop3.ogg,block.sculk_sensor.clicking_stop,已由Minecraft Java 1.20.1 asset index解析
5ab9fe55e715efe42f1568230c9009bb480ddda3,5a/5ab9fe55e715efe42f1568230c9009bb480ddda3,600795,json/text,,,未在Java 1.20.1 asset index中解析；本对象不是已识别OGG音频
5ae2932c72fe01bb7de76feea2a5c98cc4f01677,5a/5ae2932c72fe01bb7de76feea2a5c98cc4f01677,7372,ogg,minecraft/sounds/mob/stray/idle1.ogg,entity.parrot.imitate.stray;entity.stray.ambient,已由Minecraft Java 1.20.1 asset index解析
5aeca4ea83856cb034b6e3a5e3e89ba8f8d51b20,5a/5aeca4ea83856cb034b6e3a5e3e89ba8f8d51b20,22301,ogg,minecraft/sounds/block/bamboo_wood_fence/toggle1.ogg,block.bamboo_wood_fence_gate.close;block.bamboo_wood_fence_gate.open,已由Minecraft Java 1.20.1 asset index解析
5b16028a58fbd888b1ccc5062e2592b2995a159a,5b/5b16028a58fbd888b1ccc5062e2592b2995a159a,21143,ogg,minecraft/sounds/block/honeyblock/break1.ogg,block.honey_block.break;block.honey_block.place,已由Minecraft Java 1.20.1 asset index解析
5b1675279bbc245fc6bbb705de8ea09fb3f32b53,5b/5b1675279bbc245fc6bbb705de8ea09fb3f32b53,7205,ogg,minecraft/sounds/mob/silverfish/hit3.ogg,entity.endermite.hurt;entity.silverfish.hurt,已由Minecraft Java 1.20.1 asset index解析
5b19b7820df79b741e48cdbef53640d4fcfaa4ca,5b/5b19b7820df79b741e48cdbef53640d4fcfaa4ca,761318,json/text,,,未在Java 1.20.1 asset index中解析；本对象不是已识别OGG音频
5b23e75841887fc78eaf1767c46ae1701067e181,5b/5b23e75841887fc78eaf1767c46ae1701067e181,52011,ogg,minecraft/sounds/mob/drowned/idle5.ogg,entity.drowned.ambient;entity.parrot.imitate.drowned,已由Minecraft Java 1.20.1 asset index解析
5b34ba0048947e1cfa8b4b8e31b8ade167147dfd,5b/5b34ba0048947e1cfa8b4b8e31b8ade167147dfd,18992,ogg,minecraft/sounds/mob/sniffer/eat1.ogg,entity.sniffer.eat,已由Minecraft Java 1.20.1 asset index解析
5b3ae419f7f7648568f0b5303594078aea12f598,5b/5b3ae419f7f7648568f0b5303594078aea12f598,17469590,ogg,minecraft/sounds/music/game/stand_tall.ogg,music.overworld.frozen_peaks;music.overworld.jagged_peaks;music.overworld.snowy_slopes;music.overworld.stony_peaks,已由Minecraft Java 1.20.1 asset index解析
5b59d46c9b78386f262be9fea5c7f1f0c730c91c,5b/5b59d46c9b78386f262be9fea5c7f1f0c730c91c,35945,ogg,minecraft/sounds/block/sculk_catalyst/break6.ogg,block.sculk_catalyst.break,已由Minecraft Java 1.20.1 asset index解析
5b5b74b0cd579484d68b432ce9ae119f60dfdda2,5b/5b5b74b0cd579484d68b432ce9ae119f60dfdda2,49323,ogg,minecraft/sounds/block/sculk_sensor/break5.ogg,block.sculk_sensor.break,已由Minecraft Java 1.20.1 asset index解析
5b66f85f4091d100117bd6ea7f49543f7bb682e0,5b/5b66f85f4091d100117bd6ea7f49543f7bb682e0,57135,ogg,minecraft/sounds/liquid/swim5.ogg,entity.drowned.swim;entity.player.swim,已由Minecraft Java 1.20.1 asset index解析
5b77ff327bbd130a9263391cb49c3a47511a88be,5b/5b77ff327bbd130a9263391cb49c3a47511a88be,67064,ogg,minecraft/sounds/block/conduit/attack1.ogg,block.conduit.attack.target,已由Minecraft Java 1.20.1 asset index解析
5b99bfd4234e34e0c0c64b35523b4efbe2eeeb0f,5b/5b99bfd4234e34e0c0c64b35523b4efbe2eeeb0f,567194,json/text,,,未在Java 1.20.1 asset index中解析；本对象不是已识别OGG音频
5baca02dca7ecee14f6f162cdddb0111d63d7482,5b/5baca02dca7ecee14f6f162cdddb0111d63d7482,8991,ogg,,,未在Java 1.20.1 asset index中解析（可能来自其他版本/历史缓存）
5bad2e5f2b36e7f81d048dee12e3ccf4fd2902a0,5b/5bad2e5f2b36e7f81d048dee12e3ccf4fd2902a0,17534,ogg,minecraft/sounds/block/azalea/step1.ogg,block.azalea.fall;block.azalea.hit;block.azalea.step;block.flowering_azalea.fall;block.flowering_azalea.hit;block.flowering_azalea.step,已由Minecraft Java 1.20.1 asset index解析
5bad95636a2b11e4e4d85d1435b8f392229a0416,5b/5bad95636a2b11e4e4d85d1435b8f392229a0416,22907,ogg,minecraft/sounds/block/nether_sprouts/step2.ogg,block.nether_sprouts.fall;block.nether_sprouts.hit;block.nether_sprouts.step,已由Minecraft Java 1.20.1 asset index解析
5bb5a04e776d69ca12b1d7bc369975f9bf62e741,5b/5bb5a04e776d69ca12b1d7bc369975f9bf62e741,7536,ogg,minecraft/sounds/random/door_open.ogg,,已由Minecraft Java 1.20.1 asset index解析
5bb6ff790e44bd2cedb0929fd040f0b847fbcd14,5b/5bb6ff790e44bd2cedb0929fd040f0b847fbcd14,20882,ogg,,,未在Java 1.20.1 asset index中解析（可能来自其他版本/历史缓存）
5c2c79ef9f1997785a709921471078e1387b558c,5c/5c2c79ef9f1997785a709921471078e1387b558c,22367,ogg,,,未在Java 1.20.1 asset index中解析（可能来自其他版本/历史缓存）
5c39dec69b8093f9accf712fe21f9f8bae102991,5c/5c39dec69b8093f9accf712fe21f9f8bae102991,32813,ogg,minecraft/sounds/block/amethyst/break4.ogg,block.amethyst_block.break,已由Minecraft Java 1.20.1 asset index解析
5c46b478067d883d19756255b7fb132c686389b7,5c/5c46b478067d883d19756255b7fb132c686389b7,44452,ogg,minecraft/sounds/mob/dolphin/swim1.ogg,entity.axolotl.swim;entity.dolphin.swim,已由Minecraft Java 1.20.1 asset index解析
5c46ca87e40c89ab251f385325c9c90389120ae5,5c/5c46ca87e40c89ab251f385325c9c90389120ae5,570184,json/text,,,未在Java 1.20.1 asset index中解析；本对象不是已识别OGG音频
5c4ae57d8ff29ed4adfc3f5f5b2a685acc41d168,5c/5c4ae57d8ff29ed4adfc3f5f5b2a685acc41d168,13784,ogg,,,未在Java 1.20.1 asset index中解析（可能来自其他版本/历史缓存）
5c4cbba7fe4bc8214708f93f4db54102660a281d,5c/5c4cbba7fe4bc8214708f93f4db54102660a281d,7371,ogg,minecraft/sounds/entity/shulker/ambient4.ogg,entity.parrot.imitate.shulker;entity.shulker.ambient,已由Minecraft Java 1.20.1 asset index解析
5c5c046607c1694ef1af630729921e3551e4b5e8,5c/5c5c046607c1694ef1af630729921e3551e4b5e8,11255,ogg,minecraft/sounds/mob/guardian/land_death.ogg,entity.elder_guardian.death_land;entity.guardian.death_land,已由Minecraft Java 1.20.1 asset index解析
5c633c345fe4cb87c36ada2fe2b5da1b80601cf3,5c/5c633c345fe4cb87c36ada2fe2b5da1b80601cf3,6269,ogg,minecraft/sounds/mob/magmacube/small1.ogg,entity.magma_cube.squish_small,已由Minecraft Java 1.20.1 asset index解析
5c84f54276722bea66088e2774e0fcd00929ae58,5c/5c84f54276722bea66088e2774e0fcd00929ae58,9529,ogg,minecraft/sounds/block/decorated_pot/break1.ogg,block.decorated_pot.break;block.decorated_pot.place,已由Minecraft Java 1.20.1 asset index解析
5c971029d9284676dce1dda2c9d202f8c47163b2,5c/5c971029d9284676dce1dda2c9d202f8c47163b2,8131,ogg,minecraft/sounds/step/grass2.ogg,block.grass.fall;block.grass.hit;block.grass.step;block.vine.hit,已由Minecraft Java 1.20.1 asset index解析
5cb45773f1d399db399d0214efc75f3ade0f81d5,5c/5cb45773f1d399db399d0214efc75f3ade0f81d5,25379,ogg,minecraft/sounds/item/brush/brushing_gravel1.ogg,item.brush.brushing.gravel,已由Minecraft Java 1.20.1 asset index解析
5cc75e9e824a6ae798e657282694cc4174bfdd15,5c/5cc75e9e824a6ae798e657282694cc4174bfdd15,19377,ogg,minecraft/sounds/block/campfire/crackle1.ogg,block.campfire.crackle,已由Minecraft Java 1.20.1 asset index解析
5cc7da22ff9cdea9175c8496c3e683d0ce97c9e2,5c/5cc7da22ff9cdea9175c8496c3e683d0ce97c9e2,7554,ogg,minecraft/sounds/entity/shulker/ambient6.ogg,entity.parrot.imitate.shulker;entity.shulker.ambient,已由Minecraft Java 1.20.1 asset index解析
5cca35534cc2ee3529d39b7ccc12b437955e0683,5c/5cca35534cc2ee3529d39b7ccc12b437955e0683,21404,ogg,minecraft/sounds/block/roots/break2.ogg,block.roots.break;block.roots.place;block.weeping_vines.break;block.weeping_vines.fall;block.weeping_vines.hit;block.weeping_vines.place,已由Minecraft Java 1.20.1 asset index解析
5cd1caeb2b7c35e58c57a90eed97be8cd893e499,5c/5cd1caeb2b7c35e58c57a90eed97be8cd893e499,4075,ogg,minecraft/sounds/entity/itemframe/rotate_item4.ogg,entity.glow_item_frame.rotate_item;entity.item_frame.rotate_item,已由Minecraft Java 1.20.1 asset index解析
5cd6d485bacdd9aa902bb5cff5660df3ad0414d4,5c/5cd6d485bacdd9aa902bb5cff5660df3ad0414d4,14782,ogg,minecraft/sounds/mob/cat/stray/idle4.ogg,entity.cat.stray_ambient,已由Minecraft Java 1.20.1 asset index解析
5cd9aeed7935512da58a07eafbbad6df39255e14,5c/5cd9aeed7935512da58a07eafbbad6df39255e14,15914,ogg,minecraft/sounds/mob/horse/skeleton/water/soft4.ogg,entity.skeleton_horse.step_water,已由Minecraft Java 1.20.1 asset index解析
5cde2500773323f7997d75062f8a26afcdf62b2e,5c/5cde2500773323f7997d75062f8a26afcdf62b2e,6269,ogg,minecraft/sounds/mob/slime/small1.ogg,block.slime_block.fall;block.slime_block.hit;block.slime_block.step;entity.magma_cube.death_small;entity.magma_cube.hurt_small;entity.slime.death_small;entity.slime.hurt_small;entity.slime.jump_small;entity.slime.squish_small,已由Minecraft Java 1.20.1 asset index解析
5cf323a496d65365dbcc7eb219a4fcc0bb5f57a1,5c/5cf323a496d65365dbcc7eb219a4fcc0bb5f57a1,15043,ogg,minecraft/sounds/block/chiseled_bookshelf/insert4.ogg,block.chiseled_bookshelf.insert,已由Minecraft Java 1.20.1 asset index解析
5cf6dbeffb4ac68ea0ab5d5012dd65cda2cd0ae9,5c/5cf6dbeffb4ac68ea0ab5d5012dd65cda2cd0ae9,19613,ogg,minecraft/sounds/block/nether_ore/break3.ogg,block.gilded_blackstone.break;block.gilded_blackstone.place;block.nether_gold_ore.break;block.nether_gold_ore.place;block.nether_ore.break;block.nether_ore.place,已由Minecraft Java 1.20.1 asset index解析
5cfda81340c5acd35ac94bfd0b908579d05d8770,5c/5cfda81340c5acd35ac94bfd0b908579d05d8770,21125,ogg,minecraft/sounds/block/roots/break6.ogg,block.roots.break;block.roots.place;block.weeping_vines.break;block.weeping_vines.fall;block.weeping_vines.hit;block.weeping_vines.place,已由Minecraft Java 1.20.1 asset index解析
5d1047ea9d5a37a9b6568a5027d809fdbd3bba8c,5d/5d1047ea9d5a37a9b6568a5027d809fdbd3bba8c,19350,ogg,minecraft/sounds/mob/goat/impact1.ogg,entity.goat.ram_impact;entity.goat.screaming.ram_impact,已由Minecraft Java 1.20.1 asset index解析
5d19075995133236a29995f9cb1929294e3df59e,5d/5d19075995133236a29995f9cb1929294e3df59e,16412,ogg,minecraft/sounds/block/vine/climb3.ogg,block.cave_vines.fall;block.cave_vines.hit;block.cave_vines.step;block.vine.fall;block.vine.step,已由Minecraft Java 1.20.1 asset index解析
5d2949b53422c2f41c75da6167c771adb6e34cfb,5d/5d2949b53422c2f41c75da6167c771adb6e34cfb,174314,ogg,minecraft/sounds/mob/sniffer/longdig2.ogg,entity.sniffer.digging,已由Minecraft Java 1.20.1 asset index解析
5d47ae5d6827caf228d77f407ab143d107896c65,5d/5d47ae5d6827caf228d77f407ab143d107896c65,17826,ogg,minecraft/sounds/item/bundle/remove_one1.ogg,item.bundle.remove_one,已由Minecraft Java 1.20.1 asset index解析
5d4fe362c17d084874084c64e9023c346da1c3f7,5d/5d4fe362c17d084874084c64e9023c346da1c3f7,19907,ogg,minecraft/sounds/mob/ravager/bite1.ogg,entity.ravager.attack,已由Minecraft Java 1.20.1 asset index解析
5d5921f03b10ef767eaf5f4edb9f3b1643b8f84d,5d/5d5921f03b10ef767eaf5f4edb9f3b1643b8f84d,29245,ogg,minecraft/sounds/mob/wandering_trader/haggle1.ogg,entity.wandering_trader.trade,已由Minecraft Java 1.20.1 asset index解析
5d77fee9d07fedef9495297214a71ba626856023,5d/5d77fee9d07fedef9495297214a71ba626856023,47892,ogg,minecraft/sounds/block/conduit/short8.ogg,block.conduit.ambient.short,已由Minecraft Java 1.20.1 asset index解析
5d78e883f8bf8123261a5b05cf90cb5cc020fa6e,5d/5d78e883f8bf8123261a5b05cf90cb5cc020fa6e,4463,ogg,minecraft/sounds/entity/player/attack/weak3.ogg,entity.player.attack.nodamage;entity.player.attack.weak,已由Minecraft Java 1.20.1 asset index解析
5d847e679f297ce71258c6724d1a3840362dde7d,5d/5d847e679f297ce71258c6724d1a3840362dde7d,24247,ogg,minecraft/sounds/block/roots/break3.ogg,block.roots.break;block.roots.place;block.weeping_vines.break;block.weeping_vines.fall;block.weeping_vines.hit;block.weeping_vines.place,已由Minecraft Java 1.20.1 asset index解析
5d8ce0540e1958840cb4d753443f8221d1bdaf1a,5d/5d8ce0540e1958840cb4d753443f8221d1bdaf1a,17106,ogg,minecraft/sounds/block/bamboo_wood/break4.ogg,block.bamboo_wood.break;block.bamboo_wood.place,已由Minecraft Java 1.20.1 asset index解析
5d8f621599a2154c441f78452be0903fb44cf32d,5d/5d8f621599a2154c441f78452be0903fb44cf32d,21561,ogg,minecraft/sounds/mob/strider/happy4.ogg,entity.strider.happy,已由Minecraft Java 1.20.1 asset index解析
5d9055cf25f126c47e18637aeef917fa1ef61a42,5d/5d9055cf25f126c47e18637aeef917fa1ef61a42,6870,ogg,minecraft/sounds/mob/sheep/shear.ogg,block.growing_plant.crop;entity.mooshroom.shear;entity.sheep.shear;entity.snow_golem.shear,已由Minecraft Java 1.20.1 asset index解析
5d9a0fe67d76e23dbb251c068d306ffd33edcc6d,5d/5d9a0fe67d76e23dbb251c068d306ffd33edcc6d,10085,ogg,,,未在Java 1.20.1 asset index中解析（可能来自其他版本/历史缓存）
5dac0e85e722c9238e95439970693f1838106acd,5d/5dac0e85e722c9238e95439970693f1838106acd,23683,ogg,minecraft/sounds/block/honeyblock/step5.ogg,block.honey_block.fall;block.honey_block.hit;block.honey_block.step,已由Minecraft Java 1.20.1 asset index解析
5dd32ce63e2ff412c0c1009255e944fae80b03b0,5d/5dd32ce63e2ff412c0c1009255e944fae80b03b0,18069569,ogg,minecraft/sounds/music/game/wending.ogg,music.overworld.dripstone_caves;music.overworld.grove;music.overworld.jagged_peaks;music.overworld.stony_peaks,已由Minecraft Java 1.20.1 asset index解析
5def13c4e70335dcd666ab1b15488185e6b6bbc6,5d/5def13c4e70335dcd666ab1b15488185e6b6bbc6,38711,ogg,minecraft/sounds/mob/allay/item_given4.ogg,entity.allay.item_given,已由Minecraft Java 1.20.1 asset index解析
5df3937b1dc42801133faa7db0777993001a0e6c,5d/5df3937b1dc42801133faa7db0777993001a0e6c,8723,ogg,,,未在Java 1.20.1 asset index中解析（可能来自其他版本/历史缓存）
5df4a02b1ebc550514841fddb7d64b9c497d40b4,5d/5df4a02b1ebc550514841fddb7d64b9c497d40b4,10948,ogg,minecraft/sounds/mob/villager/idle2.ogg,entity.villager.ambient,已由Minecraft Java 1.20.1 asset index解析
5e2ef521293719bbe22bbb515bbcacf4c233a075,5e/5e2ef521293719bbe22bbb515bbcacf4c233a075,5518,ogg,minecraft/sounds/mob/slime/small2.ogg,block.slime_block.fall;block.slime_block.hit;block.slime_block.step;entity.magma_cube.death_small;entity.magma_cube.hurt_small;entity.slime.death_small;entity.slime.hurt_small;entity.slime.jump_small;entity.slime.squish_small,已由Minecraft Java 1.20.1 asset index解析
5e49444266bf88c2006233a811561272ad8f157f,5e/5e49444266bf88c2006233a811561272ad8f157f,5280,ogg,minecraft/sounds/block/wooden_trapdoor/close2.ogg,block.wooden_trapdoor.close,已由Minecraft Java 1.20.1 asset index解析
5e64ed082336f118a07fbaa08616c94815546f8a,5e/5e64ed082336f118a07fbaa08616c94815546f8a,8995,ogg,minecraft/sounds/mob/stray/hurt3.ogg,entity.stray.hurt,已由Minecraft Java 1.20.1 asset index解析
5e7800f8ca54ee32cf7c603206b174298db3d680,5e/5e7800f8ca54ee32cf7c603206b174298db3d680,15356,ogg,minecraft/sounds/block/nether_bricks/step4.ogg,block.nether_bricks.fall;block.nether_bricks.hit;block.nether_bricks.step,已由Minecraft Java 1.20.1 asset index解析
5e7d63e75c6e042f452bc5e151276911ef92fed8,5e/5e7d63e75c6e042f452bc5e151276911ef92fed8,2558252,ogg,minecraft/sounds/music/game/hal4.ogg,music.creative;music.game;music.overworld.badlands;music.overworld.bamboo_jungle;music.overworld.desert;music.overworld.dripstone_caves;music.overworld.flower_forest;music.overworld.forest;music.overworld.frozen_peaks;music.overworld.jungle;music.overworld.meadow;music.overworld.old_growth_taiga;music.overworld.sparse_jungle;music.overworld.stony_peaks,已由Minecraft Java 1.20.1 asset index解析
5e8bc6feae574a7c03b76e15def990a0312e8dfa,5e/5e8bc6feae574a7c03b76e15def990a0312e8dfa,40485,ogg,minecraft/sounds/mob/dolphin/death2.ogg,entity.dolphin.death,已由Minecraft Java 1.20.1 asset index解析
5e971b2a4881d40d771da3e6798ebc423ea4bf23,5e/5e971b2a4881d40d771da3e6798ebc423ea4bf23,19701,ogg,minecraft/sounds/block/roots/break4.ogg,block.roots.break;block.roots.place;block.weeping_vines.break;block.weeping_vines.fall;block.weeping_vines.hit;block.weeping_vines.place,已由Minecraft Java 1.20.1 asset index解析
5ebe9a655de4ff8510a2c58e74d25a65ce6c8ad1,5e/5ebe9a655de4ff8510a2c58e74d25a65ce6c8ad1,4004,ogg,minecraft/sounds/entity/itemframe/rotate_item2.ogg,entity.glow_item_frame.rotate_item;entity.item_frame.rotate_item,已由Minecraft Java 1.20.1 asset index解析
5ec2f9a4b99b837305ba36eff204dc60614206ba,5e/5ec2f9a4b99b837305ba36eff204dc60614206ba,13775,ogg,minecraft/sounds/mob/panda/sneeze1.ogg,entity.panda.sneeze,已由Minecraft Java 1.20.1 asset index解析
5ec5275e38f39507062fbb17d8c6b253fbfc5963,5e/5ec5275e38f39507062fbb17d8c6b253fbfc5963,17178,ogg,minecraft/sounds/mob/camel/step_sand6.ogg,entity.camel.step_sand,已由Minecraft Java 1.20.1 asset index解析
5ed98b8375fd787baf19d7d434f0333a189ccb51,5e/5ed98b8375fd787baf19d7d434f0333a189ccb51,8738,ogg,minecraft/sounds/mob/wither_skeleton/step3.ogg,entity.wither_skeleton.step,已由Minecraft Java 1.20.1 asset index解析
5f0618d264e980e49f589f58f61c201c88bba14b,5f/5f0618d264e980e49f589f58f61c201c88bba14b,183635,ogg,minecraft/sounds/ambient/nether/soulsand_valley/voices4.ogg,ambient.soul_sand_valley.additions,已由Minecraft Java 1.20.1 asset index解析
5f0bd82694b411010056dc303a76f26229189f57,5f/5f0bd82694b411010056dc303a76f26229189f57,41935,ogg,minecraft/sounds/mob/warden/sonic_charge4.ogg,entity.warden.sonic_charge,已由Minecraft Java 1.20.1 asset index解析
5f103967783fc87911fb2b4786d3b52510b0831c,5f/5f103967783fc87911fb2b4786d3b52510b0831c,22179,ogg,minecraft/sounds/block/pointed_dripstone/drip_water_cauldron1.ogg,block.pointed_dripstone.drip_water_into_cauldron,已由Minecraft Java 1.20.1 asset index解析
5f3412ca2fe0141a412dfd66567aa13a26e89ec1,5f/5f3412ca2fe0141a412dfd66567aa13a26e89ec1,7840,ogg,minecraft/sounds/block/enderchest/close.ogg,block.ender_chest.close,已由Minecraft Java 1.20.1 asset index解析
5f35f2d69a4ac53c203103ce1d6e7792521fde03,5f/5f35f2d69a4ac53c203103ce1d6e7792521fde03,40613,ogg,minecraft/sounds/mob/goat/idle4.ogg,entity.goat.ambient;entity.goat.screaming.ambient,已由Minecraft Java 1.20.1 asset index解析
5f4b4f79c04df853893c38c64f40d625e5e96929,5f/5f4b4f79c04df853893c38c64f40d625e5e96929,48853,ogg,minecraft/sounds/mob/dolphin/swim2.ogg,entity.axolotl.swim;entity.dolphin.swim,已由Minecraft Java 1.20.1 asset index解析
5f8556f723c34a345892f9b668af94d69d68d68d,5f/5f8556f723c34a345892f9b668af94d69d68d68d,30489,ogg,,,未在Java 1.20.1 asset index中解析（可能来自其他版本/历史缓存）
5f8e4d7bdbe3f6758b109d1662cd55c926616d6f,5f/5f8e4d7bdbe3f6758b109d1662cd55c926616d6f,154024,ogg,minecraft/sounds/ambient/nether/soulsand_valley/mood4.ogg,ambient.soul_sand_valley.mood,已由Minecraft Java 1.20.1 asset index解析
5fa52f2e49e446e466b721937cc168bba734ef33,5f/5fa52f2e49e446e466b721937cc168bba734ef33,4525,ogg,minecraft/sounds/entity/player/attack/weak4.ogg,entity.player.attack.nodamage;entity.player.attack.weak,已由Minecraft Java 1.20.1 asset index解析
5fa87b6c86c70f2b59d9cefbaf72d22b5ecc0e4f,5f/5fa87b6c86c70f2b59d9cefbaf72d22b5ecc0e4f,28307,ogg,,,未在Java 1.20.1 asset index中解析（可能来自其他版本/历史缓存）
5faa68db1a4b77ed66a0a7e412d6b26156fba2b7,5f/5faa68db1a4b77ed66a0a7e412d6b26156fba2b7,19895,ogg,,,未在Java 1.20.1 asset index中解析（可能来自其他版本/历史缓存）
5fbdb7643f073a8ea5b6f52cab859464d7be2f6d,5f/5fbdb7643f073a8ea5b6f52cab859464d7be2f6d,40770,ogg,minecraft/sounds/mob/horse/skeleton/water/idle1.ogg,entity.skeleton_horse.ambient_water,已由Minecraft Java 1.20.1 asset index解析
5fcc56a307bcb273fc844aa7ca0e7fd449411704,5f/5fcc56a307bcb273fc844aa7ca0e7fd449411704,99456,ogg,minecraft/sounds/item/goat_horn/call2.ogg,item.goat_horn.sound.2,已由Minecraft Java 1.20.1 asset index解析
5fd3f987b3721ae098042845d2f7712512633bc8,5f/5fd3f987b3721ae098042845d2f7712512633bc8,23634,ogg,minecraft/sounds/block/bamboo_wood/step5.ogg,block.bamboo_wood.fall;block.bamboo_wood.hit;block.bamboo_wood.step,已由Minecraft Java 1.20.1 asset index解析
5fd434e7b4c26ed4367ef44f606ac34f7c9c35f2,5f/5fd434e7b4c26ed4367ef44f606ac34f7c9c35f2,13417,ogg,minecraft/sounds/item/brush/brushing_generic1.ogg,item.brush.brushing.generic,已由Minecraft Java 1.20.1 asset index解析
5fd568d724ba7d53911b6cccf5636f859d2662e8,5f/5fd568d724ba7d53911b6cccf5636f859d2662e8,4832,ogg,minecraft/sounds/dig/cloth1.ogg;minecraft/sounds/step/cloth1.ogg,block.wool.break;block.wool.fall;block.wool.hit;block.wool.place;block.wool.step,已由Minecraft Java 1.20.1 asset index解析
5fd6b4f425c513c1d339aa1f96ec2453cd7c06fc,5f/5fd6b4f425c513c1d339aa1f96ec2453cd7c06fc,15479,ogg,minecraft/sounds/item/trident/throw1.ogg,entity.drowned.shoot;item.trident.throw,已由Minecraft Java 1.20.1 asset index解析
5fdb7dfaaead3fac114c06fe7079426fdff0172f,5f/5fdb7dfaaead3fac114c06fe7079426fdff0172f,24584,ogg,minecraft/sounds/block/cherry_leaves/step4.ogg,block.cherry_leaves.fall;block.cherry_leaves.hit;block.cherry_leaves.step;block.pink_petals.fall;block.pink_petals.hit;block.pink_petals.step,已由Minecraft Java 1.20.1 asset index解析
5ff04807c356f1beed0b86ccf659b44b9983e3fa,5f/5ff04807c356f1beed0b86ccf659b44b9983e3fa,781,png,icons/icon_16x16.png,,已由Minecraft Java 1.20.1 asset index解析
6021b099c2fa05c9c44b4edc12862fac5867c54b,60/6021b099c2fa05c9c44b4edc12862fac5867c54b,12143,ogg,minecraft/sounds/mob/fox/bite3.ogg,entity.fox.bite,已由Minecraft Java 1.20.1 asset index解析
603f17073b0ed21701163b2aad1afb02111a8ed3,60/603f17073b0ed21701163b2aad1afb02111a8ed3,10766,ogg,minecraft/sounds/mob/husk/hurt2.ogg,entity.husk.hurt,已由Minecraft Java 1.20.1 asset index解析
6052cacd15b52952a134d16be64317624c69c90b,60/6052cacd15b52952a134d16be64317624c69c90b,18227,ogg,minecraft/sounds/mob/turtle/egg/egg_crack1.ogg,block.sniffer_egg.crack;entity.turtle.egg_crack,已由Minecraft Java 1.20.1 asset index解析
6054a4933743bbec4fbd6a9980e344dcd62ea374,60/6054a4933743bbec4fbd6a9980e344dcd62ea374,5579,ogg,minecraft/sounds/mob/guardian/land_idle2.ogg,entity.elder_guardian.ambient_land;entity.guardian.ambient_land;entity.parrot.imitate.elder_guardian,已由Minecraft Java 1.20.1 asset index解析
60557c7aa9bb8480e292c0b97ecaaa187ff4bc43,60/60557c7aa9bb8480e292c0b97ecaaa187ff4bc43,49013,ogg,minecraft/sounds/mob/hoglin/death3.ogg,entity.hoglin.death,已由Minecraft Java 1.20.1 asset index解析
606487eb2de7bc4821b0016bda277e03890cb8b0,60/606487eb2de7bc4821b0016bda277e03890cb8b0,39764,ogg,minecraft/sounds/mob/sniffer/searching3.ogg,entity.sniffer.searching,已由Minecraft Java 1.20.1 asset index解析
606b100c5dc4c965c5714bc6d02a68eda6b3c902,60/606b100c5dc4c965c5714bc6d02a68eda6b3c902,11451,ogg,,,未在Java 1.20.1 asset index中解析（可能来自其他版本/历史缓存）
607d51883e137d5d423dde865232ab1ee78f2694,60/607d51883e137d5d423dde865232ab1ee78f2694,5316,ogg,minecraft/sounds/mob/irongolem/throw.ogg,entity.iron_golem.attack,已由Minecraft Java 1.20.1 asset index解析
607f9cc9083bfa90f26995a7e22fe466a5ca9c44,60/607f9cc9083bfa90f26995a7e22fe466a5ca9c44,37190,ogg,minecraft/sounds/mob/sniffer/happy4.ogg,entity.sniffer.happy,已由Minecraft Java 1.20.1 asset index解析
608bf241c72812309ce6a97d406dbaa82308b1b3,60/608bf241c72812309ce6a97d406dbaa82308b1b3,32132,ogg,minecraft/sounds/mob/ravager/death2.ogg,entity.ravager.death,已由Minecraft Java 1.20.1 asset index解析
608ce4dc409ef39df6b0409647b89f2f1a2d9ded,60/608ce4dc409ef39df6b0409647b89f2f1a2d9ded,6869,ogg,minecraft/sounds/entity/witch/hurt2.ogg,entity.witch.hurt,已由Minecraft Java 1.20.1 asset index解析
609fe1ad7765f15a862cd1fb6dcfde7c26f02044,60/609fe1ad7765f15a862cd1fb6dcfde7c26f02044,28404,ogg,minecraft/sounds/block/soul_soil/break4.ogg,block.soul_soil.break;block.soul_soil.place,已由Minecraft Java 1.20.1 asset index解析
60d91559b2055b9e6774e023d18ea94f4804f499,60/60d91559b2055b9e6774e023d18ea94f4804f499,19159,ogg,minecraft/sounds/block/fungus/break4.ogg,block.fungus.break;block.fungus.place,已由Minecraft Java 1.20.1 asset index解析
60dacb080b1c1ef522eeae253bc323d86e0dd8c1,60/60dacb080b1c1ef522eeae253bc323d86e0dd8c1,61981,ogg,minecraft/sounds/block/sculk_shrieker/break1.ogg,block.sculk_shrieker.break,已由Minecraft Java 1.20.1 asset index解析
60f36d4415db43cb5a352e7c53e45bc5302efe05,60/60f36d4415db43cb5a352e7c53e45bc5302efe05,15043,ogg,minecraft/sounds/block/mud/break6.ogg,block.mud.break;block.mud.place,已由Minecraft Java 1.20.1 asset index解析
60f48749f8f5f0de797549f7079b0f2682462bfd,60/60f48749f8f5f0de797549f7079b0f2682462bfd,27085,ogg,,,未在Java 1.20.1 asset index中解析（可能来自其他版本/历史缓存）
60f96185109232213115f5d872bb255e8c7a0c81,60/60f96185109232213115f5d872bb255e8c7a0c81,8336,ogg,minecraft/sounds/mob/evocation_illager/death2.ogg,entity.evoker.death,已由Minecraft Java 1.20.1 asset index解析
61112837c4cd7174fc0cf1ebc569275c45b089ca,61/61112837c4cd7174fc0cf1ebc569275c45b089ca,7988,ogg,minecraft/sounds/mob/horse/wood2.ogg,entity.horse.step_wood,已由Minecraft Java 1.20.1 asset index解析
611f5163b6ba7c995d1ff9822830cb41fd9d140a,61/611f5163b6ba7c995d1ff9822830cb41fd9d140a,36611,ogg,minecraft/sounds/block/suspicious_sand/step5.ogg,block.suspicious_sand.fall;block.suspicious_sand.hit;block.suspicious_sand.step,已由Minecraft Java 1.20.1 asset index解析
613198be4ac6c10e6f612c220dfe7f9e42838c35,61/613198be4ac6c10e6f612c220dfe7f9e42838c35,591514,json/text,,,未在Java 1.20.1 asset index中解析；本对象不是已识别OGG音频
6136234d8e72559e13a8a9a022e35084bb6acabe,61/6136234d8e72559e13a8a9a022e35084bb6acabe,21114,ogg,minecraft/sounds/mob/goat/jump1.ogg,entity.goat.long_jump;entity.goat.screaming.long_jump,已由Minecraft Java 1.20.1 asset index解析
615c3c57e70cbfcd8c71de34a70b7ea8e477613f,61/615c3c57e70cbfcd8c71de34a70b7ea8e477613f,29488,ogg,minecraft/sounds/mob/frog/idle6.ogg,entity.frog.ambient;entity.tadpole.grow_up,已由Minecraft Java 1.20.1 asset index解析
6164117445e8dfd29379e9bb97108ec0b7126270,61/6164117445e8dfd29379e9bb97108ec0b7126270,16890,ogg,minecraft/sounds/block/roots/step5.ogg,block.roots.fall;block.roots.hit;block.roots.step;block.weeping_vines.step,已由Minecraft Java 1.20.1 asset index解析
61dba25ce75a25e7920bcb210408fc6b6a2c92f0,61/61dba25ce75a25e7920bcb210408fc6b6a2c92f0,23967,ogg,minecraft/sounds/ambient/weather/rain3.ogg,weather.rain;weather.rain.above,已由Minecraft Java 1.20.1 asset index解析
61e6dd472994567359f850973bef350c1e7dd930,61/61e6dd472994567359f850973bef350c1e7dd930,16567,ogg,minecraft/sounds/block/barrel/open1.ogg,block.barrel.open;entity.villager.work_fisherman,已由Minecraft Java 1.20.1 asset index解析
61ece0b224e4ee791e0c980368fb2c8c884502a1,61/61ece0b224e4ee791e0c980368fb2c8c884502a1,20233,ogg,minecraft/sounds/block/bamboo_wood_hanging_sign/step2.ogg,block.bamboo_wood_hanging_sign.fall;block.bamboo_wood_hanging_sign.hit;block.bamboo_wood_hanging_sign.step,已由Minecraft Java 1.20.1 asset index解析
61f82ca96d13de3fd33b83464f4b15e2c116c213,61/61f82ca96d13de3fd33b83464f4b15e2c116c213,59214,ogg,minecraft/sounds/mob/warden/ambient_11.ogg,entity.warden.ambient,已由Minecraft Java 1.20.1 asset index解析
620fe60ed2b8ecbb6302c6de5b6b71f78b2b4bbc,62/620fe60ed2b8ecbb6302c6de5b6b71f78b2b4bbc,80076,ogg,minecraft/sounds/mob/warden/sonic_boom2.ogg,entity.warden.sonic_boom,已由Minecraft Java 1.20.1 asset index解析
621470d14de513a45b5af19e3e630bc786294ecb,62/621470d14de513a45b5af19e3e630bc786294ecb,20687,ogg,minecraft/sounds/mob/turtle/idle2.ogg,entity.turtle.ambient_land,已由Minecraft Java 1.20.1 asset index解析
62171ee4d5ed33a224c59f985a6b304860523b17,62/62171ee4d5ed33a224c59f985a6b304860523b17,18131788,ogg,minecraft/sounds/music/game/bromeliad.ogg,music.menu;music.overworld.bamboo_jungle;music.overworld.cherry_grove;music.overworld.flower_forest;music.overworld.forest;music.overworld.jungle;music.overworld.sparse_jungle,已由Minecraft Java 1.20.1 asset index解析
6226903c5dfd8ac388f9d64a5fa9968680ed3507,62/6226903c5dfd8ac388f9d64a5fa9968680ed3507,4722,ogg,minecraft/sounds/mob/pig/step3.ogg,entity.pig.step,已由Minecraft Java 1.20.1 asset index解析
623296e4e8fc1fa00b769ca5b8bba7e711fc01cb,62/623296e4e8fc1fa00b769ca5b8bba7e711fc01cb,12306,ogg,minecraft/sounds/mob/wither_skeleton/hurt2.ogg,entity.wither_skeleton.hurt,已由Minecraft Java 1.20.1 asset index解析
62341eb9b611e4ca2f8b79a65b70ef07421fb993,62/62341eb9b611e4ca2f8b79a65b70ef07421fb993,25857,ogg,minecraft/sounds/mob/cat/stray/idle3.ogg,entity.cat.stray_ambient,已由Minecraft Java 1.20.1 asset index解析
624df66e9ed5c87743dd8225e122f687369c9540,62/624df66e9ed5c87743dd8225e122f687369c9540,48893,ogg,minecraft/sounds/mob/phantom/death1.ogg,entity.phantom.death,已由Minecraft Java 1.20.1 asset index解析
6254527d626a2c7d80901cc2e62dce3ba4bd81f6,62/6254527d626a2c7d80901cc2e62dce3ba4bd81f6,5468843,ogg,minecraft/sounds/music/game/creative/creative6.ogg,music.creative,已由Minecraft Java 1.20.1 asset index解析
627200f7673f255c82d33ac284b6721cfb1fb339,62/627200f7673f255c82d33ac284b6721cfb1fb339,22016,ogg,minecraft/sounds/block/muddy_mangrove_roots/step4.ogg,block.muddy_mangrove_roots.fall;block.muddy_mangrove_roots.hit;block.muddy_mangrove_roots.step,已由Minecraft Java 1.20.1 asset index解析
627589684101a92869557aaedd8fcb8516ada1a4,62/627589684101a92869557aaedd8fcb8516ada1a4,47257,ogg,minecraft/sounds/mob/allay/idle_with_item1.ogg,entity.allay.ambient_with_item,已由Minecraft Java 1.20.1 asset index解析
627986868ad27e85f53e1e8dc1db406fe2d0a7b2,62/627986868ad27e85f53e1e8dc1db406fe2d0a7b2,18205,ogg,minecraft/sounds/block/roots/step1.ogg,block.roots.fall;block.roots.hit;block.roots.step;block.weeping_vines.step,已由Minecraft Java 1.20.1 asset index解析
627c939e2aa48a5e3f516848e66a76acb992c2a8,62/627c939e2aa48a5e3f516848e66a76acb992c2a8,10591,ogg,minecraft/sounds/entity/witch/death1.ogg,entity.witch.death,已由Minecraft Java 1.20.1 asset index解析
629832a78b73de962d1d4f6661c770ea3056fe14,62/629832a78b73de962d1d4f6661c770ea3056fe14,593734,json/text,,,未在Java 1.20.1 asset index中解析；本对象不是已识别OGG音频
629db7d90d2a8555adafa8fc057303eb92f7081b,62/629db7d90d2a8555adafa8fc057303eb92f7081b,4784,ogg,minecraft/sounds/entity/bobber/retrieve3.ogg,,已由Minecraft Java 1.20.1 asset index解析
62ae2955970b2ee2313cd75bb618bd786c2ff3f5,62/62ae2955970b2ee2313cd75bb618bd786c2ff3f5,44100,ogg,minecraft/sounds/mob/strider/retreat2.ogg,entity.strider.retreat,已由Minecraft Java 1.20.1 asset index解析
62d22654ef2de2e990eec0871030e41ea0ea41d9,62/62d22654ef2de2e990eec0871030e41ea0ea41d9,20714,ogg,,,未在Java 1.20.1 asset index中解析（可能来自其他版本/历史缓存）
62de5ec50e9e29fda8a57f7b0b9d91c70e9db0e3,62/62de5ec50e9e29fda8a57f7b0b9d91c70e9db0e3,31589,ogg,minecraft/sounds/mob/piglin_brute/angry4.ogg,entity.piglin_brute.angry,已由Minecraft Java 1.20.1 asset index解析
62df046cd04e3575a1c71969f537227eb0841c0c,62/62df046cd04e3575a1c71969f537227eb0841c0c,37205,ogg,minecraft/sounds/mob/allay/item_given1.ogg,entity.allay.item_given,已由Minecraft Java 1.20.1 asset index解析
62e1d8bee8e027e1d2e665f1a81092fd851d1265,62/62e1d8bee8e027e1d2e665f1a81092fd851d1265,17024,ogg,minecraft/sounds/mob/fox/sniff3.ogg,entity.fox.sniff,已由Minecraft Java 1.20.1 asset index解析
62fd99a57efdc72ed0a552628c9704bb92a3d10f,62/62fd99a57efdc72ed0a552628c9704bb92a3d10f,526166,ogg,minecraft/sounds/ambient/nether/soulsand_valley/wind1.ogg,ambient.basalt_deltas.additions;ambient.soul_sand_valley.additions,已由Minecraft Java 1.20.1 asset index解析
62ffa5f85aeefcee4a9aa98290beb14bdd84e68d,62/62ffa5f85aeefcee4a9aa98290beb14bdd84e68d,75882,ogg,minecraft/sounds/ambient/nether/warped_forest/mood8.ogg,,已由Minecraft Java 1.20.1 asset index解析
632a7707cef7068a176ea4a1ce33e5996577148b,63/632a7707cef7068a176ea4a1ce33e5996577148b,540757,json/text,,,未在Java 1.20.1 asset index中解析；本对象不是已识别OGG音频
632c93324d6342c23fe229287ff86ad3170cd5fe,63/632c93324d6342c23fe229287ff86ad3170cd5fe,17325,ogg,minecraft/sounds/item/plant/crop1.ogg,item.crop.plant,已由Minecraft Java 1.20.1 asset index解析
63417f028c4720bd91b1974ef67c93546ac4f3b6,63/63417f028c4720bd91b1974ef67c93546ac4f3b6,19436,ogg,minecraft/sounds/block/copper/step6.ogg,block.copper.fall;block.copper.hit;block.copper.step,已由Minecraft Java 1.20.1 asset index解析
638b448f4f4298cdb65fe8d4b99fd90daaa672b1,63/638b448f4f4298cdb65fe8d4b99fd90daaa672b1,20128,ogg,minecraft/sounds/block/powder_snow/break4.ogg,block.powder_snow.break;block.powder_snow.place,已由Minecraft Java 1.20.1 asset index解析
639176a3296b52e5a17bf65416c8eb059a4adfce,63/639176a3296b52e5a17bf65416c8eb059a4adfce,59563,ogg,minecraft/sounds/block/sculk_shrieker/break6.ogg,block.sculk_shrieker.break,已由Minecraft Java 1.20.1 asset index解析
63baa63d5cbf7fff5421b1dc67973101b3c2b5ba,63/63baa63d5cbf7fff5421b1dc67973101b3c2b5ba,21588,ogg,minecraft/sounds/mob/illusion_illager/mirror_move1.ogg,entity.illusioner.mirror_move,已由Minecraft Java 1.20.1 asset index解析
63bbe3921abd75b9f6cd1e20330360d164da169b,63/63bbe3921abd75b9f6cd1e20330360d164da169b,29512,ogg,minecraft/sounds/ambient/cave/cave13.ogg,ambient.cave,已由Minecraft Java 1.20.1 asset index解析
63c22eb984e3406f33bd3fc474b1d76f2c395f1a,63/63c22eb984e3406f33bd3fc474b1d76f2c395f1a,6632,ogg,minecraft/sounds/entity/leashknot/break1.ogg,entity.leash_knot.break,已由Minecraft Java 1.20.1 asset index解析
640486fdaecb2b00e074c89f35fb0d883d9d8705,64/640486fdaecb2b00e074c89f35fb0d883d9d8705,97279,ogg,minecraft/sounds/ambient/nether/nether_wastes/ground3.ogg,ambient.nether_wastes.additions,已由Minecraft Java 1.20.1 asset index解析
641e601132b4adb67951e0d49c1004cf1b86eff2,64/641e601132b4adb67951e0d49c1004cf1b86eff2,17073,ogg,minecraft/sounds/mob/skeleton/death.ogg,entity.skeleton.death,已由Minecraft Java 1.20.1 asset index解析
643010da6b7b8d75e4a6dc9d48348813d7f15f7d,64/643010da6b7b8d75e4a6dc9d48348813d7f15f7d,16185,ogg,minecraft/sounds/mob/panda/eat6.ogg,entity.panda.eat,已由Minecraft Java 1.20.1 asset index解析
64397c108f51882304e4012219b0782bbadb6056,64/64397c108f51882304e4012219b0782bbadb6056,16319,ogg,minecraft/sounds/block/roots/step2.ogg,block.roots.fall;block.roots.hit;block.roots.step;block.weeping_vines.step,已由Minecraft Java 1.20.1 asset index解析
6470f26b44f011663decad9c07776ce057c9b194,64/6470f26b44f011663decad9c07776ce057c9b194,33335,ogg,minecraft/sounds/block/shroomlight/step4.ogg,block.shroomlight.fall;block.shroomlight.hit;block.shroomlight.step,已由Minecraft Java 1.20.1 asset index解析
6481741be0ceaac32c6aa64f6a1db9daa737e02a,64/6481741be0ceaac32c6aa64f6a1db9daa737e02a,29945,ogg,minecraft/sounds/block/soul_sand/break8.ogg,block.soul_sand.break;block.soul_sand.place,已由Minecraft Java 1.20.1 asset index解析
648c01e3227d7c39adfcf6ffb3a8c1d9cd4c7018,64/648c01e3227d7c39adfcf6ffb3a8c1d9cd4c7018,28349,ogg,minecraft/sounds/mob/piglin/hurt1.ogg,entity.piglin.hurt,已由Minecraft Java 1.20.1 asset index解析
64a8e6a57b4ff89d6d8c90916c412389166e3ea1,64/64a8e6a57b4ff89d6d8c90916c412389166e3ea1,7024,ogg,minecraft/sounds/item/armor/equip_leather4.ogg,item.armor.equip_elytra;item.armor.equip_leather,已由Minecraft Java 1.20.1 asset index解析
64aedc68cc012df8336801a50e617b4fd09343fd,64/64aedc68cc012df8336801a50e617b4fd09343fd,13025,ogg,minecraft/sounds/block/calcite/place3.ogg,block.calcite.place,已由Minecraft Java 1.20.1 asset index解析
64b7612a22c46a974a2e4ddcce0b3bf61fffd11e,64/64b7612a22c46a974a2e4ddcce0b3bf61fffd11e,17812,ogg,minecraft/sounds/block/nether_wood_trapdoor/toggle1.ogg,block.nether_wood_trapdoor.close;block.nether_wood_trapdoor.open,已由Minecraft Java 1.20.1 asset index解析
64c7611a394b9adf8a532156cdc168fba9ef28eb,64/64c7611a394b9adf8a532156cdc168fba9ef28eb,11574,ogg,,,未在Java 1.20.1 asset index中解析（可能来自其他版本/历史缓存）
64cebd4a2cca255cad79825da3c68f8ab8df8a5f,64/64cebd4a2cca255cad79825da3c68f8ab8df8a5f,6753,ogg,,,未在Java 1.20.1 asset index中解析（可能来自其他版本/历史缓存）
64cfc7092b4e538df1eed7c16060a58c73b282e8,64/64cfc7092b4e538df1eed7c16060a58c73b282e8,32562,ogg,minecraft/sounds/mob/piglin_brute/angry5.ogg,entity.piglin_brute.angry,已由Minecraft Java 1.20.1 asset index解析
64dac9f0ca2c90da7002d2db65ab70527fa78758,64/64dac9f0ca2c90da7002d2db65ab70527fa78758,16396,ogg,minecraft/sounds/block/beehive/shear.ogg,block.beehive.shear,已由Minecraft Java 1.20.1 asset index解析
64ea3da2bfe8f994308140c734ca81a6fed4d4a7,64/64ea3da2bfe8f994308140c734ca81a6fed4d4a7,16267,ogg,minecraft/sounds/block/chorus_flower/death2.ogg,block.chorus_flower.death,已由Minecraft Java 1.20.1 asset index解析
64f5dddfcc6df8945707437a9bdda63ab43ab6a9,64/64f5dddfcc6df8945707437a9bdda63ab43ab6a9,47598,ogg,minecraft/sounds/liquid/swim11.ogg,entity.player.swim;entity.skeleton_horse.swim,已由Minecraft Java 1.20.1 asset index解析
6502ebb0102c62f04e062273f51731617533691e,65/6502ebb0102c62f04e062273f51731617533691e,19150,ogg,minecraft/sounds/mob/panda/idle4.ogg,entity.panda.ambient,已由Minecraft Java 1.20.1 asset index解析
653f2c7ac5ae89e3c8a8b1d9a4060c1d3d2be4d3,65/653f2c7ac5ae89e3c8a8b1d9a4060c1d3d2be4d3,37061,ogg,minecraft/sounds/entity/squid/squirt1.ogg,entity.squid.squirt,已由Minecraft Java 1.20.1 asset index解析
654ad210a1b5d7509ff3522bc884c00820ebe87e,65/654ad210a1b5d7509ff3522bc884c00820ebe87e,7196,ogg,,,未在Java 1.20.1 asset index中解析（可能来自其他版本/历史缓存）
65727e3d0b1e51e537b0e476f119bee8be45edab,65/65727e3d0b1e51e537b0e476f119bee8be45edab,8581,ogg,minecraft/sounds/entity/horse/eat1.ogg,entity.donkey.eat;entity.horse.eat;entity.mule.eat,已由Minecraft Java 1.20.1 asset index解析
6579fee8e39e6de596dfa58f1c0fa155d3642d2b,65/6579fee8e39e6de596dfa58f1c0fa155d3642d2b,22081,ogg,minecraft/sounds/mob/warden/listening_1.ogg,entity.warden.listening,已由Minecraft Java 1.20.1 asset index解析
657d9fe8078b74d91d7da0a180f7a48d7bf5b9e8,65/657d9fe8078b74d91d7da0a180f7a48d7bf5b9e8,33575,ogg,minecraft/sounds/block/suspicious_gravel/break2.ogg,block.suspicious_gravel.break,已由Minecraft Java 1.20.1 asset index解析
658c4988a4ae5414a7d8818397b37c870d2805c4,65/658c4988a4ae5414a7d8818397b37c870d2805c4,14011,ogg,minecraft/sounds/mob/husk/death2.ogg,entity.husk.death,已由Minecraft Java 1.20.1 asset index解析
658d7359bb219b74bcf3ac097026a22867ba69e3,65/658d7359bb219b74bcf3ac097026a22867ba69e3,18850,ogg,minecraft/sounds/block/azalea_leaves/break3.ogg,block.azalea_leaves.break;block.azalea_leaves.place,已由Minecraft Java 1.20.1 asset index解析
658ff4745a987397d73d88433beacdd10ed77060,65/658ff4745a987397d73d88433beacdd10ed77060,6601,ogg,minecraft/sounds/mob/evocation_illager/idle2.ogg,entity.evoker.ambient;entity.evoker.celebrate,已由Minecraft Java 1.20.1 asset index解析
659b0fb0ef28429e3b779d833d6eedd8305cbbbc,65/659b0fb0ef28429e3b779d833d6eedd8305cbbbc,6103,ogg,minecraft/sounds/item/shovel/flatten1.ogg,item.shovel.flatten,已由Minecraft Java 1.20.1 asset index解析
65a1a69845133187d6b8689e6ce9707da10f21a6,65/65a1a69845133187d6b8689e6ce9707da10f21a6,5314,ogg,minecraft/sounds/mob/magmacube/small3.ogg,entity.magma_cube.squish_small,已由Minecraft Java 1.20.1 asset index解析
65b49739d48ebc47879ca5528c8283329980b304,65/65b49739d48ebc47879ca5528c8283329980b304,9045,ogg,minecraft/sounds/mob/spider/say1.ogg,entity.parrot.imitate.spider;entity.spider.ambient;entity.spider.hurt,已由Minecraft Java 1.20.1 asset index解析
65bd63eb0e8056707f7f16f1a272187d3d32de15,65/65bd63eb0e8056707f7f16f1a272187d3d32de15,11142,ogg,minecraft/sounds/mob/horse/idle3.ogg,entity.horse.ambient,已由Minecraft Java 1.20.1 asset index解析
65ebca3306ccd6d7f9d5de8f1cc7a1216d80246d,65/65ebca3306ccd6d7f9d5de8f1cc7a1216d80246d,318515,icns,icons/snapshot/minecraft.icns,,已由Minecraft Java 1.20.1 asset index解析
65eefe898e4f7bbaad4d3105d2c5b11b479b47f9,65/65eefe898e4f7bbaad4d3105d2c5b11b479b47f9,561338,json/text,,,未在Java 1.20.1 asset index中解析；本对象不是已识别OGG音频
66057f99ba11a223e1824ce006b4e2b288b6f895,66/66057f99ba11a223e1824ce006b4e2b288b6f895,9420,ogg,minecraft/sounds/entity/player/hurt/drown3.ogg,entity.player.hurt_drown,已由Minecraft Java 1.20.1 asset index解析
66116574ffa327d29489b67b216f9799341ab524,66/66116574ffa327d29489b67b216f9799341ab524,30719,ogg,minecraft/sounds/block/sculk_vein/break2.ogg,block.sculk_vein.break;block.sculk_vein.place,已由Minecraft Java 1.20.1 asset index解析
6615ab7f668384cf98b0cb034ce8e4c52eaf86b2,66/6615ab7f668384cf98b0cb034ce8e4c52eaf86b2,15414697,ogg,minecraft/sounds/music/game/swamp/aerie.ogg,music.overworld.forest;music.overworld.lush_caves;music.overworld.old_growth_taiga;music.overworld.swamp,已由Minecraft Java 1.20.1 asset index解析
66628c60f064284da6b7b9140c4349de2ee28e71,66/66628c60f064284da6b7b9140c4349de2ee28e71,563897,json/text,,,未在Java 1.20.1 asset index中解析；本对象不是已识别OGG音频
666999116c467f10622db1527a06ddc0a6efad2a,66/666999116c467f10622db1527a06ddc0a6efad2a,1496916,zip,,,未在Java 1.20.1 asset index中解析；本对象不是已识别OGG音频
666e6573118ae5fce6233848a7166a956db1cc8b,66/666e6573118ae5fce6233848a7166a956db1cc8b,47885,ogg,minecraft/sounds/mob/piglin/angry2.ogg,entity.piglin.angry,已由Minecraft Java 1.20.1 asset index解析
666efbebfe86709813900de26215e8db48acc1c6,66/666efbebfe86709813900de26215e8db48acc1c6,16925,ogg,minecraft/sounds/entity/endereye/endereye_launch1.ogg,entity.ender_eye.launch,已由Minecraft Java 1.20.1 asset index解析
668ebaccbc4572fc4a7a79b166f467823ffa8c50,66/668ebaccbc4572fc4a7a79b166f467823ffa8c50,11596,ogg,minecraft/sounds/entity/shulker/death4.ogg,entity.shulker.death,已由Minecraft Java 1.20.1 asset index解析
669414a335165f7f9f8b2f2c723ab09fb213df72,66/669414a335165f7f9f8b2f2c723ab09fb213df72,75239,ogg,minecraft/sounds/ambient/underwater/additions/dark4.ogg,ambient.underwater.loop.additions.ultra_rare,已由Minecraft Java 1.20.1 asset index解析
66a1c766a70f18978ddbcb3d1861e10e6b2722fa,66/66a1c766a70f18978ddbcb3d1861e10e6b2722fa,8921,ogg,minecraft/sounds/item/bottle/fill3.ogg,item.bottle.fill,已由Minecraft Java 1.20.1 asset index解析
66a7ad307e66d55be39ad129d5dde4a139c6decb,66/66a7ad307e66d55be39ad129d5dde4a139c6decb,12708,ogg,minecraft/sounds/block/lantern/place1.ogg,block.lantern.hit;block.lantern.place,已由Minecraft Java 1.20.1 asset index解析
66af1974a94e5ec0f5960f267779c86465f8a606,66/66af1974a94e5ec0f5960f267779c86465f8a606,39659,ogg,,,未在Java 1.20.1 asset index中解析（可能来自其他版本/历史缓存）
66c29d72ffad5692e16e25a370c2e9b675066a47,66/66c29d72ffad5692e16e25a370c2e9b675066a47,14452,ogg,minecraft/sounds/block/tuff/break4.ogg,block.tuff.break;block.tuff.place,已由Minecraft Java 1.20.1 asset index解析
66c6203abeca2f718f7bb09ded67d91fba0196cd,66/66c6203abeca2f718f7bb09ded67d91fba0196cd,5970,ogg,minecraft/sounds/item/armor/equip_chain5.ogg,item.armor.equip_chain,已由Minecraft Java 1.20.1 asset index解析
66cf90407f224d31f97d4653801600b248d5f9ea,66/66cf90407f224d31f97d4653801600b248d5f9ea,31150,ogg,minecraft/sounds/mob/goat/screaming_hurt2.ogg,entity.goat.screaming.hurt,已由Minecraft Java 1.20.1 asset index解析
66d027de9abf1db1937a72acd0bbc258442f2cb1,66/66d027de9abf1db1937a72acd0bbc258442f2cb1,30961,ogg,minecraft/sounds/mob/hoglin/hurt1.ogg,entity.hoglin.hurt,已由Minecraft Java 1.20.1 asset index解析
66f353305623a0d37fcfdbaa9fa4436956073b73,66/66f353305623a0d37fcfdbaa9fa4436956073b73,15394,ogg,minecraft/sounds/mob/warden/attack_impact_2.ogg,entity.warden.attack_impact,已由Minecraft Java 1.20.1 asset index解析
66fcdb126456dcd5d91e9c4045ff6119e4e52f7c,66/66fcdb126456dcd5d91e9c4045ff6119e4e52f7c,31901,ogg,minecraft/sounds/mob/frog/idle5.ogg,entity.frog.ambient;entity.tadpole.grow_up,已由Minecraft Java 1.20.1 asset index解析
670a96ecdac04bb1083b0d4025d8afb05fd9b200,67/670a96ecdac04bb1083b0d4025d8afb05fd9b200,18736,ogg,minecraft/sounds/block/hanging_sign/break4.ogg,block.hanging_sign.break;block.hanging_sign.place,已由Minecraft Java 1.20.1 asset index解析
671d9e39c2cba136acb965e55686603ad5869ecf,67/671d9e39c2cba136acb965e55686603ad5869ecf,69364,ogg,minecraft/sounds/block/conduit/ambient.ogg,block.conduit.ambient,已由Minecraft Java 1.20.1 asset index解析
671ef0ae7b59014a2f637d7af6d781324ab6309f,67/671ef0ae7b59014a2f637d7af6d781324ab6309f,24468,ogg,minecraft/sounds/ambient/weather/thunder1.ogg,entity.lightning_bolt.thunder,已由Minecraft Java 1.20.1 asset index解析
674f6f9af5c39c4bf86ab6ce93286b27120d9bc8,67/674f6f9af5c39c4bf86ab6ce93286b27120d9bc8,15558,ogg,minecraft/sounds/mob/frog/eat4.ogg,entity.frog.eat,已由Minecraft Java 1.20.1 asset index解析
6752e578433d584b1b92630b539a9bf4f93121bb,67/6752e578433d584b1b92630b539a9bf4f93121bb,17348,ogg,minecraft/sounds/block/mud/break2.ogg,block.mud.break;block.mud.place,已由Minecraft Java 1.20.1 asset index解析
676342a172deb9dddfd5d4c13c52fe3f70757eb8,67/676342a172deb9dddfd5d4c13c52fe3f70757eb8,55954,ogg,minecraft/sounds/ambient/nether/nether_wastes/ground1.ogg,ambient.nether_wastes.additions,已由Minecraft Java 1.20.1 asset index解析
678f2973656a3677ceda6dd1a7a627009e7826fa,67/678f2973656a3677ceda6dd1a7a627009e7826fa,20521,ogg,minecraft/sounds/block/bamboo_wood_hanging_sign/step3.ogg,block.bamboo_wood_hanging_sign.fall;block.bamboo_wood_hanging_sign.hit;block.bamboo_wood_hanging_sign.step,已由Minecraft Java 1.20.1 asset index解析
67a35cb0a87ef67f252330d7b5b84df4e433fb59,67/67a35cb0a87ef67f252330d7b5b84df4e433fb59,17093,ogg,minecraft/sounds/block/dripstone/step4.ogg,block.dripstone_block.fall;block.dripstone_block.hit;block.dripstone_block.step;block.pointed_dripstone.fall;block.pointed_dripstone.hit;block.pointed_dripstone.step,已由Minecraft Java 1.20.1 asset index解析
67b6d386063e3c02d469d193a329bf516695913e,67/67b6d386063e3c02d469d193a329bf516695913e,14332,ogg,minecraft/sounds/block/mud_bricks/step2.ogg,block.mud_bricks.fall;block.mud_bricks.hit;block.mud_bricks.step,已由Minecraft Java 1.20.1 asset index解析
67ca27f41a2e0d9b43c711be34e62ec25ff1fb57,67/67ca27f41a2e0d9b43c711be34e62ec25ff1fb57,16525,ogg,minecraft/sounds/block/cherrywood_fence_gate/toggle2.ogg,block.cherry_wood_fence_gate.close;block.cherry_wood_fence_gate.open,已由Minecraft Java 1.20.1 asset index解析
67cee209f2c06f4bc08d7e165fa7371557d4e261,67/67cee209f2c06f4bc08d7e165fa7371557d4e261,40992,ogg,minecraft/sounds/entity/player/hurt/freeze_hurt2.ogg,entity.player.hurt_freeze,已由Minecraft Java 1.20.1 asset index解析
67dd095ff29dea6092530dbf8bcf9cc77efdb49a,67/67dd095ff29dea6092530dbf8bcf9cc77efdb49a,36764,ogg,minecraft/sounds/block/honeyblock/step2.ogg,block.honey_block.fall;block.honey_block.hit;block.honey_block.step,已由Minecraft Java 1.20.1 asset index解析
67fd6034c9f5d1d4fb030798d4ea72aa861cb6c2,67/67fd6034c9f5d1d4fb030798d4ea72aa861cb6c2,72242,ogg,minecraft/sounds/mob/warden/nearby_closer_1.ogg,entity.warden.nearby_closer,已由Minecraft Java 1.20.1 asset index解析
681e7130a2477bb8310b72284398697d249ac78f,68/681e7130a2477bb8310b72284398697d249ac78f,24223,ogg,minecraft/sounds/mob/evocation_illager/celebrate.ogg,entity.evoker.celebrate,已由Minecraft Java 1.20.1 asset index解析
6823db7ff463d382f8e8017eea88c556308af79b,68/6823db7ff463d382f8e8017eea88c556308af79b,18219,ogg,minecraft/sounds/block/nether_wood_hanging_sign/break1.ogg,block.nether_wood_hanging_sign.break;block.nether_wood_hanging_sign.place,已由Minecraft Java 1.20.1 asset index解析
682d1cbdf87a4ceaca10a8f48c364e20f7d84d38,68/682d1cbdf87a4ceaca10a8f48c364e20f7d84d38,99481,ogg,minecraft/sounds/mob/warden/angry_2.ogg,entity.warden.angry,已由Minecraft Java 1.20.1 asset index解析
683ad5f3ed2ad596eb5b876870d9caa1f8f5c825,68/683ad5f3ed2ad596eb5b876870d9caa1f8f5c825,4782,ogg,minecraft/sounds/mob/parrot/idle3.ogg,entity.parrot.ambient,已由Minecraft Java 1.20.1 asset index解析
683d59b47fc51b9aa1b5cd752aa7d077e6a56282,68/683d59b47fc51b9aa1b5cd752aa7d077e6a56282,37607,ogg,minecraft/sounds/mob/hoglin/angry5.ogg,entity.hoglin.angry,已由Minecraft Java 1.20.1 asset index解析
6849d63040d257268cb663a7a1a60848d4433b58,68/6849d63040d257268cb663a7a1a60848d4433b58,41306,ogg,minecraft/sounds/mob/drowned/convert3.ogg,entity.zombie.converted_to_drowned,已由Minecraft Java 1.20.1 asset index解析
685044961867afb8a19431de78e6b5fa83efcd55,68/685044961867afb8a19431de78e6b5fa83efcd55,16525,ogg,minecraft/sounds/mob/panda/bite1.ogg,entity.panda.bite,已由Minecraft Java 1.20.1 asset index解析
6863a95d23db5e180e1427c80175e246c8911fba,68/6863a95d23db5e180e1427c80175e246c8911fba,46364,ogg,minecraft/sounds/block/beehive/work4.ogg,block.beehive.work,已由Minecraft Java 1.20.1 asset index解析
686aa86d7b07f756affdf0522f05c79dd2dfa8de,68/686aa86d7b07f756affdf0522f05c79dd2dfa8de,32488,ogg,minecraft/sounds/block/nether_ore/step1.ogg,block.gilded_blackstone.fall;block.gilded_blackstone.hit;block.gilded_blackstone.step;block.nether_gold_ore.fall;block.nether_gold_ore.hit;block.nether_gold_ore.step;block.nether_ore.fall;block.nether_ore.hit;block.nether_ore.step,已由Minecraft Java 1.20.1 asset index解析
6876f57693dda08f22402814218e81a2a162b889,68/6876f57693dda08f22402814218e81a2a162b889,9054,ogg,minecraft/sounds/block/beehive/drip3.ogg,block.beehive.drip,已由Minecraft Java 1.20.1 asset index解析
688d0bc3a3d615bb967507b671a6aadd159aea14,68/688d0bc3a3d615bb967507b671a6aadd159aea14,36154,ogg,minecraft/sounds/mob/goat/scream3.ogg,entity.goat.screaming.ambient,已由Minecraft Java 1.20.1 asset index解析
689be5af8ea7328e8e1b664561efff236ab87aee,68/689be5af8ea7328e8e1b664561efff236ab87aee,39104,ogg,minecraft/sounds/block/amethyst_cluster/break1.ogg,block.amethyst_cluster.break;block.large_amethyst_bud.break;block.medium_amethyst_bud.break;block.small_amethyst_bud.break,已由Minecraft Java 1.20.1 asset index解析
68a1db001e6de7b926620b43e9080fc8110ffe1f,68/68a1db001e6de7b926620b43e9080fc8110ffe1f,1327430,ogg,minecraft/sounds/ambient/nether/nether_wastes/ambience.ogg,ambient.nether_wastes.loop,已由Minecraft Java 1.20.1 asset index解析
68b57de25e1eea500216dab0a69130c9dcfd5725,68/68b57de25e1eea500216dab0a69130c9dcfd5725,19521,ogg,minecraft/sounds/mob/panda/idle2.ogg,entity.panda.ambient,已由Minecraft Java 1.20.1 asset index解析
68beeda338fdb43c3b7cbbb718e82839e6d07ef3,68/68beeda338fdb43c3b7cbbb718e82839e6d07ef3,13305,ogg,minecraft/sounds/entity/squid/death1.ogg,entity.squid.death,已由Minecraft Java 1.20.1 asset index解析
68db83394860feaabdafb2b01a6acb029e7705d9,68/68db83394860feaabdafb2b01a6acb029e7705d9,21252875,ogg,,,未在Java 1.20.1 asset index中解析（可能来自其他版本/历史缓存）
68e0a58848bbdad12ad2b216d7244754459c9516,68/68e0a58848bbdad12ad2b216d7244754459c9516,8444,ogg,minecraft/sounds/mob/skeleton/step1.ogg,entity.skeleton.step,已由Minecraft Java 1.20.1 asset index解析
68f186d1e9890fd4ede56106bfca198e904b57e4,68/68f186d1e9890fd4ede56106bfca198e904b57e4,8143,ogg,minecraft/sounds/mob/horse/skeleton/hit4.ogg,entity.skeleton_horse.hurt,已由Minecraft Java 1.20.1 asset index解析
690b4c1c0ff9d2fe28e407b283d7617994a0c78c,69/690b4c1c0ff9d2fe28e407b283d7617994a0c78c,35758,ogg,minecraft/sounds/block/netherrack/step4.ogg,block.netherrack.fall;block.netherrack.hit;block.netherrack.step,已由Minecraft Java 1.20.1 asset index解析
6932d144f711c9082f8a9741a4285342b886ff6e,69/6932d144f711c9082f8a9741a4285342b886ff6e,32530,ogg,minecraft/sounds/mob/panda/worried/worried3.ogg,entity.panda.worried_ambient,已由Minecraft Java 1.20.1 asset index解析
6954ed2feebfe170e0d4cc3bd29d407d4906f41c,69/6954ed2feebfe170e0d4cc3bd29d407d4906f41c,9596,ogg,minecraft/sounds/block/frogspawn/step5.ogg,block.frogspawn.fall;block.frogspawn.hit;block.frogspawn.step,已由Minecraft Java 1.20.1 asset index解析
695ebb888cda6e98ce2cda9a69b2c29dddbb7b2b,69/695ebb888cda6e98ce2cda9a69b2c29dddbb7b2b,6292,ogg,minecraft/sounds/entity/armorstand/break4.ogg,entity.armor_stand.break,已由Minecraft Java 1.20.1 asset index解析
695ebecf6c36de73a4d57a080811ef63802011cf,69/695ebecf6c36de73a4d57a080811ef63802011cf,14348153,ogg,,,未在Java 1.20.1 asset index中解析（可能来自其他版本/历史缓存）
6967f0af60f480e81d32f1f8e5f88ccafec3a40c,69/6967f0af60f480e81d32f1f8e5f88ccafec3a40c,3969,ogg,minecraft/sounds/note/snare.ogg,block.note_block.snare,已由Minecraft Java 1.20.1 asset index解析
6977300f83c4230f4d24d89df3892a755ba5b08d,69/6977300f83c4230f4d24d89df3892a755ba5b08d,7175,ogg,minecraft/sounds/item/armor/equip_chain6.ogg,item.armor.equip_chain,已由Minecraft Java 1.20.1 asset index解析
6994b2d54e4ce1e6b65efefac0200faffa7386d0,69/6994b2d54e4ce1e6b65efefac0200faffa7386d0,11546,ogg,minecraft/sounds/block/decorated_pot/step3.ogg,block.decorated_pot.fall;block.decorated_pot.hit;block.decorated_pot.step,已由Minecraft Java 1.20.1 asset index解析
69b6e589ec3d2c9063972545e83ed1f07e665094,69/69b6e589ec3d2c9063972545e83ed1f07e665094,9822,ogg,minecraft/sounds/mob/zombie/step4.ogg,entity.zombie.step;entity.zombie_villager.step,已由Minecraft Java 1.20.1 asset index解析
69ca9738d02cd8476943060a66652496c6669742,69/69ca9738d02cd8476943060a66652496c6669742,6706,ogg,minecraft/sounds/mob/horse/wood4.ogg,entity.horse.step_wood,已由Minecraft Java 1.20.1 asset index解析
69cdea68f659610aab9889282a6e199308ae4e3a,69/69cdea68f659610aab9889282a6e199308ae4e3a,32825,ogg,minecraft/sounds/item/crossbow/loading_middle2.ogg,item.crossbow.loading_middle,已由Minecraft Java 1.20.1 asset index解析
69d128e741956899750edb40ed742e225a838c5a,69/69d128e741956899750edb40ed742e225a838c5a,12308,ogg,minecraft/sounds/mob/panda/step2.ogg,entity.panda.step,已由Minecraft Java 1.20.1 asset index解析
69ed076bcc1fb564f9999b99da767ef3a4f1a9db,69/69ed076bcc1fb564f9999b99da767ef3a4f1a9db,15873,ogg,,,未在Java 1.20.1 asset index中解析（可能来自其他版本/历史缓存）
69ef2fe8d6a744689953fd692d0106b0b2d2a9ce,69/69ef2fe8d6a744689953fd692d0106b0b2d2a9ce,13663,ogg,minecraft/sounds/mob/wolf/growl3.ogg,entity.wolf.growl,已由Minecraft Java 1.20.1 asset index解析
6a0b196f6911af249cab7d1b3ff03bea80ec76c1,6a/6a0b196f6911af249cab7d1b3ff03bea80ec76c1,46073,ogg,minecraft/sounds/liquid/swim17.ogg,entity.player.swim;entity.skeleton_horse.swim,已由Minecraft Java 1.20.1 asset index解析
6a0e71c3d6e23485c1b0254ff0beed270bd4ba34,6a/6a0e71c3d6e23485c1b0254ff0beed270bd4ba34,19142,ogg,minecraft/sounds/block/basalt/break4.ogg,block.basalt.break;block.basalt.place,已由Minecraft Java 1.20.1 asset index解析
6a1af6f55d85797fdc25ad9f9a79c039f3cf97b7,6a/6a1af6f55d85797fdc25ad9f9a79c039f3cf97b7,66793,ogg,minecraft/sounds/mob/warden/ambient_9.ogg,entity.warden.ambient,已由Minecraft Java 1.20.1 asset index解析
6a2e2114bac7a548fe93c64b271359a544982790,6a/6a2e2114bac7a548fe93c64b271359a544982790,7856,ogg,minecraft/sounds/mob/illusion_illager/idle2.ogg,entity.illusioner.ambient;entity.parrot.imitate.illusioner,已由Minecraft Java 1.20.1 asset index解析
6a3f493f1335af635f8241bf8831299476b86509,6a/6a3f493f1335af635f8241bf8831299476b86509,12840,ogg,minecraft/sounds/block/packed_mud/break3.ogg,block.packed_mud.break;block.packed_mud.place,已由Minecraft Java 1.20.1 asset index解析
6a4796fec25e83aa2d0151f0ddd86e6ce86bb48a,6a/6a4796fec25e83aa2d0151f0ddd86e6ce86bb48a,22382,ogg,minecraft/sounds/block/netherrack/break1.ogg,block.netherrack.break;block.netherrack.place,已由Minecraft Java 1.20.1 asset index解析
6a83b514027c328b74f8428448dc6589d4b16388,6a/6a83b514027c328b74f8428448dc6589d4b16388,57426,ogg,minecraft/sounds/minecart/inside.ogg,entity.minecart.inside,已由Minecraft Java 1.20.1 asset index解析
6a908e7c7d61e01bc4223b4991820bfc56f84c5e,6a/6a908e7c7d61e01bc4223b4991820bfc56f84c5e,7836,ogg,minecraft/sounds/entity/fish/swim4.ogg;minecraft/sounds/liquid/swim4.ogg,entity.drowned.swim;entity.fish.swim;entity.generic.swim;entity.hostile.swim,已由Minecraft Java 1.20.1 asset index解析
6ac381cb9b69baf96b909e59d8c9886579746e4f,6a/6ac381cb9b69baf96b909e59d8c9886579746e4f,7143,ogg,minecraft/sounds/entity/horse/eat4.ogg,entity.donkey.eat;entity.horse.eat;entity.mule.eat,已由Minecraft Java 1.20.1 asset index解析
6ad055ff72b07fe6764c259b7cbd10287687638e,6a/6ad055ff72b07fe6764c259b7cbd10287687638e,11016,ogg,minecraft/sounds/mob/fox/bite2.ogg,entity.fox.bite,已由Minecraft Java 1.20.1 asset index解析
6ae4626870aedb65060115723c211391bf29e512,6a/6ae4626870aedb65060115723c211391bf29e512,21344,ogg,minecraft/sounds/block/moss/break3.ogg,block.moss.break;block.moss.place;block.moss_carpet.break;block.moss_carpet.place,已由Minecraft Java 1.20.1 asset index解析
6aef9bad980e39643edb9154457da314357ed1f1,6a/6aef9bad980e39643edb9154457da314357ed1f1,5701,ogg,minecraft/sounds/mob/llama/step5.ogg,entity.llama.step,已由Minecraft Java 1.20.1 asset index解析
6b225a6f8864f16ba774adbaf58a8bfd729bd334,6b/6b225a6f8864f16ba774adbaf58a8bfd729bd334,23129,ogg,minecraft/sounds/mob/axolotl/death2.ogg,entity.axolotl.death,已由Minecraft Java 1.20.1 asset index解析
6b24bd22688adfb1d6fa428a5d5dd257aaea4319,6b/6b24bd22688adfb1d6fa428a5d5dd257aaea4319,47150,ogg,minecraft/sounds/block/sculk_shrieker/place3.ogg,block.sculk_shrieker.place,已由Minecraft Java 1.20.1 asset index解析
6b2f86a35a3cd88320b55c029d77659915f83239,6b/6b2f86a35a3cd88320b55c029d77659915f83239,19332,ogg,minecraft/sounds/mob/wither/idle2.ogg,entity.parrot.imitate.wither;entity.wither.ambient,已由Minecraft Java 1.20.1 asset index解析
6b43c008ee6f0bfdb830a10a960e366e8d6fc17c,6b/6b43c008ee6f0bfdb830a10a960e366e8d6fc17c,4936,ogg,minecraft/sounds/item/sweet_berries/pick_from_bush2.ogg,block.cave_vines.pick_berries;block.sweet_berry_bush.pick_berries,已由Minecraft Java 1.20.1 asset index解析
6b44d0539073353b7a05330ccddc5735ba5efca4,6b/6b44d0539073353b7a05330ccddc5735ba5efca4,663709,ogg,minecraft/sounds/records/mellohi.ogg,music_disc.mellohi,已由Minecraft Java 1.20.1 asset index解析
6b6bae253b1032ce3f3b4fb5816a9a819cac7b59,6b/6b6bae253b1032ce3f3b4fb5816a9a819cac7b59,7533,ogg,minecraft/sounds/note/harp2.ogg,block.note_block.harp,已由Minecraft Java 1.20.1 asset index解析
6ba7a78d726c4c876232a1c60f06e9d077eb7b69,6b/6ba7a78d726c4c876232a1c60f06e9d077eb7b69,60532,ogg,minecraft/sounds/block/respawn_anchor/deplete2.ogg,block.respawn_anchor.deplete,已由Minecraft Java 1.20.1 asset index解析
6bb022f30f6186b864bfeeee4cfa9bd9e4590135,6b/6bb022f30f6186b864bfeeee4cfa9bd9e4590135,49477,ogg,minecraft/sounds/block/sculk_shrieker/break3.ogg,block.sculk_shrieker.break,已由Minecraft Java 1.20.1 asset index解析
6bb45e31e1939487f58f5fd4be1e7487b1fa16be,6b/6bb45e31e1939487f58f5fd4be1e7487b1fa16be,18037,ogg,minecraft/sounds/block/calcite/step6.ogg,block.calcite.fall;block.calcite.hit;block.calcite.step,已由Minecraft Java 1.20.1 asset index解析
6bc3dcea8da81eb0c892f7c00c84accbad8ef2f7,6b/6bc3dcea8da81eb0c892f7c00c84accbad8ef2f7,15608,ogg,minecraft/sounds/block/chain/break3.ogg,block.chain.break;block.chain.place,已由Minecraft Java 1.20.1 asset index解析
6bd573793439abb44d50b4148912f66128edb683,6b/6bd573793439abb44d50b4148912f66128edb683,17440,ogg,minecraft/sounds/mob/goat/step5.ogg,entity.goat.step,已由Minecraft Java 1.20.1 asset index解析
6be4491a5d1a5f0dd68fb36c310ecfe3501cafe1,6b/6be4491a5d1a5f0dd68fb36c310ecfe3501cafe1,12241436,ogg,minecraft/sounds/music/game/water/dragon_fish.ogg,music.under_water,已由Minecraft Java 1.20.1 asset index解析
6be94b5f5daf271e5d8e059eba721f9edecbbc57,6b/6be94b5f5daf271e5d8e059eba721f9edecbbc57,28641,ogg,minecraft/sounds/block/soul_soil/break2.ogg,block.soul_soil.break;block.soul_soil.place,已由Minecraft Java 1.20.1 asset index解析
6beda54a8559a32ef478c45e584c229bf196ca9e,6b/6beda54a8559a32ef478c45e584c229bf196ca9e,61730,ogg,minecraft/sounds/entity/glow_squid/death2.ogg,entity.glow_squid.death,已由Minecraft Java 1.20.1 asset index解析
6bf739fe311ec337600bed2ebfd3fac7dabaf4d3,6b/6bf739fe311ec337600bed2ebfd3fac7dabaf4d3,10536,ogg,,,未在Java 1.20.1 asset index中解析（可能来自其他版本/历史缓存）
6bfff2a958db431970b1cb8d9dbb9c219cc61022,6b/6bfff2a958db431970b1cb8d9dbb9c219cc61022,15245,ogg,minecraft/sounds/mob/vex/death1.ogg,entity.vex.death,已由Minecraft Java 1.20.1 asset index解析
6c3f77e54f908e9be146a6e336d9c89a5a89a2e3,6c/6c3f77e54f908e9be146a6e336d9c89a5a89a2e3,103402,ogg,minecraft/sounds/block/respawn_anchor/charge1.ogg,block.respawn_anchor.charge,已由Minecraft Java 1.20.1 asset index解析
6c40ef98636487a1b7efb487e1615ebaf91928cd,6c/6c40ef98636487a1b7efb487e1615ebaf91928cd,15895,ogg,minecraft/sounds/block/dripstone/break3.ogg,block.dripstone_block.break;block.dripstone_block.place;block.pointed_dripstone.break;block.pointed_dripstone.place,已由Minecraft Java 1.20.1 asset index解析
6c4603afe9498f3d5f25b01f3f28807b3184fa83,6c/6c4603afe9498f3d5f25b01f3f28807b3184fa83,15382,ogg,minecraft/sounds/step/scaffold7.ogg,block.scaffolding.fall;block.scaffolding.hit;block.scaffolding.step,已由Minecraft Java 1.20.1 asset index解析
6c4bb1815b11b7b239a9c414f940ce1a73a082e6,6c/6c4bb1815b11b7b239a9c414f940ce1a73a082e6,4903,ogg,minecraft/sounds/mob/parrot/hurt1.ogg,entity.parrot.hurt,已由Minecraft Java 1.20.1 asset index解析
6c53b74f97c248f4a293da24a67bae27baf0b5fe,6c/6c53b74f97c248f4a293da24a67bae27baf0b5fe,45830,ogg,minecraft/sounds/item/brush/brush_sand_complete5.ogg,item.brush.brushing.sand.complete,已由Minecraft Java 1.20.1 asset index解析
6c5522c8c8614028ea6eda3b6efce5b0d9606dc6,6c/6c5522c8c8614028ea6eda3b6efce5b0d9606dc6,37939,ogg,minecraft/sounds/block/sculk_catalyst/break3.ogg,block.sculk_catalyst.break,已由Minecraft Java 1.20.1 asset index解析
6c59e68fff9a4f8a7032a81d84cba71bf08b0448,6c/6c59e68fff9a4f8a7032a81d84cba71bf08b0448,20292,ogg,minecraft/sounds/block/spore_blossom/break2.ogg,block.spore_blossom.break;block.spore_blossom.place,已由Minecraft Java 1.20.1 asset index解析
6c5a03460012d7b76c16d0dbaa01c443a6ba094e,6c/6c5a03460012d7b76c16d0dbaa01c443a6ba094e,8889,ogg,minecraft/sounds/mob/zombie/metal2.ogg,entity.zombie.attack_iron_door,已由Minecraft Java 1.20.1 asset index解析
6c5c988701199ca65fcd2caf88a0e456d3421977,6c/6c5c988701199ca65fcd2caf88a0e456d3421977,15061,ogg,minecraft/sounds/entity/guardian/ambient1.ogg,entity.guardian.ambient;entity.parrot.imitate.guardian,已由Minecraft Java 1.20.1 asset index解析
6c5e816813bc17b1d7b65676e1ee29496d88015b,6c/6c5e816813bc17b1d7b65676e1ee29496d88015b,18677,ogg,minecraft/sounds/entity/player/hurt/fire_hurt1.ogg,entity.player.hurt_on_fire,已由Minecraft Java 1.20.1 asset index解析
6c83307ca1f6d7484d2899f381801713cdf06bbe,6c/6c83307ca1f6d7484d2899f381801713cdf06bbe,6078,ogg,minecraft/sounds/entity/armorstand/hit4.ogg,entity.armor_stand.hit,已由Minecraft Java 1.20.1 asset index解析
6c9cd4e4d33421764f7fb0183cc51e93b6c0fb2d,6c/6c9cd4e4d33421764f7fb0183cc51e93b6c0fb2d,292417,ogg,minecraft/sounds/ambient/nether/basalt_deltas/active4.ogg,,已由Minecraft Java 1.20.1 asset index解析
6cb57c8bf7f43ecb75339be01e23b5be0c83f0c9,6c/6cb57c8bf7f43ecb75339be01e23b5be0c83f0c9,19652,json/text,pack.mcmeta,,已由Minecraft Java 1.20.1 asset index解析
6cb590a472d5a22867950463758381b1c7df23b9,6c/6cb590a472d5a22867950463758381b1c7df23b9,369673,ogg,minecraft/sounds/ambient/nether/soulsand_valley/sand1.ogg,ambient.soul_sand_valley.additions,已由Minecraft Java 1.20.1 asset index解析
6cbea09cbfa9347b0aef6349388863a03effa296,6c/6cbea09cbfa9347b0aef6349388863a03effa296,19515,ogg,minecraft/sounds/block/hanging_sign/step4.ogg,block.hanging_sign.fall;block.hanging_sign.hit;block.hanging_sign.step,已由Minecraft Java 1.20.1 asset index解析
6cd0ca85879d0ff4e81ca032f788c50094f67c1f,6c/6cd0ca85879d0ff4e81ca032f788c50094f67c1f,50604,ogg,minecraft/sounds/block/sculk_sensor/break1.ogg,block.sculk_sensor.break,已由Minecraft Java 1.20.1 asset index解析
6cee4fa5a9ea86491c529ecf9eec09e45b9a7e5b,6c/6cee4fa5a9ea86491c529ecf9eec09e45b9a7e5b,15942,ogg,minecraft/sounds/item/brush/brushing_generic3.ogg,item.brush.brushing.generic,已由Minecraft Java 1.20.1 asset index解析
6cf5c9f78a221f9a9576753fa5ca6cf3563c352a,6c/6cf5c9f78a221f9a9576753fa5ca6cf3563c352a,23292,ogg,minecraft/sounds/ambient/weather/rain2.ogg,weather.rain;weather.rain.above,已由Minecraft Java 1.20.1 asset index解析
6cff311448e5dae82525c1d85101ec1ba4f4098a,6c/6cff311448e5dae82525c1d85101ec1ba4f4098a,14014,ogg,minecraft/sounds/block/cave_vines/break3.ogg,block.cave_vines.break;block.cave_vines.place,已由Minecraft Java 1.20.1 asset index解析
6d21c07cf9af1fbe2f4ebbcfb8c7aa4796e6eab6,6d/6d21c07cf9af1fbe2f4ebbcfb8c7aa4796e6eab6,16602,ogg,,,未在Java 1.20.1 asset index中解析（可能来自其他版本/历史缓存）
6d2939d3e7d4db15501016571e5daac836f16865,6d/6d2939d3e7d4db15501016571e5daac836f16865,27397,ogg,minecraft/sounds/mob/panda/aggressive/aggressive4.ogg,entity.panda.aggressive_ambient,已由Minecraft Java 1.20.1 asset index解析
6d5ef6c2912c3dd93f5b79ddc90bfd750139855b,6d/6d5ef6c2912c3dd93f5b79ddc90bfd750139855b,25036,ogg,minecraft/sounds/mob/fox/aggro3.ogg,entity.fox.aggro,已由Minecraft Java 1.20.1 asset index解析
6d6128196a44038658da3ff257ec2597114cd6c0,6d/6d6128196a44038658da3ff257ec2597114cd6c0,12199,ogg,minecraft/sounds/block/sweet_berry_bush/place1.ogg,block.sweet_berry_bush.place,已由Minecraft Java 1.20.1 asset index解析
6d7b8dee1c4246bbcd8d860a99235f5adc0693cf,6d/6d7b8dee1c4246bbcd8d860a99235f5adc0693cf,16726,ogg,minecraft/sounds/entity/pufferfish/blow_out2.ogg,entity.puffer_fish.blow_out,已由Minecraft Java 1.20.1 asset index解析
6d7eeba0ba69cd68acf1e2ed5ae488c5aabbc9bf,6d/6d7eeba0ba69cd68acf1e2ed5ae488c5aabbc9bf,6299,ogg,minecraft/sounds/mob/horse/donkey/idle2.ogg,entity.donkey.ambient;entity.mule.ambient,已由Minecraft Java 1.20.1 asset index解析
6dc446eabf8a8b4fe73b96bf6bd324fa457d30cb,6d/6dc446eabf8a8b4fe73b96bf6bd324fa457d30cb,18619,ogg,,,未在Java 1.20.1 asset index中解析（可能来自其他版本/历史缓存）
6dc84d0fa333baa626fcd9b568b4ca6fcfadd759,6d/6dc84d0fa333baa626fcd9b568b4ca6fcfadd759,29394,ogg,minecraft/sounds/block/sculk_catalyst/place4.ogg,block.sculk_catalyst.place,已由Minecraft Java 1.20.1 asset index解析
6dce30c18be62a376c181e8ab767a9af50f21490,6d/6dce30c18be62a376c181e8ab767a9af50f21490,28514,ogg,minecraft/sounds/ambient/nether/nether_wastes/ground2.ogg,ambient.nether_wastes.additions,已由Minecraft Java 1.20.1 asset index解析
6dd5562201816d4735f81968ec75bca8c43c86b5,6d/6dd5562201816d4735f81968ec75bca8c43c86b5,14794,ogg,minecraft/sounds/block/froglight/step6.ogg,block.froglight.fall;block.froglight.hit;block.froglight.step,已由Minecraft Java 1.20.1 asset index解析
6df3b2c2b951863fc5200edf3ff3396b105ed897,6d/6df3b2c2b951863fc5200edf3ff3396b105ed897,8726,ogg,minecraft/sounds/mob/bat/death.ogg,entity.bat.death,已由Minecraft Java 1.20.1 asset index解析
6dfd0785da0beb8f6eb1efa4bcb7fdc6ba85c492,6d/6dfd0785da0beb8f6eb1efa4bcb7fdc6ba85c492,32637,ogg,minecraft/sounds/mob/cat/hiss2.ogg,entity.cat.hiss,已由Minecraft Java 1.20.1 asset index解析
6e0488ab07b9539fbaebc093f194bb6a95b2caec,6e/6e0488ab07b9539fbaebc093f194bb6a95b2caec,9836,ogg,minecraft/sounds/mob/zombie/death.ogg,entity.zombie.death,已由Minecraft Java 1.20.1 asset index解析
6e0d43b064fb69f7b63e0704d99a38bb2ebc19e0,6e/6e0d43b064fb69f7b63e0704d99a38bb2ebc19e0,6504,ogg,minecraft/sounds/block/wooden_door/close1.ogg,block.wooden_door.close,已由Minecraft Java 1.20.1 asset index解析
6e0f9074e049a6c30402d70cc75a5da99042e00c,6e/6e0f9074e049a6c30402d70cc75a5da99042e00c,5573,ogg,minecraft/sounds/mob/endermen/hit4.ogg,entity.enderman.hurt,已由Minecraft Java 1.20.1 asset index解析
6e40ab0e90bb7897af26901371a98cb4deb09ffc,6e/6e40ab0e90bb7897af26901371a98cb4deb09ffc,39608,ogg,minecraft/sounds/mob/dolphin/idle_water3.ogg,entity.dolphin.ambient_water,已由Minecraft Java 1.20.1 asset index解析
6e80458f40be727bcf5f64c653326e0a0d522977,6e/6e80458f40be727bcf5f64c653326e0a0d522977,8809,ogg,,,未在Java 1.20.1 asset index中解析（可能来自其他版本/历史缓存）
6ea4e448fbc2a079acb0cf3564273083dadae165,6e/6ea4e448fbc2a079acb0cf3564273083dadae165,9227,ogg,minecraft/sounds/entity/fish/swim1.ogg;minecraft/sounds/liquid/swim1.ogg,entity.drowned.swim;entity.fish.swim;entity.generic.swim;entity.hostile.swim,已由Minecraft Java 1.20.1 asset index解析
6eab0a650bd36fa055e368ce27bd5663a789f66f,6e/6eab0a650bd36fa055e368ce27bd5663a789f66f,571975,json/text,,,未在Java 1.20.1 asset index中解析；本对象不是已识别OGG音频
6ead5bdd4a06d466959de48dea4e4835f3568942,6e/6ead5bdd4a06d466959de48dea4e4835f3568942,9248,ogg,minecraft/sounds/mob/husk/step2.ogg,entity.husk.step,已由Minecraft Java 1.20.1 asset index解析
6eb65f71ef1872c918ce60535e52972d30192f3f,6e/6eb65f71ef1872c918ce60535e52972d30192f3f,22823,ogg,minecraft/sounds/mob/wandering_trader/no5.ogg,entity.wandering_trader.no,已由Minecraft Java 1.20.1 asset index解析
6ed4b69733857421ebc58a377e334ff8ca7a7025,6e/6ed4b69733857421ebc58a377e334ff8ca7a7025,27558,ogg,minecraft/sounds/mob/panda/aggressive/aggressive1.ogg,entity.panda.aggressive_ambient,已由Minecraft Java 1.20.1 asset index解析
6ef376d7623fac03bc15caf95ffeae9d192d46f4,6e/6ef376d7623fac03bc15caf95ffeae9d192d46f4,30085,ogg,minecraft/sounds/block/amethyst/break3.ogg,block.amethyst_block.break,已由Minecraft Java 1.20.1 asset index解析
6efbe479d74614c5f824fa5aafa295ae936b3f9f,6e/6efbe479d74614c5f824fa5aafa295ae936b3f9f,7224,ogg,minecraft/sounds/mob/horse/soft4.ogg,entity.horse.step,已由Minecraft Java 1.20.1 asset index解析
6f0a2854131dfb6abc37f7ba90d523ab457b28cc,6f/6f0a2854131dfb6abc37f7ba90d523ab457b28cc,28739,ogg,minecraft/sounds/mob/goat/hurt4.ogg,entity.goat.hurt,已由Minecraft Java 1.20.1 asset index解析
6f1d403f47725af0f4c42a74cfec00ff59153160,6f/6f1d403f47725af0f4c42a74cfec00ff59153160,13415,ogg,minecraft/sounds/mob/ghast/charge.ogg,entity.ghast.warn,已由Minecraft Java 1.20.1 asset index解析
6f55b9599af65593bc5bc3e85e427f2c8a77b0a0,6f/6f55b9599af65593bc5bc3e85e427f2c8a77b0a0,16756,ogg,minecraft/sounds/mob/goat/step1.ogg,entity.goat.step,已由Minecraft Java 1.20.1 asset index解析
6f7648d8ac3ac000a849df5bffe0bee2a601e113,6f/6f7648d8ac3ac000a849df5bffe0bee2a601e113,27923,ogg,minecraft/sounds/block/mangrove_roots/break5.ogg,block.mangrove_roots.break;block.mangrove_roots.place,已由Minecraft Java 1.20.1 asset index解析
6fac3bf41fed7bf076b31fb7868e197039983a48,6f/6fac3bf41fed7bf076b31fb7868e197039983a48,33096,ogg,minecraft/sounds/mob/pillager/idle1.ogg,entity.parrot.imitate.pillager;entity.pillager.ambient,已由Minecraft Java 1.20.1 asset index解析
6fe9303dbe6b394115b0889db1794c4e8459e166,6f/6fe9303dbe6b394115b0889db1794c4e8459e166,14803,ogg,minecraft/sounds/mob/panda/eat10.ogg,entity.panda.eat,已由Minecraft Java 1.20.1 asset index解析
6ff26a1439fb6f9f353c2bd623edeb936e760855,6f/6ff26a1439fb6f9f353c2bd623edeb936e760855,5018,ogg,minecraft/sounds/mob/sheep/step4.ogg,entity.sheep.step,已由Minecraft Java 1.20.1 asset index解析
6ffcfff22efc6ba726ed80d7891b1c6e707bed60,6f/6ffcfff22efc6ba726ed80d7891b1c6e707bed60,41273,ogg,,,未在Java 1.20.1 asset index中解析（可能来自其他版本/历史缓存）
6fff13601db36bd5e9ec85dd1f3f7fffe05cc01c,6f/6fff13601db36bd5e9ec85dd1f3f7fffe05cc01c,25834,ogg,minecraft/sounds/mob/piglin_brute/idle1.ogg,entity.parrot.imitate.piglin_brute;entity.piglin_brute.ambient,已由Minecraft Java 1.20.1 asset index解析
7017e094d989c29d8759d726382df34301c16a85,70/7017e094d989c29d8759d726382df34301c16a85,24490,ogg,minecraft/sounds/block/composter/ready3.ogg,block.composter.ready,已由Minecraft Java 1.20.1 asset index解析
70404bf7f36e330293abe69d4afa6d615b5a38fe,70/70404bf7f36e330293abe69d4afa6d615b5a38fe,52954,ogg,minecraft/sounds/block/beacon/power3.ogg,block.beacon.power_select,已由Minecraft Java 1.20.1 asset index解析
705958413c53d3be211df142ac4373a4471427da,70/705958413c53d3be211df142ac4373a4471427da,15388,ogg,minecraft/sounds/mob/vex/hurt1.ogg,entity.vex.hurt,已由Minecraft Java 1.20.1 asset index解析
705a155201cc388a0c0c6f7435ddbc0fcc56b5f2,70/705a155201cc388a0c0c6f7435ddbc0fcc56b5f2,13741,ogg,minecraft/sounds/random/anvil_break.ogg,block.anvil.destroy,已由Minecraft Java 1.20.1 asset index解析
707536e8e6beb5309db5cebda68963e9b36cdd24,70/707536e8e6beb5309db5cebda68963e9b36cdd24,12632,ogg,minecraft/sounds/block/cherry_wood_hanging_sign/break1.ogg,block.cherry_wood_hanging_sign.break;block.cherry_wood_hanging_sign.place,已由Minecraft Java 1.20.1 asset index解析
7079d6665c4434054d4e5a85a50895a73b20b6af,70/7079d6665c4434054d4e5a85a50895a73b20b6af,18985,ogg,minecraft/sounds/mob/frog/eat2.ogg,entity.frog.eat,已由Minecraft Java 1.20.1 asset index解析
7080c902ae1a7544d22f4c7c57a85326231f47c4,70/7080c902ae1a7544d22f4c7c57a85326231f47c4,23626,ogg,,,未在Java 1.20.1 asset index中解析（可能来自其他版本/历史缓存）
70920699757095700d9c1d3961d65e3eed46422f,70/70920699757095700d9c1d3961d65e3eed46422f,8700,ogg,minecraft/sounds/mob/parrot/fly4.ogg,entity.parrot.fly,已由Minecraft Java 1.20.1 asset index解析
70965ad7d7b35208920a9f15f9e3406780dae66e,70/70965ad7d7b35208920a9f15f9e3406780dae66e,28594,ogg,minecraft/sounds/block/nether_ore/step5.ogg,block.gilded_blackstone.fall;block.gilded_blackstone.hit;block.gilded_blackstone.step;block.nether_gold_ore.fall;block.nether_gold_ore.hit;block.nether_gold_ore.step;block.nether_ore.fall;block.nether_ore.hit;block.nether_ore.step,已由Minecraft Java 1.20.1 asset index解析
70a1c99c314a134027988106a3b61b15389d5f2f,70/70a1c99c314a134027988106a3b61b15389d5f2f,9398,ogg,minecraft/sounds/mob/husk/step4.ogg,entity.husk.step,已由Minecraft Java 1.20.1 asset index解析
70a56b0f1157165689343b2307b67bc973716cd8,70/70a56b0f1157165689343b2307b67bc973716cd8,13461,ogg,,,未在Java 1.20.1 asset index中解析（可能来自其他版本/历史缓存）
70acefd326d60ab8d6172c74a0832a709b3324ca,70/70acefd326d60ab8d6172c74a0832a709b3324ca,18468,ogg,minecraft/sounds/block/mangrove_roots/step3.ogg,block.mangrove_roots.fall;block.mangrove_roots.hit;block.mangrove_roots.step,已由Minecraft Java 1.20.1 asset index解析
70d0d835dd444853f405a5877b0569735df51f75,70/70d0d835dd444853f405a5877b0569735df51f75,580986,json/text,,,未在Java 1.20.1 asset index中解析；本对象不是已识别OGG音频
70e1ffd8134ea42cbe26fe0e88ebabc40865e233,70/70e1ffd8134ea42cbe26fe0e88ebabc40865e233,278521,ogg,minecraft/sounds/ambient/nether/basalt_deltas/twist2.ogg,ambient.basalt_deltas.additions,已由Minecraft Java 1.20.1 asset index解析
70e583d37d85c5d5f5797e64c12c1a11d0747b12,70/70e583d37d85c5d5f5797e64c12c1a11d0747b12,19264,ogg,minecraft/sounds/mob/piglin/jealous5.ogg,entity.piglin.jealous,已由Minecraft Java 1.20.1 asset index解析
711c7bffbff757323d96b35444b64e39706a66ed,71/711c7bffbff757323d96b35444b64e39706a66ed,14242,ogg,minecraft/sounds/block/bamboo/sapling_place5.ogg,block.bamboo_sapling.break;block.bamboo_sapling.place;block.cherry_sapling.break;block.cherry_sapling.place;block.crop.break,已由Minecraft Java 1.20.1 asset index解析
711c8d8e7a1a67ace08c33a544aa3a1157ab97e2,71/711c8d8e7a1a67ace08c33a544aa3a1157ab97e2,8190,ogg,minecraft/sounds/mob/horse/wood1.ogg,entity.horse.step_wood,已由Minecraft Java 1.20.1 asset index解析
711db30a0ea786c95247d89a0a34b0043dd16210,71/711db30a0ea786c95247d89a0a34b0043dd16210,45366,ogg,minecraft/sounds/block/bubble_column/whirlpool_ambient5.ogg,block.bubble_column.whirlpool_ambient,已由Minecraft Java 1.20.1 asset index解析
712b344d869ac2fccc0f785469e9126972acb2d4,71/712b344d869ac2fccc0f785469e9126972acb2d4,357963,ogg,minecraft/sounds/ambient/nether/soulsand_valley/sand3.ogg,ambient.soul_sand_valley.additions,已由Minecraft Java 1.20.1 asset index解析
713402e6ed8e314696c666c8540034a52fdce333,71/713402e6ed8e314696c666c8540034a52fdce333,45002,ogg,minecraft/sounds/mob/warden/sonic_charge3.ogg,entity.warden.sonic_charge,已由Minecraft Java 1.20.1 asset index解析
713be8d0f6b8373cc2294f76cb80bb84abad05f6,71/713be8d0f6b8373cc2294f76cb80bb84abad05f6,11968,ogg,minecraft/sounds/mob/zombie_villager/hurt2.ogg,entity.zombie_villager.hurt,已由Minecraft Java 1.20.1 asset index解析
713e6aee67e25fa46b096ad486c9a11471a11d38,71/713e6aee67e25fa46b096ad486c9a11471a11d38,569936,json/text,,,未在Java 1.20.1 asset index中解析；本对象不是已识别OGG音频
71462d1281c3f2e6ecbd0a2cf55b31b8d7f2798d,71/71462d1281c3f2e6ecbd0a2cf55b31b8d7f2798d,19980,ogg,minecraft/sounds/mob/guardian/elder_death.ogg,entity.elder_guardian.death,已由Minecraft Java 1.20.1 asset index解析
7153e1dede08f1498781a389d5db2dd88d4f17c8,71/7153e1dede08f1498781a389d5db2dd88d4f17c8,25441,ogg,minecraft/sounds/mob/piglin/admire2.ogg,entity.piglin.admiring_item,已由Minecraft Java 1.20.1 asset index解析
715f8e684d4353f45eaa4e6f0ca82de0b7db71ff,71/715f8e684d4353f45eaa4e6f0ca82de0b7db71ff,9074,ogg,minecraft/sounds/entity/shulker_bullet/hit4.ogg,entity.shulker_bullet.hit;entity.shulker_bullet.hurt,已由Minecraft Java 1.20.1 asset index解析
716690f678f8a260ebbef179fcac9e0352cb1f4c,71/716690f678f8a260ebbef179fcac9e0352cb1f4c,12788,ogg,minecraft/sounds/mob/fox/spit1.ogg,entity.fox.spit,已由Minecraft Java 1.20.1 asset index解析
71743ea879b9903f74680ba036810922619997e6,71/71743ea879b9903f74680ba036810922619997e6,20423,ogg,,,未在Java 1.20.1 asset index中解析（可能来自其他版本/历史缓存）
7181418daf6f2afa35460ddbe0702cf12d9d63ce,71/7181418daf6f2afa35460ddbe0702cf12d9d63ce,11071,ogg,minecraft/sounds/entity/boat/paddle_water8.ogg,entity.boat.paddle_water,已由Minecraft Java 1.20.1 asset index解析
7191c138ad899e82e5a811cb7d4eed4c344c4eb0,71/7191c138ad899e82e5a811cb7d4eed4c344c4eb0,25201,ogg,minecraft/sounds/block/sculk_vein/break4.ogg,block.sculk_vein.break;block.sculk_vein.place,已由Minecraft Java 1.20.1 asset index解析
719a10effd17a4f440985febde4d27529cc278db,71/719a10effd17a4f440985febde4d27529cc278db,19304,ogg,minecraft/sounds/block/deepslate_bricks/place3.ogg,block.deepslate_bricks.break;block.deepslate_bricks.place;block.deepslate_tiles.break;block.deepslate_tiles.place,已由Minecraft Java 1.20.1 asset index解析
71b473c255837982015662f3f4e9e65981666390,71/71b473c255837982015662f3f4e9e65981666390,13401,ogg,minecraft/sounds/block/sweet_berry_bush/place5.ogg,block.sweet_berry_bush.place,已由Minecraft Java 1.20.1 asset index解析
71b5fc7aa050892f8c9a9ed2713cc1ad8874742a,71/71b5fc7aa050892f8c9a9ed2713cc1ad8874742a,6164,ogg,minecraft/sounds/mob/wolf/hurt1.ogg,entity.wolf.hurt,已由Minecraft Java 1.20.1 asset index解析
71cc853556f7ca5784c9e9fc8e0bd6778d13027b,71/71cc853556f7ca5784c9e9fc8e0bd6778d13027b,2731933,ogg,minecraft/sounds/music/game/nether/nether1.ogg,music.nether.basalt_deltas;music.nether.crimson_forest;music.nether.nether_wastes;music.nether.soul_sand_valley,已由Minecraft Java 1.20.1 asset index解析
71f7bc8ea9940bdb8e2b1124b44b8a886426bd1f,71/71f7bc8ea9940bdb8e2b1124b44b8a886426bd1f,8166,ogg,minecraft/sounds/mob/vindication_illager/idle4.ogg,entity.parrot.imitate.vindicator;entity.vindicator.ambient,已由Minecraft Java 1.20.1 asset index解析
7200434d647c6359a3719b5d67939dab6fa4884e,72/7200434d647c6359a3719b5d67939dab6fa4884e,21923,ogg,minecraft/sounds/block/shroomlight/break3.ogg,block.shroomlight.break;block.shroomlight.place,已由Minecraft Java 1.20.1 asset index解析
72138e7b530ec5eed0f16d7cc97014262826ee6f,72/72138e7b530ec5eed0f16d7cc97014262826ee6f,13127,ogg,minecraft/sounds/block/froglight/step5.ogg,block.froglight.fall;block.froglight.hit;block.froglight.step,已由Minecraft Java 1.20.1 asset index解析
721dffeec54cec90bb07986342532f327185886f,72/721dffeec54cec90bb07986342532f327185886f,7232,ogg,minecraft/sounds/mob/horse/skeleton/hit2.ogg,entity.skeleton_horse.hurt,已由Minecraft Java 1.20.1 asset index解析
724ac4e3a9713156e87ff4853b462c96cd078d6b,72/724ac4e3a9713156e87ff4853b462c96cd078d6b,46427,ogg,minecraft/sounds/block/sculk/break5.ogg,block.sculk.break,已由Minecraft Java 1.20.1 asset index解析
725790374af48a19077b10c4a0882741a5f04ca3,72/725790374af48a19077b10c4a0882741a5f04ca3,18838,ogg,minecraft/sounds/block/azalea_leaves/step5.ogg,block.azalea_leaves.fall;block.azalea_leaves.hit;block.azalea_leaves.step,已由Minecraft Java 1.20.1 asset index解析
725c34266cf2402035ae69e44bfe278d8e0200fb,72/725c34266cf2402035ae69e44bfe278d8e0200fb,63935,ogg,minecraft/sounds/mob/warden/agitated_2.ogg,entity.warden.agitated,已由Minecraft Java 1.20.1 asset index解析
725e5179c72444c6d885e39c27e6b31ed83d58bc,72/725e5179c72444c6d885e39c27e6b31ed83d58bc,26853,ogg,minecraft/sounds/mob/ghast/death.ogg,entity.ghast.death,已由Minecraft Java 1.20.1 asset index解析
72714e65a0dcf0e39b0bc96e31ff89434f4d932b,72/72714e65a0dcf0e39b0bc96e31ff89434f4d932b,341573,ogg,minecraft/sounds/ambient/nether/soulsand_valley/wind4.ogg,ambient.basalt_deltas.additions;ambient.soul_sand_valley.additions,已由Minecraft Java 1.20.1 asset index解析
7274a2231ed4544a37e599b7b014e589e5377094,72/7274a2231ed4544a37e599b7b014e589e5377094,7443,ogg,minecraft/sounds/random/glass1.ogg,block.glass.break;entity.splash_potion.break,已由Minecraft Java 1.20.1 asset index解析
728652c728fb22fd140ae2b06f93eef8df6e3088,72/728652c728fb22fd140ae2b06f93eef8df6e3088,45347,ogg,minecraft/sounds/mob/camel/eat3.ogg,entity.camel.eat,已由Minecraft Java 1.20.1 asset index解析
729942857a51357dcbee04a584abe0df32a4232b,72/729942857a51357dcbee04a584abe0df32a4232b,26847,ogg,,,未在Java 1.20.1 asset index中解析（可能来自其他版本/历史缓存）
72a006be3bd693aa23cc2f8e9c9d13ea6f829aa1,72/72a006be3bd693aa23cc2f8e9c9d13ea6f829aa1,16699,ogg,minecraft/sounds/mob/wither/hurt4.ogg,entity.wither.hurt,已由Minecraft Java 1.20.1 asset index解析
72e37a7fd294aedfc51e0263c6c537546c6deb95,72/72e37a7fd294aedfc51e0263c6c537546c6deb95,11607,ogg,minecraft/sounds/mob/panda/step1.ogg,entity.panda.step,已由Minecraft Java 1.20.1 asset index解析
72f29b1a29fabd6f75ade648d04cfefd0fd53f10,72/72f29b1a29fabd6f75ade648d04cfefd0fd53f10,572555,json/text,,,未在Java 1.20.1 asset index中解析；本对象不是已识别OGG音频
7308c68b2de502839f76488962bfd9c2d23603eb,73/7308c68b2de502839f76488962bfd9c2d23603eb,16025,ogg,minecraft/sounds/block/pointed_dripstone/drip_water1.ogg,block.pointed_dripstone.drip_water,已由Minecraft Java 1.20.1 asset index解析
73195a35ab094a02787f06cc6a0f2f525cb6a245,73/73195a35ab094a02787f06cc6a0f2f525cb6a245,19694,ogg,,,未在Java 1.20.1 asset index中解析（可能来自其他版本/历史缓存）
7336b09e37536fa4e88f0b3b59e416b28eae98b1,73/7336b09e37536fa4e88f0b3b59e416b28eae98b1,22335,ogg,minecraft/sounds/block/nether_wood_door/toggle1.ogg,block.nether_wood_door.close;block.nether_wood_door.open,已由Minecraft Java 1.20.1 asset index解析
73698a2d0e2335e6b2985df499e08101ee676a98,73/73698a2d0e2335e6b2985df499e08101ee676a98,16510,ogg,,,未在Java 1.20.1 asset index中解析（可能来自其他版本/历史缓存）
738bb3c2fab41638ab22dfeede5ddb022c432629,73/738bb3c2fab41638ab22dfeede5ddb022c432629,15794,ogg,minecraft/sounds/mob/cat/ocelot/idle4.ogg,entity.ocelot.ambient,已由Minecraft Java 1.20.1 asset index解析
73909900231d6f994e92cea983eb34d20cdd6461,73/73909900231d6f994e92cea983eb34d20cdd6461,7133,ogg,minecraft/sounds/mob/horse/hit4.ogg,entity.horse.hurt,已由Minecraft Java 1.20.1 asset index解析
7397aec16ab142151a3dc45f544907f2b1be4459,73/7397aec16ab142151a3dc45f544907f2b1be4459,13918,ogg,minecraft/sounds/block/bamboo/sapling_place6.ogg,block.bamboo_sapling.break;block.bamboo_sapling.place;block.cherry_sapling.break;block.cherry_sapling.place;block.crop.break,已由Minecraft Java 1.20.1 asset index解析
739d157cea881e2ce67ed7deb4bb87f7fc7eb3e3,73/739d157cea881e2ce67ed7deb4bb87f7fc7eb3e3,63797,ogg,minecraft/sounds/block/bubble_column/whirlpool_ambient3.ogg,block.bubble_column.whirlpool_ambient,已由Minecraft Java 1.20.1 asset index解析
739dc564cf6d0ff909542293cd5754d4aa52bf2c,73/739dc564cf6d0ff909542293cd5754d4aa52bf2c,20583,ogg,minecraft/sounds/block/furnace/fire_crackle4.ogg,block.furnace.fire_crackle,已由Minecraft Java 1.20.1 asset index解析
73a3bfcb37099c49ac22e6fa308ca14a6e4f8347,73/73a3bfcb37099c49ac22e6fa308ca14a6e4f8347,12570,ogg,minecraft/sounds/block/wooden_door/close3.ogg,block.wooden_door.close,已由Minecraft Java 1.20.1 asset index解析
73bdfd21b6cdb9b8754a1db8048281c356f800bf,73/73bdfd21b6cdb9b8754a1db8048281c356f800bf,31859,ogg,minecraft/sounds/mob/hoglin/angry4.ogg,entity.hoglin.angry,已由Minecraft Java 1.20.1 asset index解析
73c29e0ac5ff0de60f54680f750cb0e2a946b45b,73/73c29e0ac5ff0de60f54680f750cb0e2a946b45b,13757,ogg,minecraft/sounds/mob/frog/step1.ogg,entity.frog.step,已由Minecraft Java 1.20.1 asset index解析
73d282fd17857eba131e7150f3f7a2fb1bf30c5a,73/73d282fd17857eba131e7150f3f7a2fb1bf30c5a,20050,ogg,minecraft/sounds/block/netherite/step1.ogg,block.netherite_block.fall;block.netherite_block.hit;block.netherite_block.step,已由Minecraft Java 1.20.1 asset index解析
73dd49398ce0797cc69a77b3603867e388e5a05a,73/73dd49398ce0797cc69a77b3603867e388e5a05a,36078,ogg,minecraft/sounds/mob/phantom/bite2.ogg,entity.phantom.bite,已由Minecraft Java 1.20.1 asset index解析
73df1a455ae665dc711edc5471740f4415f3a30d,73/73df1a455ae665dc711edc5471740f4415f3a30d,35322,ogg,,,未在Java 1.20.1 asset index中解析（可能来自其他版本/历史缓存）
73fa34c4065e2f9966189653983248eaa3f5b009,73/73fa34c4065e2f9966189653983248eaa3f5b009,16007,ogg,minecraft/sounds/entity/endereye/endereye_launch2.ogg,entity.ender_eye.launch,已由Minecraft Java 1.20.1 asset index解析
7422f0be8db1990543caab5d614aee51ab6b1ef8,74/7422f0be8db1990543caab5d614aee51ab6b1ef8,655398,ogg,minecraft/sounds/ambient/nether/crimson_forest/particles3.ogg,ambient.crimson_forest.additions;ambient.warped_forest.additions,已由Minecraft Java 1.20.1 asset index解析
7425e3e9082b34174bc803a0b5b639c45b9f6631,74/7425e3e9082b34174bc803a0b5b639c45b9f6631,53906,ogg,minecraft/sounds/item/brush/brush_sand_complete1.ogg,item.brush.brushing.sand.complete,已由Minecraft Java 1.20.1 asset index解析
742e0210dad423ad9da5535041dfd6561ede0e38,74/742e0210dad423ad9da5535041dfd6561ede0e38,22862,ogg,minecraft/sounds/mob/sniffer/hurt1.ogg,entity.sniffer.hurt,已由Minecraft Java 1.20.1 asset index解析
743c62a34e566cd44ef4d2af8d46ee97ca27b8bd,74/743c62a34e566cd44ef4d2af8d46ee97ca27b8bd,43928,ogg,minecraft/sounds/block/conduit/short9.ogg,block.conduit.ambient.short,已由Minecraft Java 1.20.1 asset index解析
744cbff6c19c4ed15fbde1d0b1c7c0667857598b,74/744cbff6c19c4ed15fbde1d0b1c7c0667857598b,15219,ogg,,,未在Java 1.20.1 asset index中解析（可能来自其他版本/历史缓存）
7455c3943373804f3cf466981240ef1ef4233184,74/7455c3943373804f3cf466981240ef1ef4233184,12067,ogg,,,未在Java 1.20.1 asset index中解析（可能来自其他版本/历史缓存）
74703134a27a57d2de96860bca55d447759c0edc,74/74703134a27a57d2de96860bca55d447759c0edc,211632,png,,,未在Java 1.20.1 asset index中解析；本对象不是已识别OGG音频
74771428c2aa2acbd30638c6706867053bad64d3,74/74771428c2aa2acbd30638c6706867053bad64d3,6647,ogg,minecraft/sounds/mob/creeper/say1.ogg,entity.creeper.hurt,已由Minecraft Java 1.20.1 asset index解析
747e06241f0959846b50cd4dd2309903f57e694f,74/747e06241f0959846b50cd4dd2309903f57e694f,18178,ogg,minecraft/sounds/block/copper/break2.ogg,block.copper.break;block.copper.place,已由Minecraft Java 1.20.1 asset index解析
7496b0e5fe51d486a1c18a10f354802b64c72df5,74/7496b0e5fe51d486a1c18a10f354802b64c72df5,10071,ogg,minecraft/sounds/mob/llama/death2.ogg,entity.llama.death,已由Minecraft Java 1.20.1 asset index解析
74a040d9a839dd9e4028c808c8cea9e514c063d3,74/74a040d9a839dd9e4028c808c8cea9e514c063d3,18060,ogg,minecraft/sounds/block/rooted_dirt/break3.ogg,block.rooted_dirt.break;block.rooted_dirt.place,已由Minecraft Java 1.20.1 asset index解析
74a1530c1219bbfd1620c22a1513b13bd66e6b71,74/74a1530c1219bbfd1620c22a1513b13bd66e6b71,584864,json/text,,,未在Java 1.20.1 asset index中解析；本对象不是已识别OGG音频
74affd16eb79df36389bfcfe11ba6e06e0429f1f,74/74affd16eb79df36389bfcfe11ba6e06e0429f1f,49353,ogg,minecraft/sounds/item/goat_horn/call1.ogg,item.goat_horn.sound.1,已由Minecraft Java 1.20.1 asset index解析
74c2c4cd3ccc69adae111b684d8620ce59c305ba,74/74c2c4cd3ccc69adae111b684d8620ce59c305ba,6786,ogg,minecraft/sounds/item/armor/equip_leather6.ogg,item.armor.equip_elytra;item.armor.equip_leather,已由Minecraft Java 1.20.1 asset index解析
74d8eba4e23664a6b6d710e55950567040bbc0c9,74/74d8eba4e23664a6b6d710e55950567040bbc0c9,15543,ogg,,,未在Java 1.20.1 asset index中解析（可能来自其他版本/历史缓存）
74da65c99aa578486efa7b69983d3533e14c0d6e,74/74da65c99aa578486efa7b69983d3533e14c0d6e,1976731,ogg,minecraft/sounds/music/game/calm2.ogg,music.creative;music.game;music.overworld.cherry_grove;music.overworld.forest;music.overworld.grove;music.overworld.lush_caves;music.overworld.old_growth_taiga,已由Minecraft Java 1.20.1 asset index解析
74e5422bd83bb2041a6f0d09644bc095c0e9e21a,74/74e5422bd83bb2041a6f0d09644bc095c0e9e21a,7956,ogg,minecraft/sounds/mob/chicken/say1.ogg,entity.chicken.ambient,已由Minecraft Java 1.20.1 asset index解析
74f0b9d3c982cd29f648c7c78b9ee3a02b010f8c,74/74f0b9d3c982cd29f648c7c78b9ee3a02b010f8c,27346,ogg,minecraft/sounds/mob/irongolem/repair.ogg,entity.iron_golem.repair,已由Minecraft Java 1.20.1 asset index解析
7510fee7d1d2d990a89acad1aed3c4e755259a31,75/7510fee7d1d2d990a89acad1aed3c4e755259a31,431619,ogg,minecraft/sounds/ambient/nether/crimson_forest/addition1.ogg,ambient.crimson_forest.additions;ambient.warped_forest.additions,已由Minecraft Java 1.20.1 asset index解析
7517eb6d9b3b309b0667586aa015bcbc11272971,75/7517eb6d9b3b309b0667586aa015bcbc11272971,4770,ogg,minecraft/sounds/mob/parrot/idle1.ogg,entity.parrot.ambient,已由Minecraft Java 1.20.1 asset index解析
751fec52a10bb2a5309a765fc622727422556a64,75/751fec52a10bb2a5309a765fc622727422556a64,94195,ogg,minecraft/sounds/ambient/underwater/exit1.ogg,ambient.underwater.exit,已由Minecraft Java 1.20.1 asset index解析
752470575a20122daa30d95243c67d6e27de42ed,75/752470575a20122daa30d95243c67d6e27de42ed,31912,ogg,minecraft/sounds/mob/piglin/idle4.ogg,block.note_block.imitate.piglin;entity.parrot.imitate.piglin;entity.piglin.ambient,已由Minecraft Java 1.20.1 asset index解析
7536d1640c5ada4b4174adb964c3f5cea1e3a45e,75/7536d1640c5ada4b4174adb964c3f5cea1e3a45e,36124,ogg,minecraft/sounds/mob/goat/pre_ram1.ogg,entity.goat.prepare_ram,已由Minecraft Java 1.20.1 asset index解析
753a88c1d9b3b46210c18ff07974955463edd18b,75/753a88c1d9b3b46210c18ff07974955463edd18b,6883,ogg,minecraft/sounds/mob/endermen/hit1.ogg,entity.enderman.hurt,已由Minecraft Java 1.20.1 asset index解析
754fbf8aa9c2ee7a185b1f3a7a8ae5c894ef587a,75/754fbf8aa9c2ee7a185b1f3a7a8ae5c894ef587a,16600,ogg,minecraft/sounds/block/big_dripleaf/tilt_down2.ogg,block.big_dripleaf.tilt_down,已由Minecraft Java 1.20.1 asset index解析
755c6326b95dd496c70fca25f479aec022cac116,75/755c6326b95dd496c70fca25f479aec022cac116,25018,ogg,minecraft/sounds/block/nether_wood/step4.ogg,block.nether_wood.fall;block.nether_wood.hit;block.nether_wood.step,已由Minecraft Java 1.20.1 asset index解析
756529ea99c4e259d66b1dd0b945e7d62904e2c8,75/756529ea99c4e259d66b1dd0b945e7d62904e2c8,24561,ogg,minecraft/sounds/mob/vex/idle3.ogg,entity.parrot.imitate.vex;entity.vex.ambient,已由Minecraft Java 1.20.1 asset index解析
757a1663baf4c967a03bb402e52db06b65e81528,75/757a1663baf4c967a03bb402e52db06b65e81528,35091,ogg,minecraft/sounds/mob/zoglin/step1.ogg,entity.zoglin.step,已由Minecraft Java 1.20.1 asset index解析
7584883d3969a771716a29f55a695acad068c9c8,75/7584883d3969a771716a29f55a695acad068c9c8,5802,ogg,minecraft/sounds/mob/llama/step1.ogg,entity.llama.step,已由Minecraft Java 1.20.1 asset index解析
7588e63d69dcc676ab7ba1aa67a59d6eed819e21,75/7588e63d69dcc676ab7ba1aa67a59d6eed819e21,22610,ogg,minecraft/sounds/mob/ravager/hurt3.ogg,entity.ravager.hurt,已由Minecraft Java 1.20.1 asset index解析
758d2a1c36abc84d2744d697b76d5414ea96d9f3,75/758d2a1c36abc84d2744d697b76d5414ea96d9f3,8430,ogg,minecraft/sounds/mob/cow/hurt2.ogg,entity.cow.death;entity.cow.hurt,已由Minecraft Java 1.20.1 asset index解析
75af15fdccce46438f39838d400f520649b81cd8,75/75af15fdccce46438f39838d400f520649b81cd8,20231,ogg,minecraft/sounds/block/netherwart/step3.ogg,block.wart_block.fall;block.wart_block.hit;block.wart_block.step,已由Minecraft Java 1.20.1 asset index解析
75c7b109405d04ff20e1f5750969b3899a590358,75/75c7b109405d04ff20e1f5750969b3899a590358,17346,ogg,minecraft/sounds/block/cherrywood_door/toggle4.ogg,block.cherry_wood_door.close;block.cherry_wood_door.open,已由Minecraft Java 1.20.1 asset index解析
75ce59351f679dcaf44a6db7b3c741c574fa3d99,75/75ce59351f679dcaf44a6db7b3c741c574fa3d99,45372,ogg,minecraft/sounds/block/conduit/short6.ogg,block.conduit.ambient.short,已由Minecraft Java 1.20.1 asset index解析
75f4ba885bd66d43e9ff6499dd8d7997bfc50f91,75/75f4ba885bd66d43e9ff6499dd8d7997bfc50f91,27488,ogg,minecraft/sounds/mob/axolotl/attack4.ogg,entity.axolotl.attack,已由Minecraft Java 1.20.1 asset index解析
75feac0fe57873c7f2e93d4cccf24014ab8dc905,75/75feac0fe57873c7f2e93d4cccf24014ab8dc905,8800,ogg,minecraft/sounds/mob/horse/zombie/hit1.ogg,entity.zombie_horse.hurt,已由Minecraft Java 1.20.1 asset index解析
7621881ced7901c92236f386c26cd678aaf9ba49,76/7621881ced7901c92236f386c26cd678aaf9ba49,21218,ogg,minecraft/sounds/item/axe/strip4.ogg,item.axe.strip,已由Minecraft Java 1.20.1 asset index解析
76331f2c718b54bc1829239910fd616496ef66fa,76/76331f2c718b54bc1829239910fd616496ef66fa,54167,ogg,minecraft/sounds/mob/goat/scream5.ogg,entity.goat.screaming.ambient,已由Minecraft Java 1.20.1 asset index解析
763cc79934a572b84c371cb49afad5912f29d2f1,76/763cc79934a572b84c371cb49afad5912f29d2f1,8382,ogg,minecraft/sounds/mob/silverfish/step1.ogg,entity.endermite.step;entity.silverfish.step,已由Minecraft Java 1.20.1 asset index解析
76416d1c4fc50356e17a1aef8a80358d85174f5c,76/76416d1c4fc50356e17a1aef8a80358d85174f5c,6788,ogg,minecraft/sounds/entity/bobber/retrieve1.ogg,entity.fishing_bobber.retrieve,已由Minecraft Java 1.20.1 asset index解析
76440d134c908d9c0114aecc9ffbb63cd3b18106,76/76440d134c908d9c0114aecc9ffbb63cd3b18106,225032,ogg,minecraft/sounds/ambient/nether/soulsand_valley/whisper7.ogg,ambient.soul_sand_valley.additions,已由Minecraft Java 1.20.1 asset index解析
7663355cd3c9734cde0fbfecd7bd44ffc5a5d507,76/7663355cd3c9734cde0fbfecd7bd44ffc5a5d507,17437,ogg,minecraft/sounds/mob/guardian/elder_idle2.ogg,entity.elder_guardian.ambient,已由Minecraft Java 1.20.1 asset index解析
766d75e814c9e6d8ff3a82cded2ef571aae504c4,76/766d75e814c9e6d8ff3a82cded2ef571aae504c4,15044,ogg,,,未在Java 1.20.1 asset index中解析（可能来自其他版本/历史缓存）
7690c52b7190d7e63681d868bba510f9c9301b7a,76/7690c52b7190d7e63681d868bba510f9c9301b7a,19381,ogg,minecraft/sounds/block/nether_bricks/break1.ogg,block.nether_bricks.break;block.nether_bricks.place,已由Minecraft Java 1.20.1 asset index解析
76aa158461bacbcd138f88c0338f56525bfd55b9,76/76aa158461bacbcd138f88c0338f56525bfd55b9,7127,ogg,minecraft/sounds/mob/horse/soft5.ogg,entity.horse.step,已由Minecraft Java 1.20.1 asset index解析
76c2271026bcf9cbaf16dc1c45942ccacaed1ad6,76/76c2271026bcf9cbaf16dc1c45942ccacaed1ad6,51572,ogg,,,未在Java 1.20.1 asset index中解析（可能来自其他版本/历史缓存）
76de0a736928eac5003691d73bdc2eda92116198,76/76de0a736928eac5003691d73bdc2eda92116198,7013,ogg,minecraft/sounds/step/grass3.ogg,block.grass.fall;block.grass.hit;block.grass.step;block.vine.hit,已由Minecraft Java 1.20.1 asset index解析
76ed99c31216d33b7c2d3a5eb385132f0a07f5dc,76/76ed99c31216d33b7c2d3a5eb385132f0a07f5dc,7060,ogg,minecraft/sounds/item/armor/equip_diamond6.ogg,item.armor.equip_diamond,已由Minecraft Java 1.20.1 asset index解析
76f9fca45051f432eb913b3af0c44acf479a3585,76/76f9fca45051f432eb913b3af0c44acf479a3585,15058,ogg,minecraft/sounds/block/sculk/charge3.ogg,block.sculk.charge,已由Minecraft Java 1.20.1 asset index解析
76ff42a0d9f5c0b744b8a6134802e3c8fc5c31ce,76/76ff42a0d9f5c0b744b8a6134802e3c8fc5c31ce,537385,json/text,,,未在Java 1.20.1 asset index中解析；本对象不是已识别OGG音频
770b3f1feb05b9b941d858eb72b9d04ffc5d52c9,77/770b3f1feb05b9b941d858eb72b9d04ffc5d52c9,17766,ogg,minecraft/sounds/mob/irongolem/death.ogg,entity.iron_golem.death,已由Minecraft Java 1.20.1 asset index解析
770fcb86fb8fef3c74f6f2822e8a815a7aebdb34,77/770fcb86fb8fef3c74f6f2822e8a815a7aebdb34,16197,ogg,minecraft/sounds/block/candle/step5.ogg,block.candle.fall;block.candle.hit;block.candle.step,已由Minecraft Java 1.20.1 asset index解析
77109350e5cf7cfaa0cc1543294dde3d76324645,77/77109350e5cf7cfaa0cc1543294dde3d76324645,11363,ogg,minecraft/sounds/block/composter/empty2.ogg,block.composter.empty,已由Minecraft Java 1.20.1 asset index解析
773b5282fa8c170f6966f3d7330d6c000e43e293,77/773b5282fa8c170f6966f3d7330d6c000e43e293,15157,ogg,minecraft/sounds/step/scaffold5.ogg,block.scaffolding.fall;block.scaffolding.hit;block.scaffolding.step,已由Minecraft Java 1.20.1 asset index解析
775f083130c38a179d6fb8ba3fdb3760344adb0f,77/775f083130c38a179d6fb8ba3fdb3760344adb0f,34623,ogg,minecraft/sounds/mob/strider/retreat1.ogg,entity.strider.retreat,已由Minecraft Java 1.20.1 asset index解析
7778df9b63d09e89859058afdf31e3f426e5bebf,77/7778df9b63d09e89859058afdf31e3f426e5bebf,12329,ogg,minecraft/sounds/mob/polarbear/death3.ogg,entity.polar_bear.death,已由Minecraft Java 1.20.1 asset index解析
77936504f2ac9d2e5821e23dbe810f9d38b5091c,77/77936504f2ac9d2e5821e23dbe810f9d38b5091c,18385,ogg,minecraft/sounds/mob/turtle/hurt2.ogg,entity.turtle.hurt,已由Minecraft Java 1.20.1 asset index解析
779a25f18a4e46176467a600a13904b4accd01b8,77/779a25f18a4e46176467a600a13904b4accd01b8,546337,json/text,,,未在Java 1.20.1 asset index中解析；本对象不是已识别OGG音频
77a5d445ed9ee588846947ac3df63f84be6d569d,77/77a5d445ed9ee588846947ac3df63f84be6d569d,7474,ogg,minecraft/sounds/mob/wolf/death.ogg,entity.wolf.death,已由Minecraft Java 1.20.1 asset index解析
77a7b79d4f2ada27640866ece1020b631f5bdc54,77/77a7b79d4f2ada27640866ece1020b631f5bdc54,11650,ogg,minecraft/sounds/mob/ghast/scream5.ogg,entity.ghast.hurt,已由Minecraft Java 1.20.1 asset index解析
77daa26cee89db6eafaf2e8529142db5f0d73ef2,77/77daa26cee89db6eafaf2e8529142db5f0d73ef2,73625,ogg,minecraft/sounds/mob/warden/ambient_10.ogg,entity.warden.ambient,已由Minecraft Java 1.20.1 asset index解析
77e87c6b92d268d8dc5a25780340461cda53b99c,77/77e87c6b92d268d8dc5a25780340461cda53b99c,5169,ogg,minecraft/sounds/entity/shulker/open3.ogg,entity.shulker.open,已由Minecraft Java 1.20.1 asset index解析
77f2637697ed742b9a74c8ba2b17ba9ae9b4d273,77/77f2637697ed742b9a74c8ba2b17ba9ae9b4d273,12296,ogg,minecraft/sounds/dig/wet_grass1.ogg,block.wet_grass.break;block.wet_grass.place,已由Minecraft Java 1.20.1 asset index解析
780917a341ca4e6a5a8f4e744142a94069189fb0,78/780917a341ca4e6a5a8f4e744142a94069189fb0,5252,ogg,minecraft/sounds/entity/player/attack/strong3.ogg,entity.player.attack.strong,已由Minecraft Java 1.20.1 asset index解析
78152dc42b036e0de7616e6e669ce5a81d17f82a,78/78152dc42b036e0de7616e6e669ce5a81d17f82a,219029,ogg,minecraft/sounds/music/game/nuance2.ogg,music.creative;music.game;music.overworld.badlands;music.overworld.bamboo_jungle;music.overworld.desert;music.overworld.dripstone_caves;music.overworld.flower_forest;music.overworld.forest;music.overworld.grove;music.overworld.jagged_peaks;music.overworld.jungle;music.overworld.old_growth_taiga;music.overworld.sparse_jungle,已由Minecraft Java 1.20.1 asset index解析
78183ddf604932321529eead4266f5d1607e1e03,78/78183ddf604932321529eead4266f5d1607e1e03,36851,ogg,minecraft/sounds/mob/ravager/death1.ogg,entity.ravager.death,已由Minecraft Java 1.20.1 asset index解析
78244ba4bba775f92e51148fab026d7c399e9055,78/78244ba4bba775f92e51148fab026d7c399e9055,4779,ogg,minecraft/sounds/entity/shulker/hurt_closed4.ogg,entity.shulker.hurt_closed,已由Minecraft Java 1.20.1 asset index解析
783ddccf4681a0c50d3e651f4e6ac27a0f4ea76f,78/783ddccf4681a0c50d3e651f4e6ac27a0f4ea76f,1809290,ogg,minecraft/sounds/music/menu/menu2.ogg,music.menu,已由Minecraft Java 1.20.1 asset index解析
784891ecc861171b9fc9397b41b0926aada4ab29,78/784891ecc861171b9fc9397b41b0926aada4ab29,27280,ogg,minecraft/sounds/block/suspicious_sand/break5.ogg,block.suspicious_sand.break,已由Minecraft Java 1.20.1 asset index解析
7876668984a8e18c0b2c4bcd5cc7e6fc9046c8a2,78/7876668984a8e18c0b2c4bcd5cc7e6fc9046c8a2,68960,ogg,minecraft/sounds/mob/warden/nearby_closest_3.ogg,entity.warden.nearby_closest,已由Minecraft Java 1.20.1 asset index解析
78d544a240d627005aaef6033fd646eafc66fe7a,78/78d544a240d627005aaef6033fd646eafc66fe7a,22054,ogg,minecraft/sounds/mob/blaze/breathe4.ogg,entity.blaze.ambient;entity.parrot.imitate.blaze,已由Minecraft Java 1.20.1 asset index解析
78ee5b46b6615191b7a16d259fcbda273762297e,78/78ee5b46b6615191b7a16d259fcbda273762297e,11481,ogg,minecraft/sounds/mob/wither/shoot.ogg,entity.wither.shoot,已由Minecraft Java 1.20.1 asset index解析
78ee7abb2a95e24be9f19236d94bafa2ceb812e1,78/78ee7abb2a95e24be9f19236d94bafa2ceb812e1,18900,ogg,minecraft/sounds/block/suspicious_gravel/place3.ogg,block.suspicious_gravel.place,已由Minecraft Java 1.20.1 asset index解析
78f034d58779fb4d22b00ea249015a0dbf4e7b3f,78/78f034d58779fb4d22b00ea249015a0dbf4e7b3f,11106,ogg,minecraft/sounds/random/bowhit1.ogg,block.tripwire.detach;entity.arrow.hit;item.crossbow.hit,已由Minecraft Java 1.20.1 asset index解析
78f33e68a3142032e0a1b0c95012f4bcb2ea3ea9,78/78f33e68a3142032e0a1b0c95012f4bcb2ea3ea9,11133,ogg,minecraft/sounds/block/lantern/break6.ogg,block.lantern.break;block.lantern.fall;block.lantern.step,已由Minecraft Java 1.20.1 asset index解析
79081e734887536ff42c30187ee83aa8d7aad176,79/79081e734887536ff42c30187ee83aa8d7aad176,18238,ogg,,,未在Java 1.20.1 asset index中解析（可能来自其他版本/历史缓存）
791295e1d7031a17949eb24553cadc06faf04f9a,79/791295e1d7031a17949eb24553cadc06faf04f9a,76302,ogg,minecraft/sounds/ambient/nether/nether_wastes/mood2.ogg,ambient.basalt_deltas.mood;ambient.nether_wastes.mood,已由Minecraft Java 1.20.1 asset index解析
795a2dff3dbae397475b8a37134bd18bc2aa0a3c,79/795a2dff3dbae397475b8a37134bd18bc2aa0a3c,16145,ogg,minecraft/sounds/mob/goat/horn_break2.ogg,entity.goat.horn_break,已由Minecraft Java 1.20.1 asset index解析
79948a332ee6c72d38fe54291118120c144b2c8b,79/79948a332ee6c72d38fe54291118120c144b2c8b,15734,ogg,minecraft/sounds/block/big_dripleaf/tilt_down5.ogg,block.big_dripleaf.tilt_down,已由Minecraft Java 1.20.1 asset index解析
79a5b53bf22cca182ddff2a670942c49867663ec,79/79a5b53bf22cca182ddff2a670942c49867663ec,22725,ogg,minecraft/sounds/ambient/cave/cave10.ogg,ambient.cave,已由Minecraft Java 1.20.1 asset index解析
79ac9cc6fbb67cd1eeea2fcbf29804088b140f15,79/79ac9cc6fbb67cd1eeea2fcbf29804088b140f15,6707,ogg,minecraft/sounds/entity/witch/drink2.ogg,entity.witch.drink,已由Minecraft Java 1.20.1 asset index解析
79ae36927d7d5e1d4210debb5e98c0a8d0e4ba39,79/79ae36927d7d5e1d4210debb5e98c0a8d0e4ba39,11518,ogg,minecraft/sounds/block/lantern/place4.ogg,block.lantern.hit;block.lantern.place,已由Minecraft Java 1.20.1 asset index解析
79afbeabcdbb063cfa00d544dc00beac8543a581,79/79afbeabcdbb063cfa00d544dc00beac8543a581,19307,ogg,minecraft/sounds/mob/wither/idle3.ogg,entity.parrot.imitate.wither;entity.wither.ambient,已由Minecraft Java 1.20.1 asset index解析
79b636ffca3ff472de7e1d7c8cfb46a77874417a,79/79b636ffca3ff472de7e1d7c8cfb46a77874417a,20284,ogg,minecraft/sounds/mob/axolotl/idle1.ogg,entity.axolotl.idle_water,已由Minecraft Java 1.20.1 asset index解析
79bd529dadda8bb541b9ee8994a35b9bd5a8abad,79/79bd529dadda8bb541b9ee8994a35b9bd5a8abad,33267,ogg,minecraft/sounds/item/trident/return2.ogg,item.trident.return,已由Minecraft Java 1.20.1 asset index解析
79c2b09e259028ad2470b8f6260974efb91d9663,79/79c2b09e259028ad2470b8f6260974efb91d9663,20371,ogg,minecraft/sounds/mob/cat/hitt2.ogg,entity.cat.death;entity.cat.hurt;entity.ocelot.hurt,已由Minecraft Java 1.20.1 asset index解析
79d04ef130c1369b1aef68b7690e8ef86823a5eb,79/79d04ef130c1369b1aef68b7690e8ef86823a5eb,22467,ogg,minecraft/sounds/block/azalea_leaves/step4.ogg,block.azalea_leaves.fall;block.azalea_leaves.hit;block.azalea_leaves.step,已由Minecraft Java 1.20.1 asset index解析
79d40a92b64ab6cabd8676c621ca6db11ae48d7f,79/79d40a92b64ab6cabd8676c621ca6db11ae48d7f,556636,json/text,,,未在Java 1.20.1 asset index中解析；本对象不是已识别OGG音频
79f72a74753d81086324b8a826cab0a612bc57a4,79/79f72a74753d81086324b8a826cab0a612bc57a4,9815,ogg,minecraft/sounds/block/bamboo/sapling_hit1.ogg,block.bamboo_sapling.hit;block.cherry_sapling.fall;block.cherry_sapling.hit;block.cherry_sapling.step,已由Minecraft Java 1.20.1 asset index解析
79fbb2bb52f442f91cb60c56e5eed0508a9c1bce,79/79fbb2bb52f442f91cb60c56e5eed0508a9c1bce,29468,ogg,minecraft/sounds/mob/piglin/retreat1.ogg,entity.piglin.retreat,已由Minecraft Java 1.20.1 asset index解析
7a09d71409eff220fc9d48053e7faa2d315f9de8,7a/7a09d71409eff220fc9d48053e7faa2d315f9de8,20686,ogg,,,未在Java 1.20.1 asset index中解析（可能来自其他版本/历史缓存）
7a0cf32ccf684890a6f9df896b0949fa41765feb,7a/7a0cf32ccf684890a6f9df896b0949fa41765feb,10858,ogg,minecraft/sounds/block/bamboo/step2.ogg,block.bamboo.fall;block.bamboo.hit;block.bamboo.step,已由Minecraft Java 1.20.1 asset index解析
7a122f23df31c32c5c2d14e06548a56546b5ea6c,7a/7a122f23df31c32c5c2d14e06548a56546b5ea6c,6789,ogg,minecraft/sounds/item/armor/equip_gold1.ogg,item.armor.equip_gold,已由Minecraft Java 1.20.1 asset index解析
7a37e50b5e9dda4f8fbb539708048602829bdf2e,7a/7a37e50b5e9dda4f8fbb539708048602829bdf2e,24570,ogg,minecraft/sounds/block/soul_sand/break2.ogg,block.soul_sand.break;block.soul_sand.place,已由Minecraft Java 1.20.1 asset index解析
7a4f2566e6d1ff536a9c6d7f9a0d804d15a3ce62,7a/7a4f2566e6d1ff536a9c6d7f9a0d804d15a3ce62,5225,ogg,minecraft/sounds/entity/painting/break3.ogg,entity.painting.break,已由Minecraft Java 1.20.1 asset index解析
7a592a3ed350382ce982c3598c48d88623b228c2,7a/7a592a3ed350382ce982c3598c48d88623b228c2,744967,json/text,,,未在Java 1.20.1 asset index中解析；本对象不是已识别OGG音频
7a75f9d7e19f94dc8c6e9ae60d79afe4841cef01,7a/7a75f9d7e19f94dc8c6e9ae60d79afe4841cef01,403730,ogg,minecraft/sounds/minecart/inside_underwater1.ogg,entity.minecart.inside.underwater,已由Minecraft Java 1.20.1 asset index解析
7aa18022b06bfdb160c4f9a065b29e758644dd8f,7a/7aa18022b06bfdb160c4f9a065b29e758644dd8f,33530,ogg,minecraft/sounds/block/suspicious_sand/break2.ogg,block.suspicious_sand.break,已由Minecraft Java 1.20.1 asset index解析
7ab9e39691e28779fd0e9744c56a1054e9614baa,7a/7ab9e39691e28779fd0e9744c56a1054e9614baa,11312,ogg,minecraft/sounds/mob/fox/idle1.ogg,entity.fox.ambient,已由Minecraft Java 1.20.1 asset index解析
7af1a28098c6e4c24965094c333dfb7025173d43,7a/7af1a28098c6e4c24965094c333dfb7025173d43,106036,ogg,minecraft/sounds/mob/warden/roar_5.ogg,entity.warden.roar,已由Minecraft Java 1.20.1 asset index解析
7b19c3abdf4a3ba1cd50947b87a097b40d9d8204,7b/7b19c3abdf4a3ba1cd50947b87a097b40d9d8204,22063,ogg,minecraft/sounds/item/trident/ground_impact1.ogg,item.trident.hit_ground,已由Minecraft Java 1.20.1 asset index解析
7b3d4e56ae5ba12e8a89a85fe434752908706936,7b/7b3d4e56ae5ba12e8a89a85fe434752908706936,32200,ogg,minecraft/sounds/mob/sniffer/idle5.ogg,entity.sniffer.idle,已由Minecraft Java 1.20.1 asset index解析
7b4b5323ef066caa1ae43cbe66fffd9dfce4ed32,7b/7b4b5323ef066caa1ae43cbe66fffd9dfce4ed32,10010,ogg,minecraft/sounds/mob/endermen/portal.ogg,entity.enderman.teleport;entity.fox.teleport;entity.shulker.teleport;item.chorus_fruit.teleport,已由Minecraft Java 1.20.1 asset index解析
7b4ef660f407d0c1d10d722a10f0694617f00662,7b/7b4ef660f407d0c1d10d722a10f0694617f00662,19707,ogg,minecraft/sounds/block/sculk/spread2.ogg,block.sculk.spread,已由Minecraft Java 1.20.1 asset index解析
7b5d5b05b0ba78178568c4d4ad5c9f4c22d61e16,7b/7b5d5b05b0ba78178568c4d4ad5c9f4c22d61e16,27098,ogg,minecraft/sounds/mob/panda/death2.ogg,entity.panda.death,已由Minecraft Java 1.20.1 asset index解析
7b8bf0f4d76e9d589a2b812ad415f5adf70df1f4,7b/7b8bf0f4d76e9d589a2b812ad415f5adf70df1f4,576459,json/text,,,未在Java 1.20.1 asset index中解析；本对象不是已识别OGG音频
7b99a069d855e1089c025e75c0b4ea6699220804,7b/7b99a069d855e1089c025e75c0b4ea6699220804,5475,ogg,minecraft/sounds/entity/shulker/close1.ogg,entity.shulker.close,已由Minecraft Java 1.20.1 asset index解析
7bc0bbd5a259c1d2aacff9d3e07543a9d1caaaca,7b/7bc0bbd5a259c1d2aacff9d3e07543a9d1caaaca,33807,ogg,minecraft/sounds/block/suspicious_sand/step2.ogg,block.suspicious_sand.fall;block.suspicious_sand.hit;block.suspicious_sand.step,已由Minecraft Java 1.20.1 asset index解析
7be841b7e39f91360fcd74cb352652d38e60f44a,7b/7be841b7e39f91360fcd74cb352652d38e60f44a,8350,ogg,,,未在Java 1.20.1 asset index中解析（可能来自其他版本/历史缓存）
7bf3553a4fe41a0078f4988a13d6e1ed8663ef4c,7b/7bf3553a4fe41a0078f4988a13d6e1ed8663ef4c,6728,ogg,minecraft/sounds/dig/gravel4.ogg,block.gravel.break;block.gravel.place,已由Minecraft Java 1.20.1 asset index解析
7bffba58e634ee2f4b88dd3582bab4b5ff8b62d9,7b/7bffba58e634ee2f4b88dd3582bab4b5ff8b62d9,126423,ogg,minecraft/sounds/ambient/underwater/additions/water1.ogg,ambient.underwater.loop.additions,已由Minecraft Java 1.20.1 asset index解析
7c0780f28fd89565666f69131e98ca72aa739c05,7c/7c0780f28fd89565666f69131e98ca72aa739c05,19755,ogg,minecraft/sounds/block/nether_bricks/break3.ogg,block.nether_bricks.break;block.nether_bricks.place,已由Minecraft Java 1.20.1 asset index解析
7c25657256bceffc4832873cbbe75bf445331c72,7c/7c25657256bceffc4832873cbbe75bf445331c72,17937,ogg,minecraft/sounds/mob/panda/hurt4.ogg,entity.panda.hurt,已由Minecraft Java 1.20.1 asset index解析
7c35e7cf6e530d662210be0ee8ef8cd44be3e654,7c/7c35e7cf6e530d662210be0ee8ef8cd44be3e654,45154,ogg,,,未在Java 1.20.1 asset index中解析（可能来自其他版本/历史缓存）
7c38b6201cd4d7b5bd9f352fb7453cf2475e728f,7c/7c38b6201cd4d7b5bd9f352fb7453cf2475e728f,34145,ogg,minecraft/sounds/block/sculk/place2.ogg,block.sculk.place,已由Minecraft Java 1.20.1 asset index解析
7c58d79a33c20c776c6f592b80e96305034c6dbe,7c/7c58d79a33c20c776c6f592b80e96305034c6dbe,4311,ogg,minecraft/sounds/entity/itemframe/remove_item4.ogg,entity.glow_item_frame.remove_item;entity.item_frame.remove_item,已由Minecraft Java 1.20.1 asset index解析
7c6d3020a1a11e34e722cc7e5283de54ca8cae19,7c/7c6d3020a1a11e34e722cc7e5283de54ca8cae19,14211,ogg,minecraft/sounds/block/bubble_column/bubble1.ogg,block.bubble_column.bubble_pop,已由Minecraft Java 1.20.1 asset index解析
7c7d7bf29ea726cd547bff1e168e6417d62a0bbe,7c/7c7d7bf29ea726cd547bff1e168e6417d62a0bbe,11088,ogg,minecraft/sounds/entity/boat/paddle_water1.ogg,entity.boat.paddle_water,已由Minecraft Java 1.20.1 asset index解析
7c8b86a7d33ff1b78bcf6e867386c1e5e047d08e,7c/7c8b86a7d33ff1b78bcf6e867386c1e5e047d08e,16975,ogg,minecraft/sounds/block/big_dripleaf/tilt_down3.ogg,block.big_dripleaf.tilt_down,已由Minecraft Java 1.20.1 asset index解析
7c8f2ffac9470cbd75cb668797714c3602bc3ebe,7c/7c8f2ffac9470cbd75cb668797714c3602bc3ebe,5585,ogg,minecraft/sounds/mob/llama/step4.ogg,entity.llama.step,已由Minecraft Java 1.20.1 asset index解析
7c913182e2d4ddba07c784252a52c12f6bd9e326,7c/7c913182e2d4ddba07c784252a52c12f6bd9e326,17697,ogg,minecraft/sounds/entity/fish/hurt1.ogg,entity.cod.death;entity.cod.hurt;entity.salmon.death;entity.salmon.hurt;entity.tropical_fish.death;entity.tropical_fish.hurt,已由Minecraft Java 1.20.1 asset index解析
7cad63868714143ffd5c22b70a741dd99ede4959,7c/7cad63868714143ffd5c22b70a741dd99ede4959,21626,ogg,minecraft/sounds/mob/turtle/egg/drop_egg1.ogg,entity.turtle.lay_egg,已由Minecraft Java 1.20.1 asset index解析
7caf120473d3407872187d921c9b6309e2a61da1,7c/7caf120473d3407872187d921c9b6309e2a61da1,20013,ogg,minecraft/sounds/block/nether_sprouts/step3.ogg,block.nether_sprouts.fall;block.nether_sprouts.hit;block.nether_sprouts.step,已由Minecraft Java 1.20.1 asset index解析
7cd3d8225fa509ad313cbf622341b90d0b641e7b,7c/7cd3d8225fa509ad313cbf622341b90d0b641e7b,15907,ogg,minecraft/sounds/block/decorated_pot/shatter3.ogg,block.decorated_pot.shatter,已由Minecraft Java 1.20.1 asset index解析
7ce2d8b2748ebef2e1492e7712631fe6746f2afd,7c/7ce2d8b2748ebef2e1492e7712631fe6746f2afd,17988,ogg,minecraft/sounds/item/spyglass/use.ogg,item.spyglass.use,已由Minecraft Java 1.20.1 asset index解析
7cea8fa333a936a8ef9b6f8c1d318d8159a36409,7c/7cea8fa333a936a8ef9b6f8c1d318d8159a36409,12054,ogg,,,未在Java 1.20.1 asset index中解析（可能来自其他版本/历史缓存）
7d3c3e8889167578206fddb0a25d30f713159de9,7d/7d3c3e8889167578206fddb0a25d30f713159de9,17754,ogg,minecraft/sounds/block/deepslate_bricks/step2.ogg,block.deepslate_bricks.fall;block.deepslate_bricks.hit;block.deepslate_bricks.step;block.deepslate_tiles.fall;block.deepslate_tiles.hit;block.deepslate_tiles.step,已由Minecraft Java 1.20.1 asset index解析
7d3ffb5b997bccfe7d0a54c530ad56657085b066,7d/7d3ffb5b997bccfe7d0a54c530ad56657085b066,48104,ogg,minecraft/sounds/block/sculk/step4.ogg,block.sculk.fall;block.sculk.hit;block.sculk.step;block.sculk_sensor.fall;block.sculk_sensor.hit;block.sculk_sensor.step;block.sculk_shrieker.fall;block.sculk_shrieker.hit;block.sculk_shrieker.step;block.sculk_vein.fall;block.sculk_vein.hit;block.sculk_vein.step,已由Minecraft Java 1.20.1 asset index解析
7d4b4cf1f409ea746eec8d2066d262545469960d,7d/7d4b4cf1f409ea746eec8d2066d262545469960d,16579,ogg,minecraft/sounds/block/dripstone/break2.ogg,block.dripstone_block.break;block.dripstone_block.place;block.pointed_dripstone.break;block.pointed_dripstone.place,已由Minecraft Java 1.20.1 asset index解析
7d5b3b403a11b6dd4c3801c4f4c8bf7ce9a8c771,7d/7d5b3b403a11b6dd4c3801c4f4c8bf7ce9a8c771,10481,ogg,minecraft/sounds/mob/enderdragon/wings2.ogg,entity.ender_dragon.flap,已由Minecraft Java 1.20.1 asset index解析
7d6c1342b6b32e85c4796dbd56e4036d14d6b843,7d/7d6c1342b6b32e85c4796dbd56e4036d14d6b843,56352,ogg,minecraft/sounds/block/bubble_column/upwards_ambient2.ogg,block.bubble_column.upwards_ambient,已由Minecraft Java 1.20.1 asset index解析
7d801582e08be973d1a41469d1b92916278d1e88,7d/7d801582e08be973d1a41469d1b92916278d1e88,9326,ogg,minecraft/sounds/mob/spider/step4.ogg,entity.spider.step,已由Minecraft Java 1.20.1 asset index解析
7d8ef0a1daf90b519666eab346e841794f167afe,7d/7d8ef0a1daf90b519666eab346e841794f167afe,12490,ogg,minecraft/sounds/block/pointed_dripstone/drip_water9.ogg,block.pointed_dripstone.drip_water,已由Minecraft Java 1.20.1 asset index解析
7d90eb9e088738c9ae7ad8b2951c7432a0d7cc44,7d/7d90eb9e088738c9ae7ad8b2951c7432a0d7cc44,5343,ogg,minecraft/sounds/entity/shulker/close2.ogg,entity.shulker.close,已由Minecraft Java 1.20.1 asset index解析
7daefe2c4ccb793791fde20d51997ccd954af5a0,7d/7daefe2c4ccb793791fde20d51997ccd954af5a0,29568,ogg,minecraft/sounds/mob/fox/screech2.ogg,entity.fox.screech,已由Minecraft Java 1.20.1 asset index解析
7db2a9027c7327f1402d3b4d67f455974750dae1,7d/7db2a9027c7327f1402d3b4d67f455974750dae1,26049,ogg,minecraft/sounds/mob/goat/eat3.ogg,entity.goat.eat;entity.goat.screaming.eat,已由Minecraft Java 1.20.1 asset index解析
7dda6ffb34caad97b8f1c619c46311c8eba4336f,7d/7dda6ffb34caad97b8f1c619c46311c8eba4336f,31986,ogg,minecraft/sounds/mob/zoglin/hurt1.ogg,entity.zoglin.hurt,已由Minecraft Java 1.20.1 asset index解析
7de020ee7a67020160fab449f00a9d268e16f28e,7d/7de020ee7a67020160fab449f00a9d268e16f28e,22073,ogg,minecraft/sounds/block/soul_sand/break5.ogg,block.soul_sand.break;block.soul_sand.place,已由Minecraft Java 1.20.1 asset index解析
7de922538314b6e3490bc3a4f3cb719e61393127,7d/7de922538314b6e3490bc3a4f3cb719e61393127,31216,ogg,minecraft/sounds/block/suspicious_sand/step4.ogg,block.suspicious_sand.fall;block.suspicious_sand.hit;block.suspicious_sand.step,已由Minecraft Java 1.20.1 asset index解析
7df37f33cfd6d060b944f8ffa7ba801c811711aa,7d/7df37f33cfd6d060b944f8ffa7ba801c811711aa,9164,ogg,,,未在Java 1.20.1 asset index中解析（可能来自其他版本/历史缓存）
7df3f4cabae8ab988f5df49ad2836c9ba6ab79c2,7d/7df3f4cabae8ab988f5df49ad2836c9ba6ab79c2,20921,ogg,minecraft/sounds/mob/ravager/bite3.ogg,entity.ravager.attack,已由Minecraft Java 1.20.1 asset index解析
7e163e93b0799fc8373baa3fdbf44bffcbe540b4,7e/7e163e93b0799fc8373baa3fdbf44bffcbe540b4,17264,ogg,minecraft/sounds/block/chorus_flower/grow3.ogg,block.chorus_flower.grow,已由Minecraft Java 1.20.1 asset index解析
7e2b7d6bdc2b899b11e881d6529d53587b5e463c,7e/7e2b7d6bdc2b899b11e881d6529d53587b5e463c,32511,ogg,minecraft/sounds/mob/strider/step_lava2.ogg,entity.strider.step_lava,已由Minecraft Java 1.20.1 asset index解析
7e5e2978d628f7fc22ddb0fee1e108228c4aaf65,7e/7e5e2978d628f7fc22ddb0fee1e108228c4aaf65,18584,ogg,minecraft/sounds/block/honeyblock/break5.ogg,block.honey_block.break;block.honey_block.place,已由Minecraft Java 1.20.1 asset index解析
7e6df0009fc7460a9abd79350e4234a9cab4e55c,7e/7e6df0009fc7460a9abd79350e4234a9cab4e55c,16819,ogg,minecraft/sounds/mob/phantom/hurt2.ogg,entity.phantom.hurt,已由Minecraft Java 1.20.1 asset index解析
7e9cc3aaf3dd48178e6b3ebbb7e306c1ecd99f72,7e/7e9cc3aaf3dd48178e6b3ebbb7e306c1ecd99f72,17903,ogg,minecraft/sounds/mob/turtle/walk3.ogg,entity.turtle.shamble,已由Minecraft Java 1.20.1 asset index解析
7ea0199ce765d0bd2ffe8fcbc2c494996200a4ef,7e/7ea0199ce765d0bd2ffe8fcbc2c494996200a4ef,657098,ogg,minecraft/sounds/ambient/nether/crimson_forest/particles2.ogg,ambient.crimson_forest.additions;ambient.warped_forest.additions,已由Minecraft Java 1.20.1 asset index解析
7ea9c737250ddc0ce2591dd772d0c163c867a83a,7e/7ea9c737250ddc0ce2591dd772d0c163c867a83a,17300,ogg,,,未在Java 1.20.1 asset index中解析（可能来自其他版本/历史缓存）
7eb3affa45f47f919e74523a55185e65c2081d12,7e/7eb3affa45f47f919e74523a55185e65c2081d12,19806,ogg,minecraft/sounds/mob/zombie/say3.ogg,block.note_block.imitate.zombie;entity.parrot.imitate.zombie;entity.zombie.ambient,已由Minecraft Java 1.20.1 asset index解析
7ecc73f0f56eab9649681ce2e2cae24188bf472c,7e/7ecc73f0f56eab9649681ce2e2cae24188bf472c,18075,ogg,minecraft/sounds/mob/piglin_brute/hurt2.ogg,entity.piglin_brute.hurt,已由Minecraft Java 1.20.1 asset index解析
7eddad773cfaa7469a6afae6604b222de7daae74,7e/7eddad773cfaa7469a6afae6604b222de7daae74,37006,ogg,minecraft/sounds/mob/piglin_brute/idle9.ogg,entity.parrot.imitate.piglin_brute;entity.piglin_brute.ambient,已由Minecraft Java 1.20.1 asset index解析
7ee1ddfd1f42fd5b06d8cbdb9213c72e575b2594,7e/7ee1ddfd1f42fd5b06d8cbdb9213c72e575b2594,16563,ogg,minecraft/sounds/block/bamboo_wood/break3.ogg,block.bamboo_wood.break;block.bamboo_wood.place,已由Minecraft Java 1.20.1 asset index解析
7eea89a71e2d335cd0efb83cb3506f261f4a545f,7e/7eea89a71e2d335cd0efb83cb3506f261f4a545f,28418,ogg,minecraft/sounds/block/suspicious_gravel/break3.ogg,block.suspicious_gravel.break,已由Minecraft Java 1.20.1 asset index解析
7efcfedf902dfb5e85a4779899bed3e934fed432,7e/7efcfedf902dfb5e85a4779899bed3e934fed432,23020,ogg,minecraft/sounds/block/chiseled_bookshelf/pickup_enchanted3.ogg,block.chiseled_bookshelf.pickup.enchanted,已由Minecraft Java 1.20.1 asset index解析
7efe23d9b72b22045a45104e64696dc26d7a0868,7e/7efe23d9b72b22045a45104e64696dc26d7a0868,25075,ogg,minecraft/sounds/block/bamboo_wood_door/toggle2.ogg,block.bamboo_wood_door.close;block.bamboo_wood_door.open,已由Minecraft Java 1.20.1 asset index解析
7f0e196daaf94450ecf7cf36efe21f8e02828e5b,7f/7f0e196daaf94450ecf7cf36efe21f8e02828e5b,11960,ogg,,,未在Java 1.20.1 asset index中解析（可能来自其他版本/历史缓存）
7f2c9a3515287335cdd5429c0cfbf12f8827cbfb,7f/7f2c9a3515287335cdd5429c0cfbf12f8827cbfb,6707,ogg,minecraft/sounds/mob/vindication_illager/idle2.ogg,entity.parrot.imitate.vindicator;entity.vindicator.ambient,已由Minecraft Java 1.20.1 asset index解析
7f31942ce140138141d4873ff36acd9a51f4f496,7f/7f31942ce140138141d4873ff36acd9a51f4f496,31961,ogg,minecraft/sounds/block/amethyst_cluster/place4.ogg,block.amethyst_cluster.place;block.large_amethyst_bud.place;block.medium_amethyst_bud.place;block.small_amethyst_bud.place,已由Minecraft Java 1.20.1 asset index解析
7f3e207e02505c4a4c23cdcd65bc6c2423bb61e7,7f/7f3e207e02505c4a4c23cdcd65bc6c2423bb61e7,18676,ogg,minecraft/sounds/mob/frog/long_jump2.ogg,entity.frog.long_jump,已由Minecraft Java 1.20.1 asset index解析
7f6352836fc2b50256a151e870f9471358d18163,7f/7f6352836fc2b50256a151e870f9471358d18163,36424,ogg,,,未在Java 1.20.1 asset index中解析（可能来自其他版本/历史缓存）
7f6f50fa89cf83609bc25bfff2cbcccf50d942a5,7f/7f6f50fa89cf83609bc25bfff2cbcccf50d942a5,32517,ogg,minecraft/sounds/mob/piglin/death4.ogg,entity.piglin.death,已由Minecraft Java 1.20.1 asset index解析
7f78ac6c5ea9f9416e6cbbd737fe712105bb6a72,7f/7f78ac6c5ea9f9416e6cbbd737fe712105bb6a72,29432,ogg,minecraft/sounds/mob/goat/death2.ogg,entity.goat.death,已由Minecraft Java 1.20.1 asset index解析
7f9bcd1e3a182da70b32881a7fe92dc17d531824,7f/7f9bcd1e3a182da70b32881a7fe92dc17d531824,19911,ogg,minecraft/sounds/step/wood6.ogg,block.wood.fall;block.wood.hit;block.wood.step,已由Minecraft Java 1.20.1 asset index解析
7f9ce93c231f64a0b499bf933b8b84bde2bbc91b,7f/7f9ce93c231f64a0b499bf933b8b84bde2bbc91b,290633,ogg,minecraft/sounds/ambient/nether/warped_forest/addition2.ogg,ambient.warped_forest.additions,已由Minecraft Java 1.20.1 asset index解析
7fa3f348f4cc91c9756f333308608fd7cf4a023f,7f/7fa3f348f4cc91c9756f333308608fd7cf4a023f,15943,ogg,minecraft/sounds/block/nether_bricks/step3.ogg,block.nether_bricks.fall;block.nether_bricks.hit;block.nether_bricks.step,已由Minecraft Java 1.20.1 asset index解析
7fb1c7ec4d2022bc1532819894abacfc319e6feb,7f/7fb1c7ec4d2022bc1532819894abacfc319e6feb,14350,ogg,minecraft/sounds/block/sculk/spread4.ogg,block.sculk.spread,已由Minecraft Java 1.20.1 asset index解析
7fbd5a8249d438fd06898c38454d1f3911a72722,7f/7fbd5a8249d438fd06898c38454d1f3911a72722,16399,ogg,minecraft/sounds/mob/goat/step6.ogg,entity.goat.step,已由Minecraft Java 1.20.1 asset index解析
7fbf93d76f4ba55b144d902f50416e5e97ae3166,7f/7fbf93d76f4ba55b144d902f50416e5e97ae3166,25959,ogg,minecraft/sounds/block/candle/extinguish2.ogg,block.candle.extinguish,已由Minecraft Java 1.20.1 asset index解析
8a1716b95bce4b17cd95d3530ea4a99b92c94a86,8a/8a1716b95bce4b17cd95d3530ea4a99b92c94a86,393346,ogg,minecraft/sounds/minecart/inside_underwater3.ogg,entity.minecart.inside.underwater,已由Minecraft Java 1.20.1 asset index解析
8a1c9994a6f35371b8e776b262f363692f222513,8a/8a1c9994a6f35371b8e776b262f363692f222513,6211,ogg,minecraft/sounds/item/armor/equip_diamond5.ogg,item.armor.equip_diamond,已由Minecraft Java 1.20.1 asset index解析
8a240f9292a601d5e039bd602783f1f924287375,8a/8a240f9292a601d5e039bd602783f1f924287375,18551,ogg,minecraft/sounds/block/cherry_wood/step4.ogg,block.cherry_wood.fall;block.cherry_wood.hit;block.cherry_wood.step,已由Minecraft Java 1.20.1 asset index解析
8a2634d860e9f3bf9e80e98acccf985c8d801c06,8a/8a2634d860e9f3bf9e80e98acccf985c8d801c06,22161,ogg,,,未在Java 1.20.1 asset index中解析（可能来自其他版本/历史缓存）
8a3385c74ecc365585696c41558a04e5ae3ad9fe,8a/8a3385c74ecc365585696c41558a04e5ae3ad9fe,8140,ogg,minecraft/sounds/mob/illusion_illager/death2.ogg,entity.illusioner.death,已由Minecraft Java 1.20.1 asset index解析
8a36d753eacd3cccb12f073a4efce88217afac56,8a/8a36d753eacd3cccb12f073a4efce88217afac56,115911,ogg,minecraft/sounds/mob/warden/angry_3.ogg,entity.warden.angry,已由Minecraft Java 1.20.1 asset index解析
8a6162a998ade3ddcb584f34ed0151c40c725a99,8a/8a6162a998ade3ddcb584f34ed0151c40c725a99,16862,ogg,minecraft/sounds/mob/parrot/fly6.ogg,entity.parrot.fly,已由Minecraft Java 1.20.1 asset index解析
8a79e5e2770cbfc9758f1a71df1f80c3d00a8f93,8a/8a79e5e2770cbfc9758f1a71df1f80c3d00a8f93,13456,ogg,minecraft/sounds/step/wet_grass4.ogg,block.wet_grass.fall;block.wet_grass.hit;block.wet_grass.step,已由Minecraft Java 1.20.1 asset index解析
8a930adbadfc8fe0168595302c03d3117dc60e0e,8a/8a930adbadfc8fe0168595302c03d3117dc60e0e,12183,ogg,minecraft/sounds/block/composter/fill2.ogg,block.composter.fill,已由Minecraft Java 1.20.1 asset index解析
8aa952f2454d1efaa6a14d53a906ce0767bb465a,8a/8aa952f2454d1efaa6a14d53a906ce0767bb465a,16962,ogg,minecraft/sounds/block/vine/break4.ogg,block.vine.break;block.vine.place,已由Minecraft Java 1.20.1 asset index解析
8ac3774edb98da4a3494f8b8dfb73f8e4e6d2536,8a/8ac3774edb98da4a3494f8b8dfb73f8e4e6d2536,8821,ogg,,,未在Java 1.20.1 asset index中解析（可能来自其他版本/历史缓存）
8ac7ce18666c12896ed8fe1bd06671f2781cf782,8a/8ac7ce18666c12896ed8fe1bd06671f2781cf782,26562,ogg,minecraft/sounds/mob/wandering_trader/reappeared2.ogg,entity.wandering_trader.reappeared,已由Minecraft Java 1.20.1 asset index解析
8ac864916a37c5bf4e5c927a1182f1576ea7e94a,8a/8ac864916a37c5bf4e5c927a1182f1576ea7e94a,14179,ogg,minecraft/sounds/block/cherry_wood/break5.ogg,block.cherry_wood.break;block.cherry_wood.place,已由Minecraft Java 1.20.1 asset index解析
8ad2642db3f2bdf81ddc36f7ae8e890ff2867da1,8a/8ad2642db3f2bdf81ddc36f7ae8e890ff2867da1,16950,ogg,minecraft/sounds/block/spore_blossom/step3.ogg,block.spore_blossom.fall;block.spore_blossom.hit;block.spore_blossom.step,已由Minecraft Java 1.20.1 asset index解析
8adb75272b3e1d7ba0e6a257b00e054e219d8f67,8a/8adb75272b3e1d7ba0e6a257b00e054e219d8f67,31553,ogg,minecraft/sounds/mob/turtle/swim/swim4.ogg,entity.turtle.swim,已由Minecraft Java 1.20.1 asset index解析
8ade85479752442bc6f00db4d924e88f9f8591e9,8a/8ade85479752442bc6f00db4d924e88f9f8591e9,9303,ogg,minecraft/sounds/item/bottle/fill2.ogg,item.bottle.fill,已由Minecraft Java 1.20.1 asset index解析
8af20b91b99e865c5c6457937ffd1974cf866d26,8a/8af20b91b99e865c5c6457937ffd1974cf866d26,23290,ogg,minecraft/sounds/mob/panda/death4.ogg,entity.panda.death,已由Minecraft Java 1.20.1 asset index解析
8b0b49dcab54157bb02ef81380990dac2a187b99,8b/8b0b49dcab54157bb02ef81380990dac2a187b99,14684917,ogg,minecraft/sounds/music/game/one_more_day.ogg,music.creative;music.game;music.overworld.badlands;music.overworld.desert;music.overworld.forest;music.overworld.lush_caves;music.overworld.meadow;music.overworld.old_growth_taiga;music.overworld.snowy_slopes,已由Minecraft Java 1.20.1 asset index解析
8b0c151ad0b2ef252ce28f562e036201a51959f8,8b/8b0c151ad0b2ef252ce28f562e036201a51959f8,21671,ogg,minecraft/sounds/mob/dolphin/idle4.ogg,entity.dolphin.ambient,已由Minecraft Java 1.20.1 asset index解析
8b1aae456bca0e2f786393cbf6a66454ccc92257,8b/8b1aae456bca0e2f786393cbf6a66454ccc92257,67758,ogg,minecraft/sounds/ambient/nether/nether_wastes/mood1.ogg,ambient.basalt_deltas.mood;ambient.nether_wastes.mood,已由Minecraft Java 1.20.1 asset index解析
8b260108a73470c16cd244325242d4780cfb7d78,8b/8b260108a73470c16cd244325242d4780cfb7d78,28689,ogg,minecraft/sounds/fire/fire.ogg,block.fire.ambient;entity.blaze.burn,已由Minecraft Java 1.20.1 asset index解析
8b4d2822f5236164bbb333f746b474b458158209,8b/8b4d2822f5236164bbb333f746b474b458158209,39798,ogg,minecraft/sounds/mob/zoglin/death2.ogg,entity.zoglin.death,已由Minecraft Java 1.20.1 asset index解析
8b59f34546bc001f3bf710aab3e9c50ec2e07e0d,8b/8b59f34546bc001f3bf710aab3e9c50ec2e07e0d,602756,json/text,,,未在Java 1.20.1 asset index中解析；本对象不是已识别OGG音频
8b84ab7d590fbffbdb6daae5864628e4a3faa4c6,8b/8b84ab7d590fbffbdb6daae5864628e4a3faa4c6,10743,ogg,minecraft/sounds/mob/fox/idle2.ogg,entity.fox.ambient,已由Minecraft Java 1.20.1 asset index解析
8ba533372b6f1a52fb8a24bb58eebfaf61f807d0,8b/8ba533372b6f1a52fb8a24bb58eebfaf61f807d0,26986,ogg,,,未在Java 1.20.1 asset index中解析（可能来自其他版本/历史缓存）
8bb90334012181780a786296f008593662ee6788,8b/8bb90334012181780a786296f008593662ee6788,24899,ogg,minecraft/sounds/mob/phantom/idle1.ogg,entity.parrot.imitate.phantom;entity.phantom.ambient,已由Minecraft Java 1.20.1 asset index解析
8bbd0445ea883d487838a4ba5efeda4d5612d593,8b/8bbd0445ea883d487838a4ba5efeda4d5612d593,37277,ogg,minecraft/sounds/mob/goat/idle7.ogg,entity.goat.ambient;entity.goat.screaming.ambient,已由Minecraft Java 1.20.1 asset index解析
8bd17ca560e4355c5f8988ac995aa105952e3b19,8b/8bd17ca560e4355c5f8988ac995aa105952e3b19,53483,ogg,,,未在Java 1.20.1 asset index中解析（可能来自其他版本/历史缓存）
8bde25cfe033149f757a5431582f61baac213b85,8b/8bde25cfe033149f757a5431582f61baac213b85,29577,ogg,minecraft/sounds/mob/wandering_trader/haggle2.ogg,entity.wandering_trader.trade,已由Minecraft Java 1.20.1 asset index解析
8bea2393e701b61d9f2d197b6fe2d64d870ce69f,8b/8bea2393e701b61d9f2d197b6fe2d64d870ce69f,10425,ogg,,,未在Java 1.20.1 asset index中解析（可能来自其他版本/历史缓存）
8bf3ecb0fe9a6a615f5995e3dd21b6c39adc21d5,8b/8bf3ecb0fe9a6a615f5995e3dd21b6c39adc21d5,6551,ogg,minecraft/sounds/random/break.ogg,entity.item.break;item.shield.break,已由Minecraft Java 1.20.1 asset index解析
8bff765dad4eff48f8c6aa6e994da65910bf0ad1,8b/8bff765dad4eff48f8c6aa6e994da65910bf0ad1,46668,ogg,,,未在Java 1.20.1 asset index中解析（可能来自其他版本/历史缓存）
8c087a6c2fe075d47d0aad5e0daaafb4205ef745,8c/8c087a6c2fe075d47d0aad5e0daaafb4205ef745,11908,ogg,minecraft/sounds/mob/wandering_trader/haggle3.ogg,entity.wandering_trader.trade,已由Minecraft Java 1.20.1 asset index解析
8c1fd5b4accebff5dda35ef8acb762b92f4c1851,8c/8c1fd5b4accebff5dda35ef8acb762b92f4c1851,13031,ogg,minecraft/sounds/block/sweet_berry_bush/place4.ogg,block.sweet_berry_bush.place,已由Minecraft Java 1.20.1 asset index解析
8c263b602e81853ccbb72c94a4b3e985350cd846,8c/8c263b602e81853ccbb72c94a4b3e985350cd846,37907,ogg,minecraft/sounds/mob/hoglin/retreat3.ogg,entity.hoglin.retreat,已由Minecraft Java 1.20.1 asset index解析
8c3c3b50f72e8dfad4b5fdea7ce32db111319a3a,8c/8c3c3b50f72e8dfad4b5fdea7ce32db111319a3a,876499,zip,minecraft/resourcepacks/programmer_art.zip,,已由Minecraft Java 1.20.1 asset index解析
8c4fdc724edf4be64e7f0541d6f60772c70c9394,8c/8c4fdc724edf4be64e7f0541d6f60772c70c9394,16075,ogg,minecraft/sounds/block/hanging_sign/break2.ogg,block.hanging_sign.break;block.hanging_sign.place,已由Minecraft Java 1.20.1 asset index解析
8c5427b9b55d9cdc3910e5c608be4c70f83f90ea,8c/8c5427b9b55d9cdc3910e5c608be4c70f83f90ea,30936,ogg,minecraft/sounds/mob/wither_skeleton/idle2.ogg,block.note_block.imitate.wither_skeleton;entity.parrot.imitate.wither_skeleton;entity.wither_skeleton.ambient,已由Minecraft Java 1.20.1 asset index解析
8c5f8f6ba499bc185e4133961c44129e806d2d1a,8c/8c5f8f6ba499bc185e4133961c44129e806d2d1a,19157,ogg,minecraft/sounds/block/nether_wood_hanging_sign/break3.ogg,block.nether_wood_hanging_sign.break;block.nether_wood_hanging_sign.place,已由Minecraft Java 1.20.1 asset index解析
8c672b90dcc04c6ae601291389b6420b2534f7bf,8c/8c672b90dcc04c6ae601291389b6420b2534f7bf,23522,ogg,minecraft/sounds/block/azalea/break5.ogg,block.azalea.break;block.azalea.place;block.flowering_azalea.break;block.flowering_azalea.place,已由Minecraft Java 1.20.1 asset index解析
8c68128934168848d8b76be2763dfedf2f444ec2,8c/8c68128934168848d8b76be2763dfedf2f444ec2,31723,ogg,minecraft/sounds/item/axe/wax_off3.ogg,item.axe.wax_off,已由Minecraft Java 1.20.1 asset index解析
8c7fa514148b39ddb4929f3caf1d4b6ab4330e5c,8c/8c7fa514148b39ddb4929f3caf1d4b6ab4330e5c,60138,ogg,minecraft/sounds/ambient/underwater/enter3.ogg,ambient.underwater.enter,已由Minecraft Java 1.20.1 asset index解析
8c931b5195bf445110f54b24fd6c8f6ff9c89213,8c/8c931b5195bf445110f54b24fd6c8f6ff9c89213,20430,ogg,minecraft/sounds/block/vine/climb5.ogg,block.cave_vines.fall;block.cave_vines.hit;block.cave_vines.step;block.vine.fall;block.vine.step,已由Minecraft Java 1.20.1 asset index解析
8ca2c5219bef386424c8d002a30dbb6d5c63e45f,8c/8ca2c5219bef386424c8d002a30dbb6d5c63e45f,18273,ogg,minecraft/sounds/block/cake/add_candle1.ogg,block.cake.add_candle,已由Minecraft Java 1.20.1 asset index解析
8ccd1c57f2982182699073f47d8ec4875c45249c,8c/8ccd1c57f2982182699073f47d8ec4875c45249c,5900,ogg,minecraft/sounds/item/armor/equip_leather5.ogg,item.armor.equip_elytra;item.armor.equip_leather,已由Minecraft Java 1.20.1 asset index解析
8cd977493f856e71363b84992e45c774bcd3fa1f,8c/8cd977493f856e71363b84992e45c774bcd3fa1f,17064,ogg,minecraft/sounds/mob/dolphin/play1.ogg,entity.dolphin.play,已由Minecraft Java 1.20.1 asset index解析
8cf01c9e9009560886543fc69fcb6541234069f1,8c/8cf01c9e9009560886543fc69fcb6541234069f1,578152,json/text,,,未在Java 1.20.1 asset index中解析；本对象不是已识别OGG音频
8d0ab226f017856a9b771e97490fcc8636915386,8d/8d0ab226f017856a9b771e97490fcc8636915386,26245,ogg,minecraft/sounds/mob/strider/happy3.ogg,entity.strider.happy,已由Minecraft Java 1.20.1 asset index解析
8d3cd8ca91c60d4566ef00acc1ad6c9e580224aa,8d/8d3cd8ca91c60d4566ef00acc1ad6c9e580224aa,18586,ogg,minecraft/sounds/block/vine/climb1.ogg,block.cave_vines.fall;block.cave_vines.hit;block.cave_vines.step;block.vine.fall;block.vine.step,已由Minecraft Java 1.20.1 asset index解析
8d3d6a13305ec2aa63065b8fd72953e0fbc06348,8d/8d3d6a13305ec2aa63065b8fd72953e0fbc06348,15004,ogg,minecraft/sounds/step/scaffold1.ogg,block.scaffolding.fall;block.scaffolding.hit;block.scaffolding.step,已由Minecraft Java 1.20.1 asset index解析
8d45ab2bc4daa17ea7a923b7f14f3312cc451dd3,8d/8d45ab2bc4daa17ea7a923b7f14f3312cc451dd3,21569,ogg,,,未在Java 1.20.1 asset index中解析（可能来自其他版本/历史缓存）
8d56863e83e0e114937522d3a4a7e124528c65b4,8d/8d56863e83e0e114937522d3a4a7e124528c65b4,4260,ogg,minecraft/sounds/entity/player/attack/weak2.ogg,entity.player.attack.nodamage;entity.player.attack.weak,已由Minecraft Java 1.20.1 asset index解析
8d82ba7b46b05bdfae5d4d4e840d3782dc2c1398,8d/8d82ba7b46b05bdfae5d4d4e840d3782dc2c1398,24070,ogg,,,未在Java 1.20.1 asset index中解析（可能来自其他版本/历史缓存）
8d83fef778b1c4a7df04355ced9638f4216a48c7,8d/8d83fef778b1c4a7df04355ced9638f4216a48c7,53486,ogg,minecraft/sounds/mob/sniffer/step3.ogg,entity.sniffer.step,已由Minecraft Java 1.20.1 asset index解析
8d887ffeeefdd8e3049ebfc459f2a87d8bb155b6,8d/8d887ffeeefdd8e3049ebfc459f2a87d8bb155b6,17976,ogg,minecraft/sounds/block/chiseled_bookshelf/step1.ogg,block.chiseled_bookshelf.fall;block.chiseled_bookshelf.hit;block.chiseled_bookshelf.step,已由Minecraft Java 1.20.1 asset index解析
8dec8307dff359b0279e3e49798692309204d55e,8d/8dec8307dff359b0279e3e49798692309204d55e,9888,ogg,minecraft/sounds/item/bucket/empty3.ogg,item.bucket.empty,已由Minecraft Java 1.20.1 asset index解析
8dfc995c465dd5d06b140877b67e70ed236c7e9a,8d/8dfc995c465dd5d06b140877b67e70ed236c7e9a,10569,ogg,minecraft/sounds/block/bamboo/step3.ogg,block.bamboo.fall;block.bamboo.hit;block.bamboo.step,已由Minecraft Java 1.20.1 asset index解析
8dfcec9ada0d6b48585ad2749d62526c26ea7bfd,8d/8dfcec9ada0d6b48585ad2749d62526c26ea7bfd,17442,ogg,minecraft/sounds/mob/camel/step_sand3.ogg,entity.camel.step_sand,已由Minecraft Java 1.20.1 asset index解析
8e00fe4a121211c668eed96c0c45bef4e1ae2978,8e/8e00fe4a121211c668eed96c0c45bef4e1ae2978,22697,ogg,minecraft/sounds/block/furnace/fire_crackle2.ogg,block.furnace.fire_crackle,已由Minecraft Java 1.20.1 asset index解析
8e1a772f818d2e6eed58cdb2b083bde8776c38de,8e/8e1a772f818d2e6eed58cdb2b083bde8776c38de,14865,ogg,minecraft/sounds/block/cake/add_candle2.ogg,block.cake.add_candle,已由Minecraft Java 1.20.1 asset index解析
8e1b990f1904fee612f096217e4c1f5e070da4eb,8e/8e1b990f1904fee612f096217e4c1f5e070da4eb,19667,ogg,minecraft/sounds/block/froglight/break1.ogg,block.froglight.break;block.froglight.place,已由Minecraft Java 1.20.1 asset index解析
8e3863780fa9f93c57cb9e5cff49e9bb131c3db6,8e/8e3863780fa9f93c57cb9e5cff49e9bb131c3db6,22199,ogg,minecraft/sounds/mob/goat/screaming_hurt1.ogg,entity.goat.screaming.hurt,已由Minecraft Java 1.20.1 asset index解析
8e3b07adf3b09ea60e82062277fe301205d03421,8e/8e3b07adf3b09ea60e82062277fe301205d03421,16030,ogg,minecraft/sounds/mob/polarbear/idle1.ogg;minecraft/sounds/mob/polarbear_baby/idle1.ogg,entity.polar_bear.ambient;entity.polar_bear.ambient_baby,已由Minecraft Java 1.20.1 asset index解析
8e5a70a320c58d1ff09270c13b0fa9d5b776f272,8e/8e5a70a320c58d1ff09270c13b0fa9d5b776f272,17486,ogg,minecraft/sounds/block/chiseled_bookshelf/break2.ogg,block.chiseled_bookshelf.break;block.chiseled_bookshelf.place,已由Minecraft Java 1.20.1 asset index解析
8e8abdcb0998a62bb8c8a02935f2ad1b47102c01,8e/8e8abdcb0998a62bb8c8a02935f2ad1b47102c01,29477,ogg,minecraft/sounds/mob/camel/ambient7.ogg,entity.camel.ambient,已由Minecraft Java 1.20.1 asset index解析
8ea4cfd31d4f286b039a63d52020aa6b5408a763,8e/8ea4cfd31d4f286b039a63d52020aa6b5408a763,10437,ogg,minecraft/sounds/entity/squid/ambient1.ogg,entity.squid.ambient,已由Minecraft Java 1.20.1 asset index解析
8ea84646d64a6a45e53b9f648ca3fae7c825ef34,8e/8ea84646d64a6a45e53b9f648ca3fae7c825ef34,12618,ogg,minecraft/sounds/block/chiseled_bookshelf/insert3.ogg,block.chiseled_bookshelf.insert,已由Minecraft Java 1.20.1 asset index解析
8eaa189e42aad889310e03cc26de676dc8431345,8e/8eaa189e42aad889310e03cc26de676dc8431345,15581,ogg,minecraft/sounds/block/sweet_berry_bush/break1.ogg,block.sweet_berry_bush.break,已由Minecraft Java 1.20.1 asset index解析
8eb102616d69f9d63f3da3d20289ebd43a8b2055,8e/8eb102616d69f9d63f3da3d20289ebd43a8b2055,16271,ogg,minecraft/sounds/mob/panda/hurt1.ogg,entity.panda.hurt,已由Minecraft Java 1.20.1 asset index解析
8ed3945df8b9264c6451c153357475482d9f2066,8e/8ed3945df8b9264c6451c153357475482d9f2066,38114,ogg,minecraft/sounds/mob/zombie/remedy.ogg,entity.zombie_villager.cure,已由Minecraft Java 1.20.1 asset index解析
8ef23baf02cec92fca0e6453a165001f102276d8,8e/8ef23baf02cec92fca0e6453a165001f102276d8,21082,ogg,minecraft/sounds/ui/loom/select_pattern4.ogg,ui.loom.select_pattern,已由Minecraft Java 1.20.1 asset index解析
8ef7ca34cdf88dc0fceae66e6a4ea11a5bbd933a,8e/8ef7ca34cdf88dc0fceae66e6a4ea11a5bbd933a,11039,ogg,minecraft/sounds/mob/turtle/baby/shamble3.ogg,entity.turtle.shamble_baby,已由Minecraft Java 1.20.1 asset index解析
8f02296baf6e500731ba79c87a39ce1188bd3c93,8f/8f02296baf6e500731ba79c87a39ce1188bd3c93,132987,ogg,minecraft/sounds/block/beacon/ambient.ogg,block.beacon.ambient,已由Minecraft Java 1.20.1 asset index解析
8f1b47d3780278230b973ad08f2d47e62d7bf7c2,8f/8f1b47d3780278230b973ad08f2d47e62d7bf7c2,575832,json/text,,,未在Java 1.20.1 asset index中解析；本对象不是已识别OGG音频
8f23820fa28830dd031188c20acb35af044aedb5,8f/8f23820fa28830dd031188c20acb35af044aedb5,9399,ogg,minecraft/sounds/mob/ghast/scream3.ogg,entity.ghast.hurt,已由Minecraft Java 1.20.1 asset index解析
8f23c02475d388b23e5faa680eafe6b991d7a9d4,8f/8f23c02475d388b23e5faa680eafe6b991d7a9d4,6627,ogg,minecraft/sounds/dig/stone3.ogg,block.anvil.break;block.glass.place;block.lodestone.break;block.metal.break;block.metal.place;block.stone.break;block.stone.place;entity.armor_stand.place,已由Minecraft Java 1.20.1 asset index解析
8f3010cc63c87674e82b487519dcad7eb6319553,8f/8f3010cc63c87674e82b487519dcad7eb6319553,34169,ogg,,,未在Java 1.20.1 asset index中解析（可能来自其他版本/历史缓存）
8f302a31d11dc0e23d574dba438b36d1732c5c84,8f/8f302a31d11dc0e23d574dba438b36d1732c5c84,14678,ogg,minecraft/sounds/mob/warden/heartbeat_2.ogg,entity.warden.heartbeat,已由Minecraft Java 1.20.1 asset index解析
8f3de789b49d234a99a4cc331f495a03bbafabb4,8f/8f3de789b49d234a99a4cc331f495a03bbafabb4,16727,ogg,minecraft/sounds/mob/turtle/hurt4.ogg,entity.turtle.hurt,已由Minecraft Java 1.20.1 asset index解析
8f45b5faf6dfae2065846d26612f7552b73640dd,8f/8f45b5faf6dfae2065846d26612f7552b73640dd,4193,ogg,minecraft/sounds/random/pop.ogg,entity.item.pickup;entity.sniffer.drop_seed,已由Minecraft Java 1.20.1 asset index解析
8f481b717cddd44465ede4fd2ba60d3bf2ddc1f7,8f/8f481b717cddd44465ede4fd2ba60d3bf2ddc1f7,931437,json/text,,,未在Java 1.20.1 asset index中解析；本对象不是已识别OGG音频
8f6553be35c6a5cca58d4f32dd1c28b849f9a442,8f/8f6553be35c6a5cca58d4f32dd1c28b849f9a442,20626,ogg,minecraft/sounds/block/azalea/break2.ogg,block.azalea.break;block.azalea.place;block.flowering_azalea.break;block.flowering_azalea.place,已由Minecraft Java 1.20.1 asset index解析
8f6e4a0fa8fc855adfbe07570d14d51c34197de0,8f/8f6e4a0fa8fc855adfbe07570d14d51c34197de0,16404,ogg,minecraft/sounds/block/nether_wood_hanging_sign/step2.ogg,block.nether_wood_hanging_sign.fall;block.nether_wood_hanging_sign.hit;block.nether_wood_hanging_sign.step,已由Minecraft Java 1.20.1 asset index解析
8f7ff84e460ca507f654168f1d24e82637517940,8f/8f7ff84e460ca507f654168f1d24e82637517940,8826,ogg,minecraft/sounds/mob/spider/step1.ogg,entity.spider.step,已由Minecraft Java 1.20.1 asset index解析
8f9e605a2e7895b480b5691cc460e41eedacbd58,8f/8f9e605a2e7895b480b5691cc460e41eedacbd58,9331,ogg,minecraft/sounds/item/bottle/fill4.ogg,item.bottle.fill,已由Minecraft Java 1.20.1 asset index解析
8fa72261eea571314273ddaf73032b1c9944130c,8f/8fa72261eea571314273ddaf73032b1c9944130c,36653,ogg,minecraft/sounds/item/bucket/empty_fish2.ogg,item.bucket.empty_axolotl;item.bucket.empty_fish;item.bucket.empty_tadpole,已由Minecraft Java 1.20.1 asset index解析
8fc8add729c5f3146edcf77755bdb644279dbd07,8f/8fc8add729c5f3146edcf77755bdb644279dbd07,25585,ogg,minecraft/sounds/mob/bee/pollinate2.ogg,entity.bee.pollinate,已由Minecraft Java 1.20.1 asset index解析
8fd770ac5a5727ee5bb56a1714f0f59491824551,8f/8fd770ac5a5727ee5bb56a1714f0f59491824551,24351,ogg,minecraft/sounds/mob/dolphin/attack1.ogg,entity.dolphin.attack,已由Minecraft Java 1.20.1 asset index解析
9a0581712835789eb4b6d04c719f923a20b13286,9a/9a0581712835789eb4b6d04c719f923a20b13286,594760,json/text,,,未在Java 1.20.1 asset index中解析；本对象不是已识别OGG音频
9a20be18fed05330f745a54eb8aeba11aac5403b,9a/9a20be18fed05330f745a54eb8aeba11aac5403b,25153,ogg,minecraft/sounds/portal/portal.ogg,block.portal.ambient,已由Minecraft Java 1.20.1 asset index解析
9a3b96d3a81e9f6a9e4dad64c198924358f603cc,9a/9a3b96d3a81e9f6a9e4dad64c198924358f603cc,31943,ogg,minecraft/sounds/mob/zoglin/step2.ogg,entity.zoglin.step,已由Minecraft Java 1.20.1 asset index解析
9a4787ab4d579b8b03c70a1fa1552a14fc89608b,9a/9a4787ab4d579b8b03c70a1fa1552a14fc89608b,6905,ogg,,,未在Java 1.20.1 asset index中解析（可能来自其他版本/历史缓存）
9a4c3dd0d2069830b6fa3f673858d3ecb0805b02,9a/9a4c3dd0d2069830b6fa3f673858d3ecb0805b02,2329845,ogg,minecraft/sounds/ambient/nether/soulsand_valley/ambience.ogg,ambient.soul_sand_valley.loop,已由Minecraft Java 1.20.1 asset index解析
9a4c49e84a299e46023d6b122c7998016dbaf697,9a/9a4c49e84a299e46023d6b122c7998016dbaf697,88341,ogg,,,未在Java 1.20.1 asset index中解析（可能来自其他版本/历史缓存）
9a5e300fab1421f481c01aa03f4b6148a221f917,9a/9a5e300fab1421f481c01aa03f4b6148a221f917,29986,ogg,minecraft/sounds/block/netherrack/step6.ogg,block.netherrack.fall;block.netherrack.hit;block.netherrack.step,已由Minecraft Java 1.20.1 asset index解析
9a65f104759569dace94244b6b3490987fabd6cf,9a/9a65f104759569dace94244b6b3490987fabd6cf,20402,ogg,minecraft/sounds/block/fungus/break5.ogg,block.fungus.break;block.fungus.place,已由Minecraft Java 1.20.1 asset index解析
9a7b4eb8b497a898879161b955cda21c944af9b5,9a/9a7b4eb8b497a898879161b955cda21c944af9b5,110180,ogg,minecraft/sounds/mob/warden/angry_6.ogg,entity.warden.angry,已由Minecraft Java 1.20.1 asset index解析
9a7fe638bb8b3b1060b3830c63c3ce3d03cdbe1f,9a/9a7fe638bb8b3b1060b3830c63c3ce3d03cdbe1f,7106,ogg,minecraft/sounds/mob/villager/idle3.ogg,entity.villager.ambient,已由Minecraft Java 1.20.1 asset index解析
9a827dd1c53aa200bbd0a0b899807756ea76b9cc,9a/9a827dd1c53aa200bbd0a0b899807756ea76b9cc,46448,ogg,minecraft/sounds/mob/turtle/death3.ogg,entity.turtle.death,已由Minecraft Java 1.20.1 asset index解析
9a9cebef7d5ecb48edf3ea9e9ee0936259eb2fb5,9a/9a9cebef7d5ecb48edf3ea9e9ee0936259eb2fb5,15913,ogg,minecraft/sounds/entity/pufferfish/flop3.ogg,entity.puffer_fish.flop,已由Minecraft Java 1.20.1 asset index解析
9a9d88fc2ba4c56b0089df4441f3a3ac1fcb8b0e,9a/9a9d88fc2ba4c56b0089df4441f3a3ac1fcb8b0e,6335,ogg,minecraft/sounds/entity/snowman/hurt3.ogg,entity.snow_golem.hurt,已由Minecraft Java 1.20.1 asset index解析
9aa4cb9f9b429ef69a8e2ce7f2b9b96be3be540b,9a/9aa4cb9f9b429ef69a8e2ce7f2b9b96be3be540b,6699,ogg,minecraft/sounds/ui/cartography_table/drawmap1.ogg,entity.villager.work_cartographer;ui.cartography_table.take_result,已由Minecraft Java 1.20.1 asset index解析
9acffdb09bf65558b9cf05499795a209b6f37fb3,9a/9acffdb09bf65558b9cf05499795a209b6f37fb3,26928,ogg,minecraft/sounds/block/nether_sprouts/break4.ogg,block.nether_sprouts.break;block.nether_sprouts.place,已由Minecraft Java 1.20.1 asset index解析
9adc158f240c1a5a86ec23fff29a647fd803eca3,9a/9adc158f240c1a5a86ec23fff29a647fd803eca3,13465,ogg,minecraft/sounds/mob/fox/death1.ogg,entity.fox.death,已由Minecraft Java 1.20.1 asset index解析
9aece538dc171535f71a00507384ffddedc14092,9a/9aece538dc171535f71a00507384ffddedc14092,11130,ogg,minecraft/sounds/mob/illusion_illager/idle4.ogg,entity.illusioner.ambient;entity.parrot.imitate.illusioner,已由Minecraft Java 1.20.1 asset index解析
9aeceb4cc3f2c94bb2ae5c4bc900caef3d5ee5d9,9a/9aeceb4cc3f2c94bb2ae5c4bc900caef3d5ee5d9,17719,ogg,minecraft/sounds/mob/piglin/jealous3.ogg,entity.piglin.jealous,已由Minecraft Java 1.20.1 asset index解析
9afc4d2fafd6dc6d779dd8cbf4b23bb50c165dc4,9a/9afc4d2fafd6dc6d779dd8cbf4b23bb50c165dc4,13048,ogg,minecraft/sounds/block/composter/fill4.ogg,block.composter.fill,已由Minecraft Java 1.20.1 asset index解析
9b12952ba2da3d9727579f99614858a291fdd1d1,9b/9b12952ba2da3d9727579f99614858a291fdd1d1,12860,ogg,minecraft/sounds/mob/goat/step4.ogg,entity.goat.step,已由Minecraft Java 1.20.1 asset index解析
9b2a01e0d0456b8fbe33557fbc19d4fe342f94d6,9b/9b2a01e0d0456b8fbe33557fbc19d4fe342f94d6,2587419,ogg,minecraft/sounds/records/blocks.ogg,music_disc.blocks,已由Minecraft Java 1.20.1 asset index解析
9b3571e3ee987c0aca83572bbd2a9f4ef42c86b3,9b/9b3571e3ee987c0aca83572bbd2a9f4ef42c86b3,8285,ogg,,,未在Java 1.20.1 asset index中解析（可能来自其他版本/历史缓存）
9b4abf3704160dfb500042760fa19a7421274ed2,9b/9b4abf3704160dfb500042760fa19a7421274ed2,579627,json/text,,,未在Java 1.20.1 asset index中解析；本对象不是已识别OGG音频
9b5518eaec9bd406a71724489e12c0b20e93d19a,9b/9b5518eaec9bd406a71724489e12c0b20e93d19a,18028,ogg,minecraft/sounds/mob/frog/hurt1.ogg,entity.frog.hurt,已由Minecraft Java 1.20.1 asset index解析
9b5c92c9b0ca3b03f80f7efbd2c46213321efa36,9b/9b5c92c9b0ca3b03f80f7efbd2c46213321efa36,16418,ogg,minecraft/sounds/block/froglight/step1.ogg,block.froglight.fall;block.froglight.hit;block.froglight.step,已由Minecraft Java 1.20.1 asset index解析
9b665e99a4ae8eb6e3334f3750eda8a2485e798f,9b/9b665e99a4ae8eb6e3334f3750eda8a2485e798f,29584,ogg,minecraft/sounds/block/grindstone/grindstone3.ogg,block.grindstone.use;entity.villager.work_weaponsmith,已由Minecraft Java 1.20.1 asset index解析
9b6a19ab1865d88b1adb2acafa9080ba9fa1b8e0,9b/9b6a19ab1865d88b1adb2acafa9080ba9fa1b8e0,6750,ogg,minecraft/sounds/mob/rabbit/hurt1.ogg,entity.rabbit.hurt,已由Minecraft Java 1.20.1 asset index解析
9b8737d639df9e7ef99ceef49ce11df42eea9f12,9b/9b8737d639df9e7ef99ceef49ce11df42eea9f12,8697,ogg,minecraft/sounds/mob/villager/no3.ogg,entity.villager.no,已由Minecraft Java 1.20.1 asset index解析
9b92e54ca223e7026cfed9bcfa1c29b85555feb0,9b/9b92e54ca223e7026cfed9bcfa1c29b85555feb0,10087,ogg,minecraft/sounds/block/pointed_dripstone/drip_water5.ogg,block.pointed_dripstone.drip_water,已由Minecraft Java 1.20.1 asset index解析
9ba55f3373d2e6a89319143dc792cbc0872ae5e7,9b/9ba55f3373d2e6a89319143dc792cbc0872ae5e7,22620,ogg,minecraft/sounds/mob/fox/aggro1.ogg,entity.fox.aggro,已由Minecraft Java 1.20.1 asset index解析
9ba722da96830b67cfe06b945633cd219bac0bbb,9b/9ba722da96830b67cfe06b945633cd219bac0bbb,482465,json/text,,,未在Java 1.20.1 asset index中解析；本对象不是已识别OGG音频
9ba8e3b6d047fe102091805ca23b2e65d2c1e7a9,9b/9ba8e3b6d047fe102091805ca23b2e65d2c1e7a9,17020,ogg,minecraft/sounds/step/coral1.ogg,block.coral_block.fall;block.coral_block.hit;block.coral_block.step,已由Minecraft Java 1.20.1 asset index解析
9bae8d2e28f81e1a5571a9ca6a6bf21595796658,9b/9bae8d2e28f81e1a5571a9ca6a6bf21595796658,9857,ogg,minecraft/sounds/entity/shulker/death3.ogg,entity.shulker.death,已由Minecraft Java 1.20.1 asset index解析
9bbc6019f9fafa16239f603ea788fce721b7f601,9b/9bbc6019f9fafa16239f603ea788fce721b7f601,58834,ogg,minecraft/sounds/ambient/underwater/enter2.ogg,ambient.underwater.enter,已由Minecraft Java 1.20.1 asset index解析
9bc2a84d0aa98113fc52609976fae8fc88ea6333,9b/9bc2a84d0aa98113fc52609976fae8fc88ea6333,6541,ogg,minecraft/sounds/dig/wood1.ogg,block.ladder.break;block.ladder.place;block.wood.break;block.wood.place;entity.armor_stand.fall,已由Minecraft Java 1.20.1 asset index解析
9be5bd79cec57751d647b70d2502ef7ea23a4791,9b/9be5bd79cec57751d647b70d2502ef7ea23a4791,11095,ogg,minecraft/sounds/block/decorated_pot/step4.ogg,block.decorated_pot.fall;block.decorated_pot.hit;block.decorated_pot.step,已由Minecraft Java 1.20.1 asset index解析
9c137787095596d770aa3e4f0fe4f9de1ed0b635,9c/9c137787095596d770aa3e4f0fe4f9de1ed0b635,11430,ogg,minecraft/sounds/block/sculk_sensor/sculk_clicking6.ogg;minecraft/sounds/mob/warden/tendril_clicks_6.ogg,block.sculk_sensor.clicking;entity.parrot.imitate.warden;entity.warden.tendril_clicks,已由Minecraft Java 1.20.1 asset index解析
9c259771d24f49058f0c68d0f6fdb50559abf8c1,9c/9c259771d24f49058f0c68d0f6fdb50559abf8c1,11374,ogg,minecraft/sounds/entity/pufferfish/blow_up1.ogg,entity.puffer_fish.blow_up,已由Minecraft Java 1.20.1 asset index解析
9c553cc46028812df64083bed7c3b02280c9a470,9c/9c553cc46028812df64083bed7c3b02280c9a470,19971,ogg,minecraft/sounds/mob/cat/meow4.ogg,entity.cat.ambient,已由Minecraft Java 1.20.1 asset index解析
9c55aa1efbb74527aecb5009cd0e658d7978234c,9c/9c55aa1efbb74527aecb5009cd0e658d7978234c,28959,ogg,minecraft/sounds/block/composter/ready4.ogg,block.composter.ready,已由Minecraft Java 1.20.1 asset index解析
9c63f2a3681832dc32d206f6830360bfe94b5bfc,9c/9c63f2a3681832dc32d206f6830360bfe94b5bfc,4897,ogg,minecraft/sounds/dig/cloth3.ogg;minecraft/sounds/step/cloth3.ogg,block.wool.break;block.wool.fall;block.wool.hit;block.wool.place;block.wool.step,已由Minecraft Java 1.20.1 asset index解析
9c65a2dcf8e49bd53f2dc21a60bc8255dff4c6c2,9c/9c65a2dcf8e49bd53f2dc21a60bc8255dff4c6c2,19144,ogg,minecraft/sounds/mob/panda/eat2.ogg,entity.panda.eat,已由Minecraft Java 1.20.1 asset index解析
9c7aaf49b3096a69a2d6ca62c1067400a2b70814,9c/9c7aaf49b3096a69a2d6ca62c1067400a2b70814,8236,ogg,minecraft/sounds/mob/endermen/idle2.ogg,entity.enderman.ambient,已由Minecraft Java 1.20.1 asset index解析
9c7b77108d8c1ea3fcf201e4d06f6e717409842c,9c/9c7b77108d8c1ea3fcf201e4d06f6e717409842c,15056,ogg,minecraft/sounds/block/mud/break1.ogg,block.mud.break;block.mud.place,已由Minecraft Java 1.20.1 asset index解析
9c7e6c4a991755710512cdf5e707d9470238d861,9c/9c7e6c4a991755710512cdf5e707d9470238d861,19746,ogg,minecraft/sounds/block/azalea/step6.ogg,block.azalea.fall;block.azalea.hit;block.azalea.step;block.flowering_azalea.fall;block.flowering_azalea.hit;block.flowering_azalea.step,已由Minecraft Java 1.20.1 asset index解析
9c91a62a50df9c72a0c2283a1af637cafbcb3077,9c/9c91a62a50df9c72a0c2283a1af637cafbcb3077,13415,ogg,minecraft/sounds/block/spore_blossom/break4.ogg,block.spore_blossom.break;block.spore_blossom.place,已由Minecraft Java 1.20.1 asset index解析
9c92f697142ae320584bf64c0d54381d59703528,9c/9c92f697142ae320584bf64c0d54381d59703528,6728,ogg,minecraft/sounds/dig/stone2.ogg,block.anvil.break;block.glass.place;block.lodestone.break;block.metal.break;block.metal.place;block.stone.break;block.stone.place;entity.armor_stand.place,已由Minecraft Java 1.20.1 asset index解析
9ca0cc476371e6b276997d98322eb847c11a24f6,9c/9ca0cc476371e6b276997d98322eb847c11a24f6,567604,json/text,,,未在Java 1.20.1 asset index中解析；本对象不是已识别OGG音频
9cbed0e40296f68c61090c9b81816061e068a0ec,9c/9cbed0e40296f68c61090c9b81816061e068a0ec,1071028,ogg,minecraft/sounds/records/13.ogg,music_disc.13,已由Minecraft Java 1.20.1 asset index解析
9cca4f946a25ded1724c2c79bc3653618e95d761,9c/9cca4f946a25ded1724c2c79bc3653618e95d761,26409,ogg,minecraft/sounds/mob/illusion_illager/prepare_mirror.ogg,entity.illusioner.prepare_mirror,已由Minecraft Java 1.20.1 asset index解析
9cec35d6bb823f2ce940f14b7e385a8d4f6125dd,9c/9cec35d6bb823f2ce940f14b7e385a8d4f6125dd,565968,json/text,,,未在Java 1.20.1 asset index中解析；本对象不是已识别OGG音频
9cfe4eb22eacb882f21d6bf63afeb51c2825c7fa,9c/9cfe4eb22eacb882f21d6bf63afeb51c2825c7fa,21497,ogg,minecraft/sounds/ui/loom/take_result2.ogg,entity.villager.work_shepherd;ui.loom.take_result,已由Minecraft Java 1.20.1 asset index解析
9d0345692ed5e6192fb2ae8463a19cb9ee983a63,9d/9d0345692ed5e6192fb2ae8463a19cb9ee983a63,29747,ogg,minecraft/sounds/mob/piglin/idle1.ogg,block.note_block.imitate.piglin;entity.parrot.imitate.piglin;entity.piglin.ambient,已由Minecraft Java 1.20.1 asset index解析
9d034bf3ba36b297487b2380b908713982a83a3a,9d/9d034bf3ba36b297487b2380b908713982a83a3a,12120,ogg,minecraft/sounds/mob/horse/zombie/idle3.ogg,entity.zombie_horse.ambient,已由Minecraft Java 1.20.1 asset index解析
9d0875bfb8d8ee73dc48015aeb363dd02b5c4a8e,9d/9d0875bfb8d8ee73dc48015aeb363dd02b5c4a8e,586463,json/text,,,未在Java 1.20.1 asset index中解析；本对象不是已识别OGG音频
9d2eb3170a480cc94803ff3c6f68b87c1ffd5e0f,9d/9d2eb3170a480cc94803ff3c6f68b87c1ffd5e0f,53020,ogg,minecraft/sounds/mob/sniffer/idle1.ogg,entity.sniffer.idle,已由Minecraft Java 1.20.1 asset index解析
9d485556b89bf776042080774679c37300bc744b,9d/9d485556b89bf776042080774679c37300bc744b,11499,ogg,minecraft/sounds/random/classic_hurt.ogg,,已由Minecraft Java 1.20.1 asset index解析
9d90cbdc849a42e46c4daa0d1f41f01595cabb7a,9d/9d90cbdc849a42e46c4daa0d1f41f01595cabb7a,13031,ogg,minecraft/sounds/item/brush/brushing_generic4.ogg,item.brush.brushing.generic,已由Minecraft Java 1.20.1 asset index解析
9dacf13245cbeef500e141bf361dcd50f72d7e13,9d/9dacf13245cbeef500e141bf361dcd50f72d7e13,678007,json/text,,,未在Java 1.20.1 asset index中解析；本对象不是已识别OGG音频
9dc2dc677905c29fa35138a3bdaec7dac777c30a,9d/9dc2dc677905c29fa35138a3bdaec7dac777c30a,35935,ogg,minecraft/sounds/block/amethyst/step13.ogg,block.amethyst_block.step;block.amethyst_cluster.step,已由Minecraft Java 1.20.1 asset index解析
9dd32387135eefa7ab95996d52a5ca4cec8a3b30,9d/9dd32387135eefa7ab95996d52a5ca4cec8a3b30,86,png,minecraft/textures/gui/title/background/panorama_overlay.png,,已由Minecraft Java 1.20.1 asset index解析
9dd6b1a7cd75a67153afaa4caa102b38926b2ef4,9d/9dd6b1a7cd75a67153afaa4caa102b38926b2ef4,25284,ogg,minecraft/sounds/mob/camel/dash_ready1.ogg,entity.camel.dash_ready,已由Minecraft Java 1.20.1 asset index解析
9de75e25e57b327074f50fefd60bff0589702f19,9d/9de75e25e57b327074f50fefd60bff0589702f19,8206,ogg,minecraft/sounds/mob/vindication_illager/idle1.ogg,entity.parrot.imitate.vindicator;entity.vindicator.ambient,已由Minecraft Java 1.20.1 asset index解析
9e06706877ed1eadb48064afe4a1b9c86b557457,9e/9e06706877ed1eadb48064afe4a1b9c86b557457,42722,ogg,minecraft/sounds/liquid/swim13.ogg,entity.player.swim,已由Minecraft Java 1.20.1 asset index解析
9e0cb7e98b8b11fc1506e8904ffff7adb1041a50,9e/9e0cb7e98b8b11fc1506e8904ffff7adb1041a50,26059,ogg,minecraft/sounds/block/nether_wood/step3.ogg,block.nether_wood.fall;block.nether_wood.hit;block.nether_wood.step,已由Minecraft Java 1.20.1 asset index解析
9e1630ebca398e4bf3113b8834e210dc33b39275,9e/9e1630ebca398e4bf3113b8834e210dc33b39275,14963,ogg,,,未在Java 1.20.1 asset index中解析（可能来自其他版本/历史缓存）
9e49d50a15b74ec6ac4745b0de3e1848178ea437,9e/9e49d50a15b74ec6ac4745b0de3e1848178ea437,7501,ogg,minecraft/sounds/mob/horse/jump.ogg,entity.horse.jump,已由Minecraft Java 1.20.1 asset index解析
9e59c3650c6c3fc0a475f1b753b2fcfef430bf81,9e/9e59c3650c6c3fc0a475f1b753b2fcfef430bf81,5543,ogg,minecraft/sounds/dig/sand1.ogg,block.sand.break;block.sand.place,已由Minecraft Java 1.20.1 asset index解析
9e5e2369fc354a082c861494cfe8767d327813d4,9e/9e5e2369fc354a082c861494cfe8767d327813d4,15430,ogg,minecraft/sounds/random/bowhit4.ogg,block.tripwire.detach;entity.arrow.hit;item.crossbow.hit,已由Minecraft Java 1.20.1 asset index解析
9e743fd55eb8fee778514e9882ef303d714550d6,9e/9e743fd55eb8fee778514e9882ef303d714550d6,23596,ogg,minecraft/sounds/mob/fox/sleep2.ogg,entity.fox.sleep,已由Minecraft Java 1.20.1 asset index解析
9e85f297a50bc223ad0d4f95c1db45c4a3076204,9e/9e85f297a50bc223ad0d4f95c1db45c4a3076204,22307,ogg,,,未在Java 1.20.1 asset index中解析（可能来自其他版本/历史缓存）
9ea8a9e105321891bda18b9007b383b40aa7c076,9e/9ea8a9e105321891bda18b9007b383b40aa7c076,6510,ogg,minecraft/sounds/random/door_close.ogg,,已由Minecraft Java 1.20.1 asset index解析
9ead5c928f9122e3c2f5fc4f6ce7fb4054a2b578,9e/9ead5c928f9122e3c2f5fc4f6ce7fb4054a2b578,27653,ogg,minecraft/sounds/ambient/weather/thunder3.ogg,entity.lightning_bolt.thunder,已由Minecraft Java 1.20.1 asset index解析
9eb0c3c8c34bcf83db451c12f24edd756908d265,9e/9eb0c3c8c34bcf83db451c12f24edd756908d265,5295,ogg,minecraft/sounds/block/wooden_trapdoor/open1.ogg,block.wooden_trapdoor.open,已由Minecraft Java 1.20.1 asset index解析
9ec0af6191b27f269de6cf0aa2e577c3d23d727d,9e/9ec0af6191b27f269de6cf0aa2e577c3d23d727d,27312,ogg,minecraft/sounds/mob/camel/death1.ogg,entity.camel.death,已由Minecraft Java 1.20.1 asset index解析
9ec3a85c351475f38ecc01dd4b1b1bd5ae82ddf8,9e/9ec3a85c351475f38ecc01dd4b1b1bd5ae82ddf8,19350,ogg,minecraft/sounds/block/calcite/break2.ogg,block.calcite.break,已由Minecraft Java 1.20.1 asset index解析
9ee3c91e8feabf53412b7987e1cbf68d4bfe55aa,9e/9ee3c91e8feabf53412b7987e1cbf68d4bfe55aa,21047,ogg,minecraft/sounds/block/deepslate_bricks/step4.ogg,block.deepslate_bricks.fall;block.deepslate_bricks.hit;block.deepslate_bricks.step;block.deepslate_tiles.fall;block.deepslate_tiles.hit;block.deepslate_tiles.step,已由Minecraft Java 1.20.1 asset index解析
9efa39d62ff69b4a3ef1c986cd76b13db839ddaa,9e/9efa39d62ff69b4a3ef1c986cd76b13db839ddaa,27462,ogg,minecraft/sounds/mob/strider/step3.ogg,entity.strider.step,已由Minecraft Java 1.20.1 asset index解析
9efc43b5f5103fbc7f1caf56c22bde1474e4b121,9e/9efc43b5f5103fbc7f1caf56c22bde1474e4b121,27477,ogg,,,未在Java 1.20.1 asset index中解析（可能来自其他版本/历史缓存）
9efeafa8b1b8bb2d0bb40da50c59a8853602615a,9e/9efeafa8b1b8bb2d0bb40da50c59a8853602615a,18306,ogg,minecraft/sounds/mob/strider/hurt4.ogg,entity.strider.hurt,已由Minecraft Java 1.20.1 asset index解析
9f0f729bb824c7220788403a331c2c90ae126f23,9f/9f0f729bb824c7220788403a331c2c90ae126f23,23758,ogg,minecraft/sounds/block/composter/ready2.ogg,block.composter.ready,已由Minecraft Java 1.20.1 asset index解析
9f1708a6409d04370ec12d0add015b11abbd5371,9f/9f1708a6409d04370ec12d0add015b11abbd5371,5447,ogg,minecraft/sounds/mob/wolf/bark2.ogg,entity.wolf.ambient,已由Minecraft Java 1.20.1 asset index解析
9f2c4bab5ed55f1714fffa223985c81babc8f6c0,9f/9f2c4bab5ed55f1714fffa223985c81babc8f6c0,5813,ogg,minecraft/sounds/random/eat3.ogg,entity.generic.eat,已由Minecraft Java 1.20.1 asset index解析
9f3f75fcb30a6a033d672b9740ebe060c22965f1,9f/9f3f75fcb30a6a033d672b9740ebe060c22965f1,10136,ogg,minecraft/sounds/block/pointed_dripstone/drip_water4.ogg,block.pointed_dripstone.drip_water,已由Minecraft Java 1.20.1 asset index解析
9f61bdb718755ad41f71202c8fef5e993769c028,9f/9f61bdb718755ad41f71202c8fef5e993769c028,5806,ogg,minecraft/sounds/mob/rabbit/idle1.ogg,entity.rabbit.ambient,已由Minecraft Java 1.20.1 asset index解析
9f6f7c5a11aeb75ed6f943b5d9ee02e49a0bf26f,9f/9f6f7c5a11aeb75ed6f943b5d9ee02e49a0bf26f,110028,ogg,minecraft/sounds/block/blastfurnace/blastfurnace5.ogg,block.blastfurnace.fire_crackle;entity.villager.work_armorer,已由Minecraft Java 1.20.1 asset index解析
9f7359689f083bc4184a632ea6169b7a6d95f86c,9f/9f7359689f083bc4184a632ea6169b7a6d95f86c,29539,ogg,minecraft/sounds/mob/axolotl/idle4.ogg,entity.axolotl.idle_water,已由Minecraft Java 1.20.1 asset index解析
9f7a20eb13651875546ba4f461c8b12a87a3e91c,9f/9f7a20eb13651875546ba4f461c8b12a87a3e91c,22539,ogg,minecraft/sounds/mob/warden/hurt_2.ogg,entity.warden.hurt,已由Minecraft Java 1.20.1 asset index解析
9f84f917a09facacf1235eed3fa77789e4554afb,9f/9f84f917a09facacf1235eed3fa77789e4554afb,19683,png,icons/snapshot/icon_256x256.png,,已由Minecraft Java 1.20.1 asset index解析
9f8d13d0b8420cc664241765a841253d02272798,9f/9f8d13d0b8420cc664241765a841253d02272798,13211,ogg,minecraft/sounds/mob/polarbear/death2.ogg,entity.polar_bear.death,已由Minecraft Java 1.20.1 asset index解析
9f910c27c8cf336f211a75830821b0ec6abf6fa9,9f/9f910c27c8cf336f211a75830821b0ec6abf6fa9,9110,ogg,minecraft/sounds/entity/snowman/death3.ogg,entity.snow_golem.death,已由Minecraft Java 1.20.1 asset index解析
9f98eb48a47834f40e18da5fd41c0369ba682220,9f/9f98eb48a47834f40e18da5fd41c0369ba682220,23901,ogg,minecraft/sounds/item/crossbow/quick_charge/quick3_2.ogg,item.crossbow.quick_charge_3,已由Minecraft Java 1.20.1 asset index解析
9f9ffac1600ecdc078e135c92903e6506cf8db58,9f/9f9ffac1600ecdc078e135c92903e6506cf8db58,186848,ogg,minecraft/sounds/ambient/nether/soulsand_valley/mood1.ogg,ambient.soul_sand_valley.mood,已由Minecraft Java 1.20.1 asset index解析
9fa505d6126fe5b5faf7084bce5452afaa02668c,9f/9fa505d6126fe5b5faf7084bce5452afaa02668c,25211,ogg,,,未在Java 1.20.1 asset index中解析（可能来自其他版本/历史缓存）
9fbbbe483a0560a14c633404858048367d8ba037,9f/9fbbbe483a0560a14c633404858048367d8ba037,57087,ogg,minecraft/sounds/block/conduit/attack2.ogg,block.conduit.attack.target,已由Minecraft Java 1.20.1 asset index解析
9fd6d2c633d276b952f2ff2aaa1fa7e5fb5efd2a,9f/9fd6d2c633d276b952f2ff2aaa1fa7e5fb5efd2a,5182,ogg,minecraft/sounds/step/sand5.ogg,block.sand.fall;block.sand.hit;block.sand.step,已由Minecraft Java 1.20.1 asset index解析
9ffb1791e8aba8f266a673abec1846c3bf8fb8cc,9f/9ffb1791e8aba8f266a673abec1846c3bf8fb8cc,4838555,ogg,minecraft/sounds/records/pigstep.ogg,music_disc.pigstep,已由Minecraft Java 1.20.1 asset index解析
